"Address","Occurrences","Indexability","Indexability Status","Canonical Link Element 1","HTTP Canonical","Meta Robots 1","X-Robots-Tag 1","rel=""next"" 1","rel=""prev"" 1","HTTP rel=""next"" 1","HTTP rel=""prev"" 1"
"https://eghiseul.ro/","1","Indexable","","https://eghiseul.ro/","","index, follow","","","","",""
"https://eghiseul.ro/calculator/termene-judiciare/","1","Indexable","","https://eghiseul.ro/calculator/termene-judiciare/","","index, follow","","","","",""
"https://eghiseul.ro/calculator/dividende/","1","Indexable","","https://eghiseul.ro/calculator/dividende/","","index, follow","","","","",""
"https://eghiseul.ro/calculator/salariu/","1","Indexable","","https://eghiseul.ro/calculator/salariu/","","index, follow","","","","",""
"https://eghiseul.ro/servicii/cazier-fiscal-online/","1","Indexable","","https://eghiseul.ro/servicii/cazier-fiscal-online/","","index, follow","","","","",""
"https://eghiseul.ro/calculator/estimare-pensie/","1","Indexable","","https://eghiseul.ro/calculator/estimare-pensie/","","index, follow","","","","",""
"https://eghiseul.ro/servicii/","1","Indexable","","https://eghiseul.ro/servicii/","","index, follow","","","","",""
"https://eghiseul.ro/servicii/extras-multilingv-certificat-casatorie/","1","Indexable","","https://eghiseul.ro/servicii/extras-multilingv-certificat-casatorie/","","index, follow","","","","",""
"https://eghiseul.ro/servicii/extras-de-carte-funciara/","1","Indexable","","https://eghiseul.ro/servicii/extras-de-carte-funciara/","","index, follow","","","","",""
"https://eghiseul.ro/calculator/credit-ipotecar/","1","Indexable","","https://eghiseul.ro/calculator/credit-ipotecar/","","index, follow","","","","",""
"https://eghiseul.ro/servicii/identificare-imobil/","1","Indexable","","https://eghiseul.ro/servicii/identificare-imobil/","","index, follow","","","","",""
"https://eghiseul.ro/servicii/certificat-sarcini/","1","Indexable","","https://eghiseul.ro/servicii/certificat-sarcini/","","index, follow","","","","",""
"https://eghiseul.ro/servicii/certificat-constatator-online/","1","Indexable","","https://eghiseul.ro/servicii/certificat-constatator-online/","","index, follow","","","","",""
"https://eghiseul.ro/termeni-si-conditii/","1","Indexable","","https://eghiseul.ro/termeni-si-conditii/","","index, follow","","","","",""
"https://eghiseul.ro/servicii/copie-carte-funciara/","1","Indexable","","https://eghiseul.ro/servicii/copie-carte-funciara/","","index, follow","","","","",""
"https://eghiseul.ro/servicii/eliberare-certificat-de-casatorie/","1","Indexable","","https://eghiseul.ro/servicii/eliberare-certificat-de-casatorie/","","index, follow","","","","",""
"https://eghiseul.ro/politica-de-anulare/","1","Indexable","","https://eghiseul.ro/politica-de-anulare/","","index, follow","","","","",""
"https://eghiseul.ro/calculator/impozit-casa/","1","Indexable","","https://eghiseul.ro/calculator/impozit-casa/","","index, follow","","","","",""
"https://eghiseul.ro/calculator/indemnizatie-somaj/","1","Indexable","","https://eghiseul.ro/calculator/indemnizatie-somaj/","","index, follow","","","","",""
"https://eghiseul.ro/gdpr/","1","Indexable","","https://eghiseul.ro/gdpr/","","index, follow","","","","",""
"https://eghiseul.ro/calculator/amenda-circulatie/","1","Indexable","","https://eghiseul.ro/calculator/amenda-circulatie/","","index, follow","","","","",""
"https://eghiseul.ro/politica-cookies/","1","Indexable","","https://eghiseul.ro/politica-cookies/","","index, follow","","","","",""
"https://eghiseul.ro/apostila-de-la-haga-ghid-acte-obtinere/","1","Indexable","","https://eghiseul.ro/apostila-de-la-haga-ghid-acte-obtinere/","","index, follow","","","","",""
"https://eghiseul.ro/servicii/certificat-urbanism-informare/","1","Indexable","","https://eghiseul.ro/servicii/certificat-urbanism-informare/","","index, follow","","","","",""
"https://eghiseul.ro/calculator/tva/","1","Indexable","","https://eghiseul.ro/calculator/tva/","","index, follow","","","","",""
"https://eghiseul.ro/calculator/pensie-alimentara/","1","Indexable","","https://eghiseul.ro/calculator/pensie-alimentara/","","index, follow","","","","",""
"https://eghiseul.ro/calculator/calculator-impozit-auto/","1","Indexable","","https://eghiseul.ro/calculator/calculator-impozit-auto/","","index, follow","","","","",""
"https://eghiseul.ro/servicii/cazier-judiciar-online/persoana-fizica/","1","Indexable","","https://eghiseul.ro/servicii/cazier-judiciar-online/persoana-fizica/","","index, follow","","","","",""
"https://eghiseul.ro/calculator/taxe-notariale/","1","Indexable","","https://eghiseul.ro/calculator/taxe-notariale/","","index, follow","","","","",""
"https://eghiseul.ro/schimbare-sediu-social-srl-ghid/","1","Indexable","","https://eghiseul.ro/schimbare-sediu-social-srl-ghid/","","index, follow","","","","",""
"https://eghiseul.ro/calculator/calculator-procente/","1","Indexable","","https://eghiseul.ro/calculator/calculator-procente/","","index, follow","","","","",""
"https://eghiseul.ro/servicii/plan-amplasament-delimitare/","1","Indexable","","https://eghiseul.ro/servicii/plan-amplasament-delimitare/","","index, follow","","","","",""
"https://eghiseul.ro/curs-valutar/","1","Indexable","","https://eghiseul.ro/curs-valutar/","","index, follow","","","","",""
"https://eghiseul.ro/calculator/cat-pot-construi/","1","Indexable","","https://eghiseul.ro/calculator/cat-pot-construi/","","index, follow","","","","",""
"https://eghiseul.ro/calculator/","1","Indexable","","https://eghiseul.ro/calculator/","","index, follow","","","","",""
"https://eghiseul.ro/servicii/cazier-judiciar-online/","1","Indexable","","https://eghiseul.ro/servicii/cazier-judiciar-online/","","index, follow","","","","",""
"https://eghiseul.ro/calculator/jugar-stanjen-in-mp/","1","Indexable","","https://eghiseul.ro/calculator/jugar-stanjen-in-mp/","","index, follow","","","","",""
"https://eghiseul.ro/servicii/rovinieta-online/","1","Indexable","","https://eghiseul.ro/servicii/rovinieta-online/","","index, follow","","","","",""
"https://eghiseul.ro/calculator/concediu-medical/","1","Indexable","","https://eghiseul.ro/calculator/concediu-medical/","","index, follow","","","","",""
"https://eghiseul.ro/servicii/actualizare-adresa-cf/","1","Indexable","","https://eghiseul.ro/servicii/actualizare-adresa-cf/","","index, follow","","","","",""
"https://eghiseul.ro/servicii/eliberare-certificat-de-celibat/","1","Indexable","","https://eghiseul.ro/servicii/eliberare-certificat-de-celibat/","","index, follow","","","","",""
"https://eghiseul.ro/tools/verificare-rovinieta-online/","1","Indexable","","https://eghiseul.ro/tools/verificare-rovinieta-online/","","index, follow","","","","",""
"https://eghiseul.ro/servicii/eliberare-certificat-de-nastere/","1","Indexable","","https://eghiseul.ro/servicii/eliberare-certificat-de-nastere/","","index, follow","","","","",""
"https://eghiseul.ro/politica-de-confidentialitate/","1","Indexable","","https://eghiseul.ro/politica-de-confidentialitate/","","index, follow","","","","",""
"https://eghiseul.ro/servicii/identificare-imobile-proprietar/","1","Indexable","","https://eghiseul.ro/servicii/identificare-imobile-proprietar/","","index, follow","","","","",""
"https://eghiseul.ro/contact/","1","Indexable","","https://eghiseul.ro/contact/","","index, follow","","","","",""
"https://eghiseul.ro/servicii/cazier-auto-online/","1","Indexable","","https://eghiseul.ro/servicii/cazier-auto-online/","","index, follow","","","","",""
"https://eghiseul.ro/calculator/varsta-pensionare/","1","Indexable","","https://eghiseul.ro/calculator/varsta-pensionare/","","index, follow","","","","",""
"https://eghiseul.ro/servicii/extras-plan-cadastral/","1","Indexable","","https://eghiseul.ro/servicii/extras-plan-cadastral/","","index, follow","","","","",""
"https://eghiseul.ro/calculator/valabilitate-documente/","1","Indexable","","https://eghiseul.ro/calculator/valabilitate-documente/","","index, follow","","","","",""
"https://eghiseul.ro/suspendare-activitate-firma-ghid/","1","Indexable","","https://eghiseul.ro/suspendare-activitate-firma-ghid/","","index, follow","","","","",""
"https://eghiseul.ro/servicii/extras-multilingv-certificat-nastere/","1","Indexable","","https://eghiseul.ro/servicii/extras-multilingv-certificat-nastere/","","index, follow","","","","",""
"https://eghiseul.ro/blog/","1","Indexable","","https://eghiseul.ro/blog/","","index, follow","","","","",""
"https://eghiseul.ro/servicii/cazier-judiciar-online/persoana-juridica/","1","Indexable","","https://eghiseul.ro/servicii/cazier-judiciar-online/persoana-juridica/","","index, follow","","","","",""
"https://eghiseul.ro/servicii/certificat-de-integritate-comportamentala/","1","Indexable","","https://eghiseul.ro/servicii/certificat-de-integritate-comportamentala/","","index, follow","","","","",""
"https://eghiseul.ro/totul-despre-cartea-funciara-colectiva/","1","Indexable","","https://eghiseul.ro/totul-despre-cartea-funciara-colectiva/","","index, follow","","","","",""
"https://eghiseul.ro/inregistrare-nastere-copil-nou-nascut/","1","Indexable","","https://eghiseul.ro/inregistrare-nastere-copil-nou-nascut/","","index, follow","","","","",""
"https://eghiseul.ro/ghid-complet-certificat-de-integritate-comportamentala/","1","Indexable","","https://eghiseul.ro/ghid-complet-certificat-de-integritate-comportamentala/","","index, follow","","","","",""
"https://eghiseul.ro/verificare-proprietar-imobil/","1","Indexable","","https://eghiseul.ro/verificare-proprietar-imobil/","","index, follow","","","","",""
"https://eghiseul.ro/ce-este-un-releveu/","1","Indexable","","https://eghiseul.ro/ce-este-un-releveu/","","index, follow","","","","",""
"https://eghiseul.ro/valabilitate-certificat-de-celibat/","1","Indexable","","https://eghiseul.ro/valabilitate-certificat-de-celibat/","","index, follow","","","","",""
"https://eghiseul.ro/calculator/reabilitare/","1","Indexable","","https://eghiseul.ro/calculator/reabilitare/","","index, follow","","","","",""
"https://eghiseul.ro/calculator/taxa-judiciara-de-timbru/","1","Indexable","","https://eghiseul.ro/calculator/taxa-judiciara-de-timbru/","","index, follow","","","","",""
"https://eghiseul.ro/calculator/contributii-pfa/","1","Indexable","","https://eghiseul.ro/calculator/contributii-pfa/","","index, follow","","","","",""
"https://eghiseul.ro/calculator/impozit-chirie/","1","Indexable","","https://eghiseul.ro/calculator/impozit-chirie/","","index, follow","","","","",""
"https://eghiseul.ro/calculator/taxe-srl/","1","Indexable","","https://eghiseul.ro/calculator/taxe-srl/","","index, follow","","","","",""
"https://eghiseul.ro/cazier-fiscal-persoana-fizica/","1","Indexable","","https://eghiseul.ro/cazier-fiscal-persoana-fizica/","","index, follow","","","","",""
"https://eghiseul.ro/servicii/certificat-detineri-imobile/","1","Indexable","","https://eghiseul.ro/servicii/certificat-detineri-imobile/","","index, follow","","","","",""
"https://eghiseul.ro/servicii/copie-plan-cadastral/","1","Indexable","","https://eghiseul.ro/servicii/copie-plan-cadastral/","","index, follow","","","","",""
"https://eghiseul.ro/servicii/copie-intabulare/","1","Indexable","","https://eghiseul.ro/servicii/copie-intabulare/","","index, follow","","","","",""
"https://eghiseul.ro/servicii/copie-inventar-coordonate/","1","Indexable","","https://eghiseul.ro/servicii/copie-inventar-coordonate/","","index, follow","","","","",""
"https://eghiseul.ro/servicii/copie-plan-incadrare/","1","Indexable","","https://eghiseul.ro/servicii/copie-plan-incadrare/","","index, follow","","","","",""
"https://eghiseul.ro/calculator/impozit-pensie/","1","Indexable","","https://eghiseul.ro/calculator/impozit-pensie/","","index, follow","","","","",""
"https://eghiseul.ro/servicii/extras-cf-colectiv/","1","Indexable","","https://eghiseul.ro/servicii/extras-cf-colectiv/","","index, follow","","","","",""
"https://eghiseul.ro/servicii/copie-contract-vanzare/","1","Indexable","","https://eghiseul.ro/servicii/copie-contract-vanzare/","","index, follow","","","","",""
"https://eghiseul.ro/transcriere-certificat-de-casatorie/","1","Indexable","","https://eghiseul.ro/transcriere-certificat-de-casatorie/","","index, follow","","","","",""
"https://eghiseul.ro/duplicat-certificat-de-casatorie/","1","Indexable","","https://eghiseul.ro/duplicat-certificat-de-casatorie/","","index, follow","","","","",""
"https://eghiseul.ro/servicii/copie-releveu/","1","Indexable","","https://eghiseul.ro/servicii/copie-releveu/","","index, follow","","","","",""
"https://eghiseul.ro/servicii/copie-arhiva-ocpi/","1","Indexable","","https://eghiseul.ro/servicii/copie-arhiva-ocpi/","","index, follow","","","","",""
"https://eghiseul.ro/servicii/extras-de-carte-funciara/harghita/","1","Indexable","","https://eghiseul.ro/servicii/extras-de-carte-funciara/harghita/","","index, follow","","","","",""
"https://eghiseul.ro/servicii/extras-de-carte-funciara/hunedoara/","1","Indexable","","https://eghiseul.ro/servicii/extras-de-carte-funciara/hunedoara/","","index, follow","","","","",""
"https://eghiseul.ro/servicii/extras-de-carte-funciara/constanta/","1","Indexable","","https://eghiseul.ro/servicii/extras-de-carte-funciara/constanta/","","index, follow","","","","",""
"https://eghiseul.ro/servicii/extras-de-carte-funciara/vaslui/","1","Indexable","","https://eghiseul.ro/servicii/extras-de-carte-funciara/vaslui/","","index, follow","","","","",""
"https://eghiseul.ro/servicii/extras-de-carte-funciara/valcea/","1","Indexable","","https://eghiseul.ro/servicii/extras-de-carte-funciara/valcea/","","index, follow","","","","",""
"https://eghiseul.ro/servicii/extras-de-carte-funciara/dambovita/","1","Indexable","","https://eghiseul.ro/servicii/extras-de-carte-funciara/dambovita/","","index, follow","","","","",""
"https://eghiseul.ro/servicii/extras-de-carte-funciara/gorj/","1","Indexable","","https://eghiseul.ro/servicii/extras-de-carte-funciara/gorj/","","index, follow","","","","",""
"https://eghiseul.ro/servicii/extras-de-carte-funciara/arad/","1","Indexable","","https://eghiseul.ro/servicii/extras-de-carte-funciara/arad/","","index, follow","","","","",""
"https://eghiseul.ro/servicii/extras-de-carte-funciara/brasov/","1","Indexable","","https://eghiseul.ro/servicii/extras-de-carte-funciara/brasov/","","index, follow","","","","",""
"https://eghiseul.ro/servicii/extras-de-carte-funciara/maramures/","1","Indexable","","https://eghiseul.ro/servicii/extras-de-carte-funciara/maramures/","","index, follow","","","","",""
"https://eghiseul.ro/servicii/extras-de-carte-funciara/giurgiu/","1","Indexable","","https://eghiseul.ro/servicii/extras-de-carte-funciara/giurgiu/","","index, follow","","","","",""
"https://eghiseul.ro/servicii/extras-de-carte-funciara/botosani/","1","Indexable","","https://eghiseul.ro/servicii/extras-de-carte-funciara/botosani/","","index, follow","","","","",""
"https://eghiseul.ro/servicii/extras-de-carte-funciara/iasi/","1","Indexable","","https://eghiseul.ro/servicii/extras-de-carte-funciara/iasi/","","index, follow","","","","",""
"https://eghiseul.ro/servicii/extras-de-carte-funciara/sibiu/","1","Indexable","","https://eghiseul.ro/servicii/extras-de-carte-funciara/sibiu/","","index, follow","","","","",""
"https://eghiseul.ro/extras-carte-funciara-gratuit/","1","Indexable","","https://eghiseul.ro/extras-carte-funciara-gratuit/","","index, follow","","","","",""
"https://eghiseul.ro/servicii/extras-de-carte-funciara/olt/","1","Indexable","","https://eghiseul.ro/servicii/extras-de-carte-funciara/olt/","","index, follow","","","","",""
"https://eghiseul.ro/ce-este-planul-cadastral/","1","Indexable","","https://eghiseul.ro/ce-este-planul-cadastral/","","index, follow","","","","",""
"https://eghiseul.ro/servicii/extras-de-carte-funciara/neamt/","1","Indexable","","https://eghiseul.ro/servicii/extras-de-carte-funciara/neamt/","","index, follow","","","","",""
"https://eghiseul.ro/servicii/extras-de-carte-funciara/ialomita/","1","Indexable","","https://eghiseul.ro/servicii/extras-de-carte-funciara/ialomita/","","index, follow","","","","",""
"https://eghiseul.ro/servicii/extras-de-carte-funciara/cluj/","1","Indexable","","https://eghiseul.ro/servicii/extras-de-carte-funciara/cluj/","","index, follow","","","","",""
"https://eghiseul.ro/servicii/extras-de-carte-funciara/alba/","1","Indexable","","https://eghiseul.ro/servicii/extras-de-carte-funciara/alba/","","index, follow","","","","",""
"https://eghiseul.ro/servicii/extras-de-carte-funciara/mehedinti/","1","Indexable","","https://eghiseul.ro/servicii/extras-de-carte-funciara/mehedinti/","","index, follow","","","","",""
"https://eghiseul.ro/servicii/extras-de-carte-funciara/galati/","1","Indexable","","https://eghiseul.ro/servicii/extras-de-carte-funciara/galati/","","index, follow","","","","",""
"https://eghiseul.ro/servicii/extras-de-carte-funciara/timis/","1","Indexable","","https://eghiseul.ro/servicii/extras-de-carte-funciara/timis/","","index, follow","","","","",""
"https://eghiseul.ro/servicii/extras-de-carte-funciara/caras-severin/","1","Indexable","","https://eghiseul.ro/servicii/extras-de-carte-funciara/caras-severin/","","index, follow","","","","",""
"https://eghiseul.ro/servicii/extras-de-carte-funciara/bacau/","1","Indexable","","https://eghiseul.ro/servicii/extras-de-carte-funciara/bacau/","","index, follow","","","","",""
"https://eghiseul.ro/servicii/extras-de-carte-funciara/covasna/","1","Indexable","","https://eghiseul.ro/servicii/extras-de-carte-funciara/covasna/","","index, follow","","","","",""
"https://eghiseul.ro/servicii/extras-de-carte-funciara/buzau/","1","Indexable","","https://eghiseul.ro/servicii/extras-de-carte-funciara/buzau/","","index, follow","","","","",""
"https://eghiseul.ro/servicii/extras-de-carte-funciara/dolj/","1","Indexable","","https://eghiseul.ro/servicii/extras-de-carte-funciara/dolj/","","index, follow","","","","",""
"https://eghiseul.ro/valabilitate-extras-de-carte-funciara/","1","Indexable","","https://eghiseul.ro/valabilitate-extras-de-carte-funciara/","","index, follow","","","","",""
"https://eghiseul.ro/servicii/extras-de-carte-funciara/ilfov/","1","Indexable","","https://eghiseul.ro/servicii/extras-de-carte-funciara/ilfov/","","index, follow","","","","",""
"https://eghiseul.ro/servicii/extras-de-carte-funciara/tulcea/","1","Indexable","","https://eghiseul.ro/servicii/extras-de-carte-funciara/tulcea/","","index, follow","","","","",""
"https://eghiseul.ro/servicii/extras-de-carte-funciara/satu-mare/","1","Indexable","","https://eghiseul.ro/servicii/extras-de-carte-funciara/satu-mare/","","index, follow","","","","",""
"https://eghiseul.ro/servicii/extras-de-carte-funciara/teleorman/","1","Indexable","","https://eghiseul.ro/servicii/extras-de-carte-funciara/teleorman/","","index, follow","","","","",""
"https://eghiseul.ro/servicii/extras-de-carte-funciara/vrancea/","1","Indexable","","https://eghiseul.ro/servicii/extras-de-carte-funciara/vrancea/","","index, follow","","","","",""
"https://eghiseul.ro/servicii/extras-de-carte-funciara/bistrita-nasaud/","1","Indexable","","https://eghiseul.ro/servicii/extras-de-carte-funciara/bistrita-nasaud/","","index, follow","","","","",""
"https://eghiseul.ro/servicii/extras-de-carte-funciara/arges/","1","Indexable","","https://eghiseul.ro/servicii/extras-de-carte-funciara/arges/","","index, follow","","","","",""
"https://eghiseul.ro/servicii/extras-de-carte-funciara/mures/","1","Indexable","","https://eghiseul.ro/servicii/extras-de-carte-funciara/mures/","","index, follow","","","","",""
"https://eghiseul.ro/servicii/extras-de-carte-funciara/bihor/","1","Indexable","","https://eghiseul.ro/servicii/extras-de-carte-funciara/bihor/","","index, follow","","","","",""
"https://eghiseul.ro/servicii/extras-de-carte-funciara/suceava/","1","Indexable","","https://eghiseul.ro/servicii/extras-de-carte-funciara/suceava/","","index, follow","","","","",""
"https://eghiseul.ro/servicii/extras-de-carte-funciara/braila/","1","Indexable","","https://eghiseul.ro/servicii/extras-de-carte-funciara/braila/","","index, follow","","","","",""
"https://eghiseul.ro/servicii/extras-de-carte-funciara/prahova/","1","Indexable","","https://eghiseul.ro/servicii/extras-de-carte-funciara/prahova/","","index, follow","","","","",""
"https://eghiseul.ro/tabel-varsta-pensionare-anticipata-femei/","1","Indexable","","https://eghiseul.ro/tabel-varsta-pensionare-anticipata-femei/","","index, follow","","","","",""
"https://eghiseul.ro/cum-aflam-numarul-carte-functionara-si-nr-cadastral/","1","Indexable","","https://eghiseul.ro/cum-aflam-numarul-carte-functionara-si-nr-cadastral/","","index, follow","","","","",""
"https://eghiseul.ro/servicii/extras-de-carte-funciara/calarasi/","1","Indexable","","https://eghiseul.ro/servicii/extras-de-carte-funciara/calarasi/","","index, follow","","","","",""
"https://eghiseul.ro/certificat-constatator-pentru-fonduri-europene/","1","Indexable","","https://eghiseul.ro/certificat-constatator-pentru-fonduri-europene/","","index, follow","","","","",""
"https://eghiseul.ro/cazier-fiscal-fara-spv/","1","Indexable","","https://eghiseul.ro/cazier-fiscal-fara-spv/","","index, follow","","","","",""
"https://eghiseul.ro/sms-fals-amenda-ghiseul-ro/","1","Indexable","","https://eghiseul.ro/sms-fals-amenda-ghiseul-ro/","","index, follow","","","","",""
"https://eghiseul.ro/certificat-constatator-pentru-notar/","1","Indexable","","https://eghiseul.ro/certificat-constatator-pentru-notar/","","index, follow","","","","",""
"https://eghiseul.ro/cazier-si-certificat-de-integritate-pentru-profesori/","1","Indexable","","https://eghiseul.ro/cazier-si-certificat-de-integritate-pentru-profesori/","","index, follow","","","","",""
"https://eghiseul.ro/certificat-constatator-pentru-banca/","1","Indexable","","https://eghiseul.ro/certificat-constatator-pentru-banca/","","index, follow","","","","",""
"https://eghiseul.ro/cazier-judiciar-vs-certificat-integritate-comportamentala/","1","Indexable","","https://eghiseul.ro/cazier-judiciar-vs-certificat-integritate-comportamentala/","","index, follow","","","","",""
"https://eghiseul.ro/verificare-cazier-fiscal/","1","Indexable","","https://eghiseul.ro/verificare-cazier-fiscal/","","index, follow","","","","",""
"https://eghiseul.ro/ancpi-nu-functioneaza/","1","Indexable","","https://eghiseul.ro/ancpi-nu-functioneaza/","","index, follow","","","","",""
"https://eghiseul.ro/cazier-fiscal-firma/","1","Indexable","","https://eghiseul.ro/cazier-fiscal-firma/","","index, follow","","","","",""
"https://eghiseul.ro/tva-9-locuinte-31-iulie-2026/","1","Indexable","","https://eghiseul.ro/tva-9-locuinte-31-iulie-2026/","","index, follow","","","","",""
"https://eghiseul.ro/certificat-de-nastere-pentru-buletin-pasaport/","1","Indexable","","https://eghiseul.ro/certificat-de-nastere-pentru-buletin-pasaport/","","index, follow","","","","",""
"https://eghiseul.ro/acte-necesare-casatorie/","1","Indexable","","https://eghiseul.ro/acte-necesare-casatorie/","","index, follow","","","","",""
"https://eghiseul.ro/certificat-constatator-pentru-licitatie/","1","Indexable","","https://eghiseul.ro/certificat-constatator-pentru-licitatie/","","index, follow","","","","",""
"https://eghiseul.ro/amenda-rovinieta-2025-tarife-plata-online-ghid-complet/","1","Indexable","","https://eghiseul.ro/amenda-rovinieta-2025-tarife-plata-online-ghid-complet/","","index, follow","","","","",""
"https://eghiseul.ro/cazier-judiciar-online-gratuit/","1","Indexable","","https://eghiseul.ro/cazier-judiciar-online-gratuit/","","index, follow","","","","",""
"https://eghiseul.ro/anii-lucrati-in-strainatate-se-pun-la-pensie-in-romania/","1","Indexable","","https://eghiseul.ro/anii-lucrati-in-strainatate-se-pun-la-pensie-in-romania/","","index, follow","","","","",""
"https://eghiseul.ro/extras-de-carte-funciara-pentru-casa-verde/","1","Indexable","","https://eghiseul.ro/extras-de-carte-funciara-pentru-casa-verde/","","index, follow","","","","",""
"https://eghiseul.ro/certificat-de-celibat/","1","Indexable","","https://eghiseul.ro/certificat-de-celibat/","","index, follow","","","","",""
"https://eghiseul.ro/cat-costa-cadastrul-si-intabularea/","1","Indexable","","https://eghiseul.ro/cat-costa-cadastrul-si-intabularea/","","index, follow","","","","",""
"https://eghiseul.ro/informatii-cazier-auto-online/","1","Indexable","","https://eghiseul.ro/informatii-cazier-auto-online/","","index, follow","","","","",""
"https://eghiseul.ro/transcriere-certificat-de-nastere/","1","Indexable","","https://eghiseul.ro/transcriere-certificat-de-nastere/","","index, follow","","","","",""
"https://eghiseul.ro/duplicat-certificat-de-nastere/","1","Indexable","","https://eghiseul.ro/duplicat-certificat-de-nastere/","","index, follow","","","","",""
"https://eghiseul.ro/certificat-de-nastere-pierdut/","1","Indexable","","https://eghiseul.ro/certificat-de-nastere-pierdut/","","index, follow","","","","",""
"https://eghiseul.ro/tools/","1","Indexable","","https://eghiseul.ro/tools/","","index, follow","","","","",""
"https://eghiseul.ro/schimbare-certificat-de-nastere-vechi/","1","Indexable","","https://eghiseul.ro/schimbare-certificat-de-nastere-vechi/","","index, follow","","","","",""
"https://eghiseul.ro/taxa-cazier-judiciar/","1","Indexable","","https://eghiseul.ro/taxa-cazier-judiciar/","","index, follow","","","","",""
"https://eghiseul.ro/acte-necesare-certificat-de-nastere/","1","Indexable","","https://eghiseul.ro/acte-necesare-certificat-de-nastere/","","index, follow","","","","",""
"https://eghiseul.ro/servicii/cazier-judiciar-online/piatra-neamt/","1","Indexable","","https://eghiseul.ro/servicii/cazier-judiciar-online/piatra-neamt/","","index, follow","","","","",""
"https://eghiseul.ro/servicii/cazier-judiciar-online/targu-mures/","1","Non-Indexable","noindex","https://eghiseul.ro/servicii/cazier-judiciar-online/targu-mures/","","noindex, follow","","","","",""
"https://eghiseul.ro/servicii/cazier-judiciar-online/resita/","1","Non-Indexable","noindex","https://eghiseul.ro/servicii/cazier-judiciar-online/resita/","","noindex, follow","","","","",""
"https://eghiseul.ro/servicii/cazier-judiciar-online/bucuresti/","1","Non-Indexable","noindex","https://eghiseul.ro/servicii/cazier-judiciar-online/bucuresti/","","noindex, follow","","","","",""
"https://eghiseul.ro/servicii/cazier-judiciar-online/slatina/","1","Non-Indexable","noindex","https://eghiseul.ro/servicii/cazier-judiciar-online/slatina/","","noindex, follow","","","","",""
"https://eghiseul.ro/servicii/cazier-judiciar-online/tulcea/","1","Non-Indexable","noindex","https://eghiseul.ro/servicii/cazier-judiciar-online/tulcea/","","noindex, follow","","","","",""
"https://eghiseul.ro/servicii/cazier-judiciar-online/satu-mare/","1","Indexable","","https://eghiseul.ro/servicii/cazier-judiciar-online/satu-mare/","","index, follow","","","","",""
"https://eghiseul.ro/servicii/cazier-judiciar-online/buzau/","1","Non-Indexable","noindex","https://eghiseul.ro/servicii/cazier-judiciar-online/buzau/","","noindex, follow","","","","",""
"https://eghiseul.ro/servicii/cazier-judiciar-online/suceava/","1","Non-Indexable","noindex","https://eghiseul.ro/servicii/cazier-judiciar-online/suceava/","","noindex, follow","","","","",""
"https://eghiseul.ro/servicii/cazier-judiciar-online/turda/","1","Non-Indexable","noindex","https://eghiseul.ro/servicii/cazier-judiciar-online/turda/","","noindex, follow","","","","",""
"https://eghiseul.ro/servicii/cazier-judiciar-online/timisoara/","1","Indexable","","https://eghiseul.ro/servicii/cazier-judiciar-online/timisoara/","","index, follow","","","","",""
"https://eghiseul.ro/servicii/cazier-judiciar-online/bistrita/","1","Non-Indexable","noindex","https://eghiseul.ro/servicii/cazier-judiciar-online/bistrita/","","noindex, follow","","","","",""
"https://eghiseul.ro/servicii/cazier-judiciar-online/cluj-napoca/","1","Indexable","","https://eghiseul.ro/servicii/cazier-judiciar-online/cluj-napoca/","","index, follow","","","","",""
"https://eghiseul.ro/servicii/cazier-judiciar-online/alexandria/","1","Non-Indexable","noindex","https://eghiseul.ro/servicii/cazier-judiciar-online/alexandria/","","noindex, follow","","","","",""
"https://eghiseul.ro/servicii/cazier-judiciar-online/sibiu/","1","Non-Indexable","noindex","https://eghiseul.ro/servicii/cazier-judiciar-online/sibiu/","","noindex, follow","","","","",""
"https://eghiseul.ro/servicii/cazier-judiciar-online/ramnicu-valcea/","1","Indexable","","https://eghiseul.ro/servicii/cazier-judiciar-online/ramnicu-valcea/","","index, follow","","","","",""
"https://eghiseul.ro/servicii/cazier-judiciar-online/braila/","1","Non-Indexable","noindex","https://eghiseul.ro/servicii/cazier-judiciar-online/braila/","","noindex, follow","","","","",""
"https://eghiseul.ro/servicii/cazier-judiciar-online/onesti/","1","Non-Indexable","noindex","https://eghiseul.ro/servicii/cazier-judiciar-online/onesti/","","noindex, follow","","","","",""
"https://eghiseul.ro/servicii/cazier-judiciar-online/oradea/","1","Non-Indexable","noindex","https://eghiseul.ro/servicii/cazier-judiciar-online/oradea/","","noindex, follow","","","","",""
"https://eghiseul.ro/servicii/cazier-judiciar-online/miercurea-ciuc/","1","Non-Indexable","noindex","https://eghiseul.ro/servicii/cazier-judiciar-online/miercurea-ciuc/","","noindex, follow","","","","",""
"https://eghiseul.ro/servicii/cazier-judiciar-online/targu-jiu/","1","Non-Indexable","noindex","https://eghiseul.ro/servicii/cazier-judiciar-online/targu-jiu/","","noindex, follow","","","","",""
"https://eghiseul.ro/servicii/cazier-judiciar-online/alba-iulia/","1","Non-Indexable","noindex","https://eghiseul.ro/servicii/cazier-judiciar-online/alba-iulia/","","noindex, follow","","","","",""
"https://eghiseul.ro/servicii/cazier-judiciar-online/brasov/","1","Non-Indexable","noindex","https://eghiseul.ro/servicii/cazier-judiciar-online/brasov/","","noindex, follow","","","","",""
"https://eghiseul.ro/servicii/cazier-judiciar-online/constanta/","1","Indexable","","https://eghiseul.ro/servicii/cazier-judiciar-online/constanta/","","index, follow","","","","",""
"https://eghiseul.ro/servicii/cazier-judiciar-online/vaslui/","1","Non-Indexable","noindex","https://eghiseul.ro/servicii/cazier-judiciar-online/vaslui/","","noindex, follow","","","","",""
"https://eghiseul.ro/servicii/cazier-judiciar-online/giurgiu/","1","Non-Indexable","noindex","https://eghiseul.ro/servicii/cazier-judiciar-online/giurgiu/","","noindex, follow","","","","",""
"https://eghiseul.ro/servicii/cazier-judiciar-online/sfantu-gheorghe/","1","Non-Indexable","noindex","https://eghiseul.ro/servicii/cazier-judiciar-online/sfantu-gheorghe/","","noindex, follow","","","","",""
"https://eghiseul.ro/servicii/cazier-judiciar-online/lugoj/","1","Non-Indexable","noindex","https://eghiseul.ro/servicii/cazier-judiciar-online/lugoj/","","noindex, follow","","","","",""
"https://eghiseul.ro/servicii/cazier-judiciar-online/pitesti/","1","Non-Indexable","noindex","https://eghiseul.ro/servicii/cazier-judiciar-online/pitesti/","","noindex, follow","","","","",""
"https://eghiseul.ro/servicii/cazier-judiciar-online/zalau/","1","Non-Indexable","noindex","https://eghiseul.ro/servicii/cazier-judiciar-online/zalau/","","noindex, follow","","","","",""
"https://eghiseul.ro/servicii/cazier-judiciar-online/slobozia/","1","Non-Indexable","noindex","https://eghiseul.ro/servicii/cazier-judiciar-online/slobozia/","","noindex, follow","","","","",""
"https://eghiseul.ro/servicii/cazier-judiciar-online/sebes/","1","Non-Indexable","noindex","https://eghiseul.ro/servicii/cazier-judiciar-online/sebes/","","noindex, follow","","","","",""
"https://eghiseul.ro/servicii/cazier-judiciar-online/targoviste/","1","Non-Indexable","noindex","https://eghiseul.ro/servicii/cazier-judiciar-online/targoviste/","","noindex, follow","","","","",""
"https://eghiseul.ro/servicii/cazier-judiciar-online/baia-mare/","1","Non-Indexable","noindex","https://eghiseul.ro/servicii/cazier-judiciar-online/baia-mare/","","noindex, follow","","","","",""
"https://eghiseul.ro/servicii/cazier-judiciar-online/focsani/","1","Indexable","","https://eghiseul.ro/servicii/cazier-judiciar-online/focsani/","","index, follow","","","","",""
"https://eghiseul.ro/servicii/cazier-judiciar-online/bacau/","1","Non-Indexable","noindex","https://eghiseul.ro/servicii/cazier-judiciar-online/bacau/","","noindex, follow","","","","",""
"https://eghiseul.ro/servicii/cazier-judiciar-online/ploiesti/","1","Non-Indexable","noindex","https://eghiseul.ro/servicii/cazier-judiciar-online/ploiesti/","","noindex, follow","","","","",""
"https://eghiseul.ro/servicii/cazier-judiciar-online/calarasi/","1","Non-Indexable","noindex","https://eghiseul.ro/servicii/cazier-judiciar-online/calarasi/","","noindex, follow","","","","",""
"https://eghiseul.ro/servicii/cazier-judiciar-online/barlad/","1","Non-Indexable","noindex","https://eghiseul.ro/servicii/cazier-judiciar-online/barlad/","","noindex, follow","","","","",""
"https://eghiseul.ro/servicii/cazier-judiciar-online/galati/","1","Non-Indexable","noindex","https://eghiseul.ro/servicii/cazier-judiciar-online/galati/","","noindex, follow","","","","",""
"https://eghiseul.ro/servicii/cazier-judiciar-online/iasi/","1","Indexable","","https://eghiseul.ro/servicii/cazier-judiciar-online/iasi/","","index, follow","","","","",""
"https://eghiseul.ro/servicii/cazier-judiciar-online/drobeta-turnu-severin/","1","Non-Indexable","noindex","https://eghiseul.ro/servicii/cazier-judiciar-online/drobeta-turnu-severin/","","noindex, follow","","","","",""
"https://eghiseul.ro/servicii/cazier-judiciar-online/craiova/","1","Non-Indexable","noindex","https://eghiseul.ro/servicii/cazier-judiciar-online/craiova/","","noindex, follow","","","","",""
"https://eghiseul.ro/servicii/cazier-judiciar-online/botosani/","1","Non-Indexable","noindex","https://eghiseul.ro/servicii/cazier-judiciar-online/botosani/","","noindex, follow","","","","",""
"https://eghiseul.ro/servicii/cazier-judiciar-online/medias/","1","Non-Indexable","noindex","https://eghiseul.ro/servicii/cazier-judiciar-online/medias/","","noindex, follow","","","","",""
"https://eghiseul.ro/servicii/cazier-judiciar-online/arad/","1","Non-Indexable","noindex","https://eghiseul.ro/servicii/cazier-judiciar-online/arad/","","noindex, follow","","","","",""
"https://eghiseul.ro/calculator/grad-indatorare/","1","Indexable","","https://eghiseul.ro/calculator/grad-indatorare/","","index, follow","","","","",""
"https://eghiseul.ro/calculator/zile-concediu-odihna/","1","Indexable","","https://eghiseul.ro/calculator/zile-concediu-odihna/","","index, follow","","","","",""
"https://eghiseul.ro/calculator/diurna/","1","Indexable","","https://eghiseul.ro/calculator/diurna/","","index, follow","","","","",""
"https://eghiseul.ro/calculator/concediu-paternal/","1","Indexable","","https://eghiseul.ro/calculator/concediu-paternal/","","index, follow","","","","",""
"https://eghiseul.ro/calculator/cost-cadastru-intabulare/","1","Indexable","","https://eghiseul.ro/calculator/cost-cadastru-intabulare/","","index, follow","","","","",""
"https://eghiseul.ro/calculator/zile-lucratoare/","1","Indexable","","https://eghiseul.ro/calculator/zile-lucratoare/","","index, follow","","","","",""
"https://eghiseul.ro/calculator/calculator-data/","1","Indexable","","https://eghiseul.ro/calculator/calculator-data/","","index, follow","","","","",""
"https://eghiseul.ro/calculator/dobanda-legala/","1","Indexable","","https://eghiseul.ro/calculator/dobanda-legala/","","index, follow","","","","",""
"https://eghiseul.ro/calculator/concediu-maternitate/","1","Indexable","","https://eghiseul.ro/calculator/concediu-maternitate/","","index, follow","","","","",""
"https://eghiseul.ro/calculator/pensie-invaliditate/","1","Indexable","","https://eghiseul.ro/calculator/pensie-invaliditate/","","index, follow","","","","",""
"https://eghiseul.ro/servicii/cazier-judiciar-online/deva/","1","Non-Indexable","noindex","https://eghiseul.ro/servicii/cazier-judiciar-online/deva/","","noindex, follow","","","","",""
"https://eghiseul.ro/servicii/cazier-judiciar-online/ilfov/","1","Non-Indexable","noindex","https://eghiseul.ro/servicii/cazier-judiciar-online/ilfov/","","noindex, follow","","","","",""
"https://eghiseul.ro/calculator/spor-salarial/","1","Indexable","","https://eghiseul.ro/calculator/spor-salarial/","","index, follow","","","","",""
"https://eghiseul.ro/calculator/inflatie/","1","Indexable","","https://eghiseul.ro/calculator/inflatie/","","index, follow","","","","",""
"https://eghiseul.ro/calculator/calculator-indemnizatie-crestere-copil/","1","Indexable","","https://eghiseul.ro/calculator/calculator-indemnizatie-crestere-copil/","","index, follow","","","","",""
"https://eghiseul.ro/cat-poti-construi-pe-teren/","1","Indexable","","https://eghiseul.ro/cat-poti-construi-pe-teren/","","index, follow","","","","",""
"https://eghiseul.ro/radiere-firma-srl-ghid/","1","Indexable","","https://eghiseul.ro/radiere-firma-srl-ghid/","","index, follow","","","","",""
"https://eghiseul.ro/certificat-de-celibat-pentru-casatorie-in-strainatate/","1","Indexable","","https://eghiseul.ro/certificat-de-celibat-pentru-casatorie-in-strainatate/","","index, follow","","","","",""
"https://eghiseul.ro/certificat-de-nastere-din-strainatate/","1","Indexable","","https://eghiseul.ro/certificat-de-nastere-din-strainatate/","","index, follow","","","","",""
"https://eghiseul.ro/calculator/penalitati-anaf/","1","Indexable","","https://eghiseul.ro/calculator/penalitati-anaf/","","index, follow","","","","",""
"https://eghiseul.ro/cum-vor-arata-documentele-de-stare-civila-2025/","1","Indexable","","https://eghiseul.ro/cum-vor-arata-documentele-de-stare-civila-2025/","","index, follow","","","","",""
"https://eghiseul.ro/calculator/vechime-in-munca/","1","Indexable","","https://eghiseul.ro/calculator/vechime-in-munca/","","index, follow","","","","",""
"https://eghiseul.ro/model-certificat-de-casatorie/","1","Indexable","","https://eghiseul.ro/model-certificat-de-casatorie/","","index, follow","","","","",""
"https://eghiseul.ro/certificat-constatator-de-baza/","1","Indexable","","https://eghiseul.ro/certificat-constatator-de-baza/","","index, follow","","","","",""
"https://eghiseul.ro/eliberare-certificat-constatator-onrc-ghid/","1","Indexable","","https://eghiseul.ro/eliberare-certificat-constatator-onrc-ghid/","","index, follow","","","","",""
"https://eghiseul.ro/cele-4-tipuri-de-certificat-constatator-online/","1","Indexable","","https://eghiseul.ro/cele-4-tipuri-de-certificat-constatator-online/","","index, follow","","","","",""
"https://eghiseul.ro/certificat-constatator-cu-istoric/","1","Indexable","","https://eghiseul.ro/certificat-constatator-cu-istoric/","","index, follow","","","","",""
"https://eghiseul.ro/certificat-constatator-pfa/","1","Indexable","","https://eghiseul.ro/certificat-constatator-pfa/","","index, follow","","","","",""
"https://eghiseul.ro/rolul-si-atributiile-onrc-romania/","1","Indexable","","https://eghiseul.ro/rolul-si-atributiile-onrc-romania/","","index, follow","","","","",""
"https://eghiseul.ro/certificat-constatator-insolventa/","1","Indexable","","https://eghiseul.ro/certificat-constatator-insolventa/","","index, follow","","","","",""
"https://eghiseul.ro/servicii/extras-de-carte-funciara/bucuresti/","1","Indexable","","https://eghiseul.ro/servicii/extras-de-carte-funciara/bucuresti/","","index, follow","","","","",""
"https://eghiseul.ro/servicii/extras-de-carte-funciara/salaj/","1","Indexable","","https://eghiseul.ro/servicii/extras-de-carte-funciara/salaj/","","index, follow","","","","",""
"https://eghiseul.ro/calculator/rambursare-anticipata/","1","Indexable","","https://eghiseul.ro/calculator/rambursare-anticipata/","","index, follow","","","","",""
"https://eghiseul.ro/embed/ancpi/","0","Non-Indexable","noindex","","","noindex","","","","",""
"https://eghiseul.ro/ancpi-nu-functioneaza/?utm_source=embed&utm_medium=widget&utm_campaign=ancpi-status","1","Non-Indexable","Canonicalised","https://eghiseul.ro/ancpi-nu-functioneaza/","","index, follow","","","","",""
