"Address","Occurrences","Meta Robots 1","Meta Robots 2","X-Robots-Tag 1","Meta Refresh 1","Canonical Link Element 1","HTTP Canonical","Indexability","Indexability Status"
"https://eghiseul.ro/","1","index, follow","","","","https://eghiseul.ro/","","Indexable",""
"https://eghiseul.ro/calculator/termene-judiciare/","2","index, follow","index, follow, max-video-preview:-1, max-image-preview:large, max-snippet:-1","","","https://eghiseul.ro/calculator/termene-judiciare/","","Indexable",""
"https://eghiseul.ro/images/footer/payment-methods.webp","0","","","","","","","Indexable",""
"https://eghiseul.ro/_next/static/chunks/acad58d717cd3172.css?dpl=dpl_67tH8DnrrsjBhYi55ERePfEYAbMi","0","","","","","","","Indexable",""
"https://eghiseul.ro/calculator/dividende/","2","index, follow","index, follow, max-video-preview:-1, max-image-preview:large, max-snippet:-1","","","https://eghiseul.ro/calculator/dividende/","","Indexable",""
"https://eghiseul.ro/calculator/salariu/","2","index, follow","index, follow, max-video-preview:-1, max-image-preview:large, max-snippet:-1","","","https://eghiseul.ro/calculator/salariu/","","Indexable",""
"https://eghiseul.ro/servicii/cazier-fiscal-online/","2","index, follow","index, follow, max-video-preview:-1, max-image-preview:large, max-snippet:-1","","","https://eghiseul.ro/servicii/cazier-fiscal-online/","","Indexable",""
"https://eghiseul.ro/_next/image/?url=%2Fimages%2Fspecimens%2Fcazier-auto.png&w=3840&q=75","0","","","","","","","Indexable",""
"https://eghiseul.ro/_next/image/?url=%2Fimages%2Fservicii-header.webp&w=640&q=75","0","","","","","","","Indexable",""
"https://eghiseul.ro/_next/static/chunks/6352972af6db47be.js?dpl=dpl_67tH8DnrrsjBhYi55ERePfEYAbMi","0","","","","","","","Indexable",""
"https://eghiseul.ro/calculator/estimare-pensie/","2","index, follow","index, follow, max-video-preview:-1, max-image-preview:large, max-snippet:-1","","","https://eghiseul.ro/calculator/estimare-pensie/","","Indexable",""
"https://eghiseul.ro/_next/static/chunks/64e28f22150572eb.js?dpl=dpl_67tH8DnrrsjBhYi55ERePfEYAbMi","0","","","","","","","Indexable",""
"https://eghiseul.ro/servicii/","1","index, follow","","","","https://eghiseul.ro/servicii/","","Indexable",""
"https://eghiseul.ro/servicii/extras-multilingv-certificat-casatorie/","2","index, follow","index, follow, max-video-preview:-1, max-image-preview:large, max-snippet:-1","","","https://eghiseul.ro/servicii/extras-multilingv-certificat-casatorie/","","Indexable",""
"https://eghiseul.ro/_next/image/?url=%2Fimages%2Fspecimens%2Fextras-multilingv-casatorie.webp&w=3840&q=75","0","","","","","","","Indexable",""
"https://eghiseul.ro/_next/static/chunks/e6de0d38135b5383.js?dpl=dpl_67tH8DnrrsjBhYi55ERePfEYAbMi","0","","","","","","","Indexable",""
"https://eghiseul.ro/_next/static/chunks/a3dd2bb6b77ca038.js?dpl=dpl_67tH8DnrrsjBhYi55ERePfEYAbMi","0","","","","","","","Indexable",""
"https://eghiseul.ro/servicii/extras-de-carte-funciara/","2","index, follow","index, follow, max-video-preview:-1, max-image-preview:large, max-snippet:-1","","","https://eghiseul.ro/servicii/extras-de-carte-funciara/","","Indexable",""
"https://eghiseul.ro/images/brand/icon.webp","0","","","","","","","Indexable",""
"https://eghiseul.ro/_next/static/chunks/d96012bcfc98706a.js?dpl=dpl_67tH8DnrrsjBhYi55ERePfEYAbMi","0","","","","","","","Indexable",""
"https://eghiseul.ro/calculator/credit-ipotecar/","2","index, follow","index, follow, max-video-preview:-1, max-image-preview:large, max-snippet:-1","","","https://eghiseul.ro/calculator/credit-ipotecar/","","Indexable",""
"https://eghiseul.ro/servicii/identificare-imobil/","2","index, follow","index, follow, max-video-preview:-1, max-image-preview:large, max-snippet:-1","","","https://eghiseul.ro/servicii/identificare-imobil/","","Indexable",""
"https://eghiseul.ro/servicii/certificat-sarcini/","2","index, follow","index, follow, max-video-preview:-1, max-image-preview:large, max-snippet:-1","","","https://eghiseul.ro/servicii/certificat-sarcini/","","Indexable",""
"https://eghiseul.ro/_next/static/chunks/41ad77bb86fe4ff6.js?dpl=dpl_67tH8DnrrsjBhYi55ERePfEYAbMi","0","","","","","","","Indexable",""
"https://eghiseul.ro/_next/static/chunks/a6dad97d9634a72d.js?dpl=dpl_67tH8DnrrsjBhYi55ERePfEYAbMi","0","","","","","","","Indexable",""
"https://eghiseul.ro/_next/static/chunks/442a64f8e01a213b.js?dpl=dpl_67tH8DnrrsjBhYi55ERePfEYAbMi","0","","","","","","","Indexable",""
"https://eghiseul.ro/servicii/certificat-constatator-online/","2","index, follow","index, follow, max-video-preview:-1, max-image-preview:large, max-snippet:-1","","","https://eghiseul.ro/servicii/certificat-constatator-online/","","Indexable",""
"https://eghiseul.ro/_next/static/chunks/c28e7f4a72087e5b.js?dpl=dpl_67tH8DnrrsjBhYi55ERePfEYAbMi","0","","","","","","","Indexable",""
"https://eghiseul.ro/termeni-si-conditii/","2","index, follow","index, follow, max-video-preview:-1, max-image-preview:large, max-snippet:-1","","","https://eghiseul.ro/termeni-si-conditii/","","Indexable",""
"https://eghiseul.ro/servicii/copie-carte-funciara/","2","index, follow","index, follow, max-video-preview:-1, max-image-preview:large, max-snippet:-1","","","https://eghiseul.ro/servicii/copie-carte-funciara/","","Indexable",""
"https://eghiseul.ro/_next/image/?url=%2Fimages%2Farticole%2Fsuspendare-activitate-firma-ghid.webp&w=3840&q=75","0","","","","","","","Indexable",""
"https://eghiseul.ro/servicii/eliberare-certificat-de-casatorie/","2","index, follow","index, follow, max-video-preview:-1, max-image-preview:large, max-snippet:-1","","","https://eghiseul.ro/servicii/eliberare-certificat-de-casatorie/","","Indexable",""
"https://eghiseul.ro/_next/static/chunks/16bafcc002ad0ec6.js?dpl=dpl_67tH8DnrrsjBhYi55ERePfEYAbMi","0","","","","","","","Indexable",""
"https://eghiseul.ro/_next/image/?url=%2Fimages%2Fspecimens%2Fcazier-fiscal.png&w=3840&q=75","0","","","","","","","Indexable",""
"https://eghiseul.ro/politica-de-anulare/","2","index, follow","index, follow, max-video-preview:-1, max-image-preview:large, max-snippet:-1","","","https://eghiseul.ro/politica-de-anulare/","","Indexable",""
"https://eghiseul.ro/_next/image/?url=%2Fimages%2Fspecimens%2Fcertificat-constatator.png&w=3840&q=75","0","","","","","","","Indexable",""
"https://eghiseul.ro/_next/image/?url=%2Fimages%2Fspecimens%2Fcertificat-nastere.webp&w=3840&q=75","0","","","","","","","Indexable",""
"https://eghiseul.ro/calculator/impozit-casa/","2","index, follow","index, follow, max-video-preview:-1, max-image-preview:large, max-snippet:-1","","","https://eghiseul.ro/calculator/impozit-casa/","","Indexable",""
"https://eghiseul.ro/_next/static/chunks/76c16641eb3ae2fa.js?dpl=dpl_67tH8DnrrsjBhYi55ERePfEYAbMi","0","","","","","","","Indexable",""
"https://eghiseul.ro/_next/static/chunks/01053d2def082238.js?dpl=dpl_67tH8DnrrsjBhYi55ERePfEYAbMi","0","","","","","","","Indexable",""
"https://eghiseul.ro/calculator/indemnizatie-somaj/","2","index, follow","index, follow, max-video-preview:-1, max-image-preview:large, max-snippet:-1","","","https://eghiseul.ro/calculator/indemnizatie-somaj/","","Indexable",""
"https://eghiseul.ro/gdpr/","2","index, follow","index, follow, max-video-preview:-1, max-image-preview:large, max-snippet:-1","","","https://eghiseul.ro/gdpr/","","Indexable",""
"https://eghiseul.ro/calculator/amenda-circulatie/","2","index, follow","index, follow, max-video-preview:-1, max-image-preview:large, max-snippet:-1","","","https://eghiseul.ro/calculator/amenda-circulatie/","","Indexable",""
"https://eghiseul.ro/politica-cookies/","2","index, follow","index, follow, max-video-preview:-1, max-image-preview:large, max-snippet:-1","","","https://eghiseul.ro/politica-cookies/","","Indexable",""
"https://eghiseul.ro/apostila-de-la-haga-ghid-acte-obtinere/","2","index, follow","index, follow, max-video-preview:-1, max-image-preview:large, max-snippet:-1","","","https://eghiseul.ro/apostila-de-la-haga-ghid-acte-obtinere/","","Indexable",""
"https://eghiseul.ro/servicii/certificat-urbanism-informare/","2","index, follow","index, follow, max-video-preview:-1, max-image-preview:large, max-snippet:-1","","","https://eghiseul.ro/servicii/certificat-urbanism-informare/","","Indexable",""
"https://eghiseul.ro/_next/static/chunks/c1e3ec6540071fa2.js?dpl=dpl_67tH8DnrrsjBhYi55ERePfEYAbMi","0","","","","","","","Indexable",""
"https://eghiseul.ro/calculator/tva/","2","index, follow","index, follow, max-video-preview:-1, max-image-preview:large, max-snippet:-1","","","https://eghiseul.ro/calculator/tva/","","Indexable",""
"https://eghiseul.ro/calculator/pensie-alimentara/","2","index, follow","index, follow, max-video-preview:-1, max-image-preview:large, max-snippet:-1","","","https://eghiseul.ro/calculator/pensie-alimentara/","","Indexable",""
"https://eghiseul.ro/_next/image/?url=%2Fimages%2Fspecimens%2Fcertificat-integritate.png&w=3840&q=75","0","","","","","","","Indexable",""
"https://eghiseul.ro/_next/static/chunks/c23b1e9a9881f9d5.css?dpl=dpl_67tH8DnrrsjBhYi55ERePfEYAbMi","0","","","","","","","Indexable",""
"https://eghiseul.ro/calculator/calculator-impozit-auto/","2","index, follow","index, follow, max-video-preview:-1, max-image-preview:large, max-snippet:-1","","","https://eghiseul.ro/calculator/calculator-impozit-auto/","","Indexable",""
"https://eghiseul.ro/servicii/cazier-judiciar-online/persoana-fizica/","2","index, follow","index, follow, max-video-preview:-1, max-image-preview:large, max-snippet:-1","","","https://eghiseul.ro/servicii/cazier-judiciar-online/persoana-fizica/","","Indexable",""
"https://eghiseul.ro/_next/static/chunks/f4438d31c0b3d47f.js?dpl=dpl_67tH8DnrrsjBhYi55ERePfEYAbMi","0","","","","","","","Indexable",""
"https://eghiseul.ro/_next/image/?url=%2Fimages%2Fspecimens%2Fextras-cf.png&w=3840&q=75","0","","","","","","","Indexable",""
"https://eghiseul.ro/_next/static/chunks/af4e3c5088439a81.js?dpl=dpl_67tH8DnrrsjBhYi55ERePfEYAbMi","0","","","","","","","Indexable",""
"https://eghiseul.ro/calculator/taxe-notariale/","2","index, follow","index, follow, max-video-preview:-1, max-image-preview:large, max-snippet:-1","","","https://eghiseul.ro/calculator/taxe-notariale/","","Indexable",""
"https://eghiseul.ro/schimbare-sediu-social-srl-ghid/","2","index, follow","index, follow, max-video-preview:-1, max-image-preview:large, max-snippet:-1","","","https://eghiseul.ro/schimbare-sediu-social-srl-ghid/","","Indexable",""
"https://eghiseul.ro/_next/image/?url=%2Fimages%2Fbrand%2Flogo-wide.webp&w=750&q=75","0","","","","","","","Indexable",""
"https://eghiseul.ro/calculator/calculator-procente/","2","index, follow","index, follow, max-video-preview:-1, max-image-preview:large, max-snippet:-1","","","https://eghiseul.ro/calculator/calculator-procente/","","Indexable",""
"https://eghiseul.ro/servicii/plan-amplasament-delimitare/","2","index, follow","index, follow, max-video-preview:-1, max-image-preview:large, max-snippet:-1","","","https://eghiseul.ro/servicii/plan-amplasament-delimitare/","","Indexable",""
"https://eghiseul.ro/curs-valutar/","2","index, follow","index, follow, max-video-preview:-1, max-image-preview:large, max-snippet:-1","","","https://eghiseul.ro/curs-valutar/","","Indexable",""
"https://eghiseul.ro/calculator/cat-pot-construi/","2","index, follow","index, follow, max-video-preview:-1, max-image-preview:large, max-snippet:-1","","","https://eghiseul.ro/calculator/cat-pot-construi/","","Indexable",""
"https://eghiseul.ro/calculator/","2","index, follow","index, follow, max-video-preview:-1, max-image-preview:large, max-snippet:-1","","","https://eghiseul.ro/calculator/","","Indexable",""
"https://eghiseul.ro/_next/image/?url=%2Fimages%2Farticole%2Fschimbare-sediu-social-srl-ghid.webp&w=3840&q=75","0","","","","","","","Indexable",""
"https://eghiseul.ro/servicii/cazier-judiciar-online/","2","index, follow","index, follow, max-video-preview:-1, max-image-preview:large, max-snippet:-1","","","https://eghiseul.ro/servicii/cazier-judiciar-online/","","Indexable",""
"https://eghiseul.ro/images/footer/anpc-sol.svg","0","","","","","","","Indexable",""
"https://eghiseul.ro/_next/image/?url=%2Fimages%2Farticole%2Fapostila-de-la-haga-ghid-acte-obtinere.webp&w=3840&q=75","0","","","","","","","Indexable",""
"https://eghiseul.ro/calculator/jugar-stanjen-in-mp/","2","index, follow","index, follow, max-video-preview:-1, max-image-preview:large, max-snippet:-1","","","https://eghiseul.ro/calculator/jugar-stanjen-in-mp/","","Indexable",""
"https://eghiseul.ro/servicii/rovinieta-online/","2","index, follow","index, follow, max-video-preview:-1, max-image-preview:large, max-snippet:-1","","","https://eghiseul.ro/servicii/rovinieta-online/","","Indexable",""
"https://eghiseul.ro/calculator/concediu-medical/","2","index, follow","index, follow, max-video-preview:-1, max-image-preview:large, max-snippet:-1","","","https://eghiseul.ro/calculator/concediu-medical/","","Indexable",""
"https://eghiseul.ro/_next/image/?url=%2Fimages%2Fspecimens%2Fextras-multilingv-nastere.webp&w=3840&q=75","0","","","","","","","Indexable",""
"https://eghiseul.ro/_next/image/?url=%2Fimages%2Fde-ce-eghiseul.webp&w=1920&q=75","0","","","","","","","Indexable",""
"https://eghiseul.ro/_next/image/?url=%2Fimages%2Fspecimens%2Fcertificat-celibat.webp&w=3840&q=75","0","","","","","","","Indexable",""
"https://eghiseul.ro/_next/image/?url=%2Fimages%2Fspecimens%2Fcazier-judiciar.png&w=3840&q=75","0","","","","","","","Indexable",""
"https://eghiseul.ro/servicii/actualizare-adresa-cf/","2","index, follow","index, follow, max-video-preview:-1, max-image-preview:large, max-snippet:-1","","","https://eghiseul.ro/servicii/actualizare-adresa-cf/","","Indexable",""
"https://eghiseul.ro/_next/static/chunks/turbopack-a959610bdf822cb2.js?dpl=dpl_67tH8DnrrsjBhYi55ERePfEYAbMi","0","","","","","","","Indexable",""
"https://eghiseul.ro/servicii/eliberare-certificat-de-celibat/","2","index, follow","index, follow, max-video-preview:-1, max-image-preview:large, max-snippet:-1","","","https://eghiseul.ro/servicii/eliberare-certificat-de-celibat/","","Indexable",""
"https://eghiseul.ro/tools/verificare-rovinieta-online/","2","index, follow","index, follow, max-video-preview:-1, max-image-preview:large, max-snippet:-1","","","https://eghiseul.ro/tools/verificare-rovinieta-online/","","Indexable",""
"https://eghiseul.ro/servicii/eliberare-certificat-de-nastere/","2","index, follow","index, follow, max-video-preview:-1, max-image-preview:large, max-snippet:-1","","","https://eghiseul.ro/servicii/eliberare-certificat-de-nastere/","","Indexable",""
"https://eghiseul.ro/politica-de-confidentialitate/","2","index, follow","index, follow, max-video-preview:-1, max-image-preview:large, max-snippet:-1","","","https://eghiseul.ro/politica-de-confidentialitate/","","Indexable",""
"https://eghiseul.ro/servicii/identificare-imobile-proprietar/","2","index, follow","index, follow, max-video-preview:-1, max-image-preview:large, max-snippet:-1","","","https://eghiseul.ro/servicii/identificare-imobile-proprietar/","","Indexable",""
"https://eghiseul.ro/_next/static/chunks/d80b3790a119a285.js?dpl=dpl_67tH8DnrrsjBhYi55ERePfEYAbMi","0","","","","","","","Indexable",""
"https://eghiseul.ro/contact/","2","index, follow","index, follow, max-video-preview:-1, max-image-preview:large, max-snippet:-1","","","https://eghiseul.ro/contact/","","Indexable",""
"https://eghiseul.ro/servicii/cazier-auto-online/","2","index, follow","index, follow, max-video-preview:-1, max-image-preview:large, max-snippet:-1","","","https://eghiseul.ro/servicii/cazier-auto-online/","","Indexable",""
"https://eghiseul.ro/calculator/varsta-pensionare/","2","index, follow","index, follow, max-video-preview:-1, max-image-preview:large, max-snippet:-1","","","https://eghiseul.ro/calculator/varsta-pensionare/","","Indexable",""
"https://eghiseul.ro/servicii/extras-plan-cadastral/","2","index, follow","index, follow, max-video-preview:-1, max-image-preview:large, max-snippet:-1","","","https://eghiseul.ro/servicii/extras-plan-cadastral/","","Indexable",""
"https://eghiseul.ro/calculator/valabilitate-documente/","2","index, follow","index, follow, max-video-preview:-1, max-image-preview:large, max-snippet:-1","","","https://eghiseul.ro/calculator/valabilitate-documente/","","Indexable",""
"https://eghiseul.ro/suspendare-activitate-firma-ghid/","2","index, follow","index, follow, max-video-preview:-1, max-image-preview:large, max-snippet:-1","","","https://eghiseul.ro/suspendare-activitate-firma-ghid/","","Indexable",""
"https://eghiseul.ro/servicii/extras-multilingv-certificat-nastere/","2","index, follow","index, follow, max-video-preview:-1, max-image-preview:large, max-snippet:-1","","","https://eghiseul.ro/servicii/extras-multilingv-certificat-nastere/","","Indexable",""
"https://eghiseul.ro/blog/","2","index, follow","index, follow, max-video-preview:-1, max-image-preview:large, max-snippet:-1","","","https://eghiseul.ro/blog/","","Indexable",""
"https://eghiseul.ro/_next/static/chunks/f727faa480179784.js?dpl=dpl_67tH8DnrrsjBhYi55ERePfEYAbMi","0","","","","","","","Indexable",""
"https://eghiseul.ro/servicii/cazier-judiciar-online/persoana-juridica/","2","index, follow","index, follow, max-video-preview:-1, max-image-preview:large, max-snippet:-1","","","https://eghiseul.ro/servicii/cazier-judiciar-online/persoana-juridica/","","Indexable",""
"https://eghiseul.ro/images/footer/anpc-sal.svg","0","","","","","","","Indexable",""
"https://eghiseul.ro/_next/image/?url=%2Fimages%2Fspecimens%2Frovinieta.webp&w=3840&q=75","0","","","","","","","Indexable",""
"https://eghiseul.ro/servicii/certificat-de-integritate-comportamentala/","2","index, follow","index, follow, max-video-preview:-1, max-image-preview:large, max-snippet:-1","","","https://eghiseul.ro/servicii/certificat-de-integritate-comportamentala/","","Indexable",""
"https://eghiseul.ro/_next/image/?url=%2Fimages%2Fspecimens%2Fcertificat-casatorie.webp&w=3840&q=75","0","","","","","","","Indexable",""
"https://eghiseul.ro/_next/image/?url=%2Fimages%2Farticole%2Fcazier-judiciar-online-gratuit.webp&w=3840&q=75","0","","","","","","","Indexable",""
"https://eghiseul.ro/_next/image/?url=%2Fimages%2Farticole%2Fsms-fals-amenda-ghiseul-ro.webp&w=3840&q=75","0","","","","","","","Indexable",""
"https://eghiseul.ro/totul-despre-cartea-funciara-colectiva/","2","index, follow","index, follow, max-video-preview:-1, max-image-preview:large, max-snippet:-1","","","https://eghiseul.ro/totul-despre-cartea-funciara-colectiva/","","Indexable",""
"https://eghiseul.ro/_next/image/?url=%2Fimages%2Farticole%2Fcazier-fiscal-firma.webp&w=3840&q=75","0","","","","","","","Indexable",""
"https://eghiseul.ro/_next/image/?url=%2Fimages%2Farticole%2Feliberare-certificat-constatator-onrc-ghid.webp&w=3840&q=75","0","","","","","","","Indexable",""
"https://eghiseul.ro/_next/image/?url=%2Fimages%2Farticole%2Fcertificat-de-nastere-din-strainatate.webp&w=3840&q=75","0","","","","","","","Indexable",""
"https://eghiseul.ro/_next/image/?url=%2Fimages%2Farticole%2Fcazier-fiscal-fara-spv.webp&w=3840&q=75","0","","","","","","","Indexable",""
"https://eghiseul.ro/inregistrare-nastere-copil-nou-nascut/","2","index, follow","index, follow, max-video-preview:-1, max-image-preview:large, max-snippet:-1","","","https://eghiseul.ro/inregistrare-nastere-copil-nou-nascut/","","Indexable",""
"https://eghiseul.ro/ghid-complet-certificat-de-integritate-comportamentala/","2","index, follow","index, follow, max-video-preview:-1, max-image-preview:large, max-snippet:-1","","","https://eghiseul.ro/ghid-complet-certificat-de-integritate-comportamentala/","","Indexable",""
"https://eghiseul.ro/_next/image/?url=%2Fimages%2Farticole%2Fancpi-nu-functioneaza.webp&w=3840&q=75","0","","","","","","","Indexable",""
"https://eghiseul.ro/_next/image/?url=%2Fog%2Fservices%2Fextras-cf.png&w=3840&q=75","0","","","","","","","Indexable",""
"https://eghiseul.ro/verificare-proprietar-imobil/","2","index, follow","index, follow, max-video-preview:-1, max-image-preview:large, max-snippet:-1","","","https://eghiseul.ro/verificare-proprietar-imobil/","","Indexable",""
"https://eghiseul.ro/ce-este-un-releveu/","2","index, follow","index, follow, max-video-preview:-1, max-image-preview:large, max-snippet:-1","","","https://eghiseul.ro/ce-este-un-releveu/","","Indexable",""
"https://eghiseul.ro/_next/image/?url=%2Fimages%2Farticole%2Fcum-vor-arata-documentele-de-stare-civila-2025.webp&w=3840&q=75","0","","","","","","","Indexable",""
"https://eghiseul.ro/valabilitate-certificat-de-celibat/","2","index, follow","index, follow, max-video-preview:-1, max-image-preview:large, max-snippet:-1","","","https://eghiseul.ro/valabilitate-certificat-de-celibat/","","Indexable",""
"https://eghiseul.ro/_next/static/chunks/ec3c8b4278bbe5b3.js?dpl=dpl_67tH8DnrrsjBhYi55ERePfEYAbMi","0","","","","","","","Indexable",""
"https://eghiseul.ro/_next/image/?url=%2Fimages%2Farticole%2Fvalabilitate-extras-de-carte-funciara.webp&w=3840&q=75","0","","","","","","","Indexable",""
"https://eghiseul.ro/_next/image/?url=%2Fimages%2Farticole%2Fcazier-judiciar-vs-certificat-integritate-comportamentala.webp&w=3840&q=75","0","","","","","","","Indexable",""
"https://eghiseul.ro/calculator/reabilitare/","2","index, follow","index, follow, max-video-preview:-1, max-image-preview:large, max-snippet:-1","","","https://eghiseul.ro/calculator/reabilitare/","","Indexable",""
"https://eghiseul.ro/_next/image/?url=%2Fimages%2Farticole%2Famenda-rovinieta-2025-tarife-plata-online-ghid-complet.webp&w=3840&q=75","0","","","","","","","Indexable",""
"https://eghiseul.ro/calculator/taxa-judiciara-de-timbru/","2","index, follow","index, follow, max-video-preview:-1, max-image-preview:large, max-snippet:-1","","","https://eghiseul.ro/calculator/taxa-judiciara-de-timbru/","","Indexable",""
"https://eghiseul.ro/calculator/contributii-pfa/","2","index, follow","index, follow, max-video-preview:-1, max-image-preview:large, max-snippet:-1","","","https://eghiseul.ro/calculator/contributii-pfa/","","Indexable",""
"https://eghiseul.ro/_next/static/chunks/cd7e8acb3374f58e.js?dpl=dpl_67tH8DnrrsjBhYi55ERePfEYAbMi","0","","","","","","","Indexable",""
"https://eghiseul.ro/_next/static/chunks/0167679e9fdecd4b.js?dpl=dpl_67tH8DnrrsjBhYi55ERePfEYAbMi","0","","","","","","","Indexable",""
"https://eghiseul.ro/calculator/impozit-chirie/","2","index, follow","index, follow, max-video-preview:-1, max-image-preview:large, max-snippet:-1","","","https://eghiseul.ro/calculator/impozit-chirie/","","Indexable",""
"https://eghiseul.ro/calculator/taxe-srl/","2","index, follow","index, follow, max-video-preview:-1, max-image-preview:large, max-snippet:-1","","","https://eghiseul.ro/calculator/taxe-srl/","","Indexable",""
"https://eghiseul.ro/_next/static/chunks/96727358e4390373.js?dpl=dpl_67tH8DnrrsjBhYi55ERePfEYAbMi","0","","","","","","","Indexable",""
"https://eghiseul.ro/_next/static/chunks/99425ae032593333.js?dpl=dpl_67tH8DnrrsjBhYi55ERePfEYAbMi","0","","","","","","","Indexable",""
"https://eghiseul.ro/cazier-fiscal-persoana-fizica/","2","index, follow","index, follow, max-video-preview:-1, max-image-preview:large, max-snippet:-1","","","https://eghiseul.ro/cazier-fiscal-persoana-fizica/","","Indexable",""
"https://eghiseul.ro/servicii/certificat-detineri-imobile/","2","index, follow","index, follow, max-video-preview:-1, max-image-preview:large, max-snippet:-1","","","https://eghiseul.ro/servicii/certificat-detineri-imobile/","","Indexable",""
"https://eghiseul.ro/servicii/copie-plan-cadastral/","2","index, follow","index, follow, max-video-preview:-1, max-image-preview:large, max-snippet:-1","","","https://eghiseul.ro/servicii/copie-plan-cadastral/","","Indexable",""
"https://eghiseul.ro/servicii/copie-intabulare/","2","index, follow","index, follow, max-video-preview:-1, max-image-preview:large, max-snippet:-1","","","https://eghiseul.ro/servicii/copie-intabulare/","","Indexable",""
"https://eghiseul.ro/servicii/copie-inventar-coordonate/","2","index, follow","index, follow, max-video-preview:-1, max-image-preview:large, max-snippet:-1","","","https://eghiseul.ro/servicii/copie-inventar-coordonate/","","Indexable",""
"https://eghiseul.ro/servicii/copie-plan-incadrare/","2","index, follow","index, follow, max-video-preview:-1, max-image-preview:large, max-snippet:-1","","","https://eghiseul.ro/servicii/copie-plan-incadrare/","","Indexable",""
"https://eghiseul.ro/calculator/impozit-pensie/","2","index, follow","index, follow, max-video-preview:-1, max-image-preview:large, max-snippet:-1","","","https://eghiseul.ro/calculator/impozit-pensie/","","Indexable",""
"https://eghiseul.ro/_next/static/chunks/d4f1559ba8c25e2c.js?dpl=dpl_67tH8DnrrsjBhYi55ERePfEYAbMi","0","","","","","","","Indexable",""
"https://eghiseul.ro/servicii/extras-cf-colectiv/","2","index, follow","index, follow, max-video-preview:-1, max-image-preview:large, max-snippet:-1","","","https://eghiseul.ro/servicii/extras-cf-colectiv/","","Indexable",""
"https://eghiseul.ro/servicii/copie-contract-vanzare/","2","index, follow","index, follow, max-video-preview:-1, max-image-preview:large, max-snippet:-1","","","https://eghiseul.ro/servicii/copie-contract-vanzare/","","Indexable",""
"https://eghiseul.ro/transcriere-certificat-de-casatorie/","2","index, follow","index, follow, max-video-preview:-1, max-image-preview:large, max-snippet:-1","","","https://eghiseul.ro/transcriere-certificat-de-casatorie/","","Indexable",""
"https://eghiseul.ro/duplicat-certificat-de-casatorie/","2","index, follow","index, follow, max-video-preview:-1, max-image-preview:large, max-snippet:-1","","","https://eghiseul.ro/duplicat-certificat-de-casatorie/","","Indexable",""
"https://eghiseul.ro/servicii/copie-releveu/","2","index, follow","index, follow, max-video-preview:-1, max-image-preview:large, max-snippet:-1","","","https://eghiseul.ro/servicii/copie-releveu/","","Indexable",""
"https://eghiseul.ro/servicii/copie-arhiva-ocpi/","2","index, follow","index, follow, max-video-preview:-1, max-image-preview:large, max-snippet:-1","","","https://eghiseul.ro/servicii/copie-arhiva-ocpi/","","Indexable",""
"https://eghiseul.ro/servicii/extras-de-carte-funciara/harghita/","2","index, follow","index, follow, max-video-preview:-1, max-image-preview:large, max-snippet:-1","","","https://eghiseul.ro/servicii/extras-de-carte-funciara/harghita/","","Indexable",""
"https://eghiseul.ro/servicii/extras-de-carte-funciara/hunedoara/","2","index, follow","index, follow, max-video-preview:-1, max-image-preview:large, max-snippet:-1","","","https://eghiseul.ro/servicii/extras-de-carte-funciara/hunedoara/","","Indexable",""
"https://eghiseul.ro/servicii/extras-de-carte-funciara/constanta/","2","index, follow","index, follow, max-video-preview:-1, max-image-preview:large, max-snippet:-1","","","https://eghiseul.ro/servicii/extras-de-carte-funciara/constanta/","","Indexable",""
"https://eghiseul.ro/servicii/extras-de-carte-funciara/vaslui/","2","index, follow","index, follow, max-video-preview:-1, max-image-preview:large, max-snippet:-1","","","https://eghiseul.ro/servicii/extras-de-carte-funciara/vaslui/","","Indexable",""
"https://eghiseul.ro/servicii/extras-de-carte-funciara/valcea/","2","index, follow","index, follow, max-video-preview:-1, max-image-preview:large, max-snippet:-1","","","https://eghiseul.ro/servicii/extras-de-carte-funciara/valcea/","","Indexable",""
"https://eghiseul.ro/servicii/extras-de-carte-funciara/dambovita/","2","index, follow","index, follow, max-video-preview:-1, max-image-preview:large, max-snippet:-1","","","https://eghiseul.ro/servicii/extras-de-carte-funciara/dambovita/","","Indexable",""
"https://eghiseul.ro/servicii/extras-de-carte-funciara/gorj/","2","index, follow","index, follow, max-video-preview:-1, max-image-preview:large, max-snippet:-1","","","https://eghiseul.ro/servicii/extras-de-carte-funciara/gorj/","","Indexable",""
"https://eghiseul.ro/servicii/extras-de-carte-funciara/arad/","2","index, follow","index, follow, max-video-preview:-1, max-image-preview:large, max-snippet:-1","","","https://eghiseul.ro/servicii/extras-de-carte-funciara/arad/","","Indexable",""
"https://eghiseul.ro/servicii/extras-de-carte-funciara/brasov/","2","index, follow","index, follow, max-video-preview:-1, max-image-preview:large, max-snippet:-1","","","https://eghiseul.ro/servicii/extras-de-carte-funciara/brasov/","","Indexable",""
"https://eghiseul.ro/servicii/extras-de-carte-funciara/maramures/","2","index, follow","index, follow, max-video-preview:-1, max-image-preview:large, max-snippet:-1","","","https://eghiseul.ro/servicii/extras-de-carte-funciara/maramures/","","Indexable",""
"https://eghiseul.ro/servicii/extras-de-carte-funciara/giurgiu/","2","index, follow","index, follow, max-video-preview:-1, max-image-preview:large, max-snippet:-1","","","https://eghiseul.ro/servicii/extras-de-carte-funciara/giurgiu/","","Indexable",""
"https://eghiseul.ro/servicii/extras-de-carte-funciara/botosani/","2","index, follow","index, follow, max-video-preview:-1, max-image-preview:large, max-snippet:-1","","","https://eghiseul.ro/servicii/extras-de-carte-funciara/botosani/","","Indexable",""
"https://eghiseul.ro/servicii/extras-de-carte-funciara/iasi/","2","index, follow","index, follow, max-video-preview:-1, max-image-preview:large, max-snippet:-1","","","https://eghiseul.ro/servicii/extras-de-carte-funciara/iasi/","","Indexable",""
"https://eghiseul.ro/servicii/extras-de-carte-funciara/sibiu/","2","index, follow","index, follow, max-video-preview:-1, max-image-preview:large, max-snippet:-1","","","https://eghiseul.ro/servicii/extras-de-carte-funciara/sibiu/","","Indexable",""
"https://eghiseul.ro/extras-carte-funciara-gratuit/","2","index, follow","index, follow, max-video-preview:-1, max-image-preview:large, max-snippet:-1","","","https://eghiseul.ro/extras-carte-funciara-gratuit/","","Indexable",""
"https://eghiseul.ro/servicii/extras-de-carte-funciara/olt/","2","index, follow","index, follow, max-video-preview:-1, max-image-preview:large, max-snippet:-1","","","https://eghiseul.ro/servicii/extras-de-carte-funciara/olt/","","Indexable",""
"https://eghiseul.ro/ce-este-planul-cadastral/","2","index, follow","index, follow, max-video-preview:-1, max-image-preview:large, max-snippet:-1","","","https://eghiseul.ro/ce-este-planul-cadastral/","","Indexable",""
"https://eghiseul.ro/servicii/extras-de-carte-funciara/neamt/","2","index, follow","index, follow, max-video-preview:-1, max-image-preview:large, max-snippet:-1","","","https://eghiseul.ro/servicii/extras-de-carte-funciara/neamt/","","Indexable",""
"https://eghiseul.ro/servicii/extras-de-carte-funciara/ialomita/","2","index, follow","index, follow, max-video-preview:-1, max-image-preview:large, max-snippet:-1","","","https://eghiseul.ro/servicii/extras-de-carte-funciara/ialomita/","","Indexable",""
"https://eghiseul.ro/servicii/extras-de-carte-funciara/cluj/","2","index, follow","index, follow, max-video-preview:-1, max-image-preview:large, max-snippet:-1","","","https://eghiseul.ro/servicii/extras-de-carte-funciara/cluj/","","Indexable",""
"https://eghiseul.ro/servicii/extras-de-carte-funciara/alba/","2","index, follow","index, follow, max-video-preview:-1, max-image-preview:large, max-snippet:-1","","","https://eghiseul.ro/servicii/extras-de-carte-funciara/alba/","","Indexable",""
"https://eghiseul.ro/servicii/extras-de-carte-funciara/mehedinti/","2","index, follow","index, follow, max-video-preview:-1, max-image-preview:large, max-snippet:-1","","","https://eghiseul.ro/servicii/extras-de-carte-funciara/mehedinti/","","Indexable",""
"https://eghiseul.ro/servicii/extras-de-carte-funciara/galati/","2","index, follow","index, follow, max-video-preview:-1, max-image-preview:large, max-snippet:-1","","","https://eghiseul.ro/servicii/extras-de-carte-funciara/galati/","","Indexable",""
"https://eghiseul.ro/servicii/extras-de-carte-funciara/timis/","2","index, follow","index, follow, max-video-preview:-1, max-image-preview:large, max-snippet:-1","","","https://eghiseul.ro/servicii/extras-de-carte-funciara/timis/","","Indexable",""
"https://eghiseul.ro/servicii/extras-de-carte-funciara/caras-severin/","2","index, follow","index, follow, max-video-preview:-1, max-image-preview:large, max-snippet:-1","","","https://eghiseul.ro/servicii/extras-de-carte-funciara/caras-severin/","","Indexable",""
"https://eghiseul.ro/servicii/extras-de-carte-funciara/bacau/","2","index, follow","index, follow, max-video-preview:-1, max-image-preview:large, max-snippet:-1","","","https://eghiseul.ro/servicii/extras-de-carte-funciara/bacau/","","Indexable",""
"https://eghiseul.ro/servicii/extras-de-carte-funciara/covasna/","2","index, follow","index, follow, max-video-preview:-1, max-image-preview:large, max-snippet:-1","","","https://eghiseul.ro/servicii/extras-de-carte-funciara/covasna/","","Indexable",""
"https://eghiseul.ro/_next/static/chunks/08635c9660ad96b8.js?dpl=dpl_67tH8DnrrsjBhYi55ERePfEYAbMi","0","","","","","","","Indexable",""
"https://eghiseul.ro/_next/image/?url=%2Fimages%2Fextras-cf-specimen.webp&w=3840&q=75","0","","","","","","","Indexable",""
"https://eghiseul.ro/servicii/extras-de-carte-funciara/buzau/","2","index, follow","index, follow, max-video-preview:-1, max-image-preview:large, max-snippet:-1","","","https://eghiseul.ro/servicii/extras-de-carte-funciara/buzau/","","Indexable",""
"https://eghiseul.ro/servicii/extras-de-carte-funciara/dolj/","2","index, follow","index, follow, max-video-preview:-1, max-image-preview:large, max-snippet:-1","","","https://eghiseul.ro/servicii/extras-de-carte-funciara/dolj/","","Indexable",""
"https://eghiseul.ro/valabilitate-extras-de-carte-funciara/","2","index, follow","index, follow, max-video-preview:-1, max-image-preview:large, max-snippet:-1","","","https://eghiseul.ro/valabilitate-extras-de-carte-funciara/","","Indexable",""
"https://eghiseul.ro/servicii/extras-de-carte-funciara/ilfov/","2","index, follow","index, follow, max-video-preview:-1, max-image-preview:large, max-snippet:-1","","","https://eghiseul.ro/servicii/extras-de-carte-funciara/ilfov/","","Indexable",""
"https://eghiseul.ro/servicii/extras-de-carte-funciara/tulcea/","2","index, follow","index, follow, max-video-preview:-1, max-image-preview:large, max-snippet:-1","","","https://eghiseul.ro/servicii/extras-de-carte-funciara/tulcea/","","Indexable",""
"https://eghiseul.ro/servicii/extras-de-carte-funciara/satu-mare/","2","index, follow","index, follow, max-video-preview:-1, max-image-preview:large, max-snippet:-1","","","https://eghiseul.ro/servicii/extras-de-carte-funciara/satu-mare/","","Indexable",""
"https://eghiseul.ro/servicii/extras-de-carte-funciara/teleorman/","2","index, follow","index, follow, max-video-preview:-1, max-image-preview:large, max-snippet:-1","","","https://eghiseul.ro/servicii/extras-de-carte-funciara/teleorman/","","Indexable",""
"https://eghiseul.ro/servicii/extras-de-carte-funciara/vrancea/","2","index, follow","index, follow, max-video-preview:-1, max-image-preview:large, max-snippet:-1","","","https://eghiseul.ro/servicii/extras-de-carte-funciara/vrancea/","","Indexable",""
"https://eghiseul.ro/servicii/extras-de-carte-funciara/bistrita-nasaud/","2","index, follow","index, follow, max-video-preview:-1, max-image-preview:large, max-snippet:-1","","","https://eghiseul.ro/servicii/extras-de-carte-funciara/bistrita-nasaud/","","Indexable",""
"https://eghiseul.ro/servicii/extras-de-carte-funciara/arges/","2","index, follow","index, follow, max-video-preview:-1, max-image-preview:large, max-snippet:-1","","","https://eghiseul.ro/servicii/extras-de-carte-funciara/arges/","","Indexable",""
"https://eghiseul.ro/servicii/extras-de-carte-funciara/mures/","2","index, follow","index, follow, max-video-preview:-1, max-image-preview:large, max-snippet:-1","","","https://eghiseul.ro/servicii/extras-de-carte-funciara/mures/","","Indexable",""
"https://eghiseul.ro/servicii/extras-de-carte-funciara/bihor/","2","index, follow","index, follow, max-video-preview:-1, max-image-preview:large, max-snippet:-1","","","https://eghiseul.ro/servicii/extras-de-carte-funciara/bihor/","","Indexable",""
"https://eghiseul.ro/servicii/extras-de-carte-funciara/suceava/","2","index, follow","index, follow, max-video-preview:-1, max-image-preview:large, max-snippet:-1","","","https://eghiseul.ro/servicii/extras-de-carte-funciara/suceava/","","Indexable",""
"https://eghiseul.ro/servicii/extras-de-carte-funciara/braila/","2","index, follow","index, follow, max-video-preview:-1, max-image-preview:large, max-snippet:-1","","","https://eghiseul.ro/servicii/extras-de-carte-funciara/braila/","","Indexable",""
"https://eghiseul.ro/servicii/extras-de-carte-funciara/prahova/","2","index, follow","index, follow, max-video-preview:-1, max-image-preview:large, max-snippet:-1","","","https://eghiseul.ro/servicii/extras-de-carte-funciara/prahova/","","Indexable",""
"https://eghiseul.ro/tabel-varsta-pensionare-anticipata-femei/","2","index, follow","index, follow, max-video-preview:-1, max-image-preview:large, max-snippet:-1","","","https://eghiseul.ro/tabel-varsta-pensionare-anticipata-femei/","","Indexable",""
"https://eghiseul.ro/cum-aflam-numarul-carte-functionara-si-nr-cadastral/","2","index, follow","index, follow, max-video-preview:-1, max-image-preview:large, max-snippet:-1","","","https://eghiseul.ro/cum-aflam-numarul-carte-functionara-si-nr-cadastral/","","Indexable",""
"https://eghiseul.ro/servicii/extras-de-carte-funciara/calarasi/","2","index, follow","index, follow, max-video-preview:-1, max-image-preview:large, max-snippet:-1","","","https://eghiseul.ro/servicii/extras-de-carte-funciara/calarasi/","","Indexable",""
"https://eghiseul.ro/certificat-constatator-pentru-fonduri-europene/","2","index, follow","index, follow, max-video-preview:-1, max-image-preview:large, max-snippet:-1","","","https://eghiseul.ro/certificat-constatator-pentru-fonduri-europene/","","Indexable",""
"https://eghiseul.ro/cazier-fiscal-fara-spv/","2","index, follow","index, follow, max-video-preview:-1, max-image-preview:large, max-snippet:-1","","","https://eghiseul.ro/cazier-fiscal-fara-spv/","","Indexable",""
"https://eghiseul.ro/_next/image/?url=%2Fimages%2Farticole%2Fcat-poti-construi-pe-teren.webp&w=3840&q=75","0","","","","","","","Indexable",""
"https://eghiseul.ro/_next/image/?url=%2Fimages%2Farticole%2Fanii-lucrati-in-strainatate-se-pun-la-pensie-in-romania.webp&w=3840&q=75","0","","","","","","","Indexable",""
"https://eghiseul.ro/sms-fals-amenda-ghiseul-ro/","2","index, follow","index, follow, max-video-preview:-1, max-image-preview:large, max-snippet:-1","","","https://eghiseul.ro/sms-fals-amenda-ghiseul-ro/","","Indexable",""
"https://eghiseul.ro/certificat-constatator-pentru-notar/","2","index, follow","index, follow, max-video-preview:-1, max-image-preview:large, max-snippet:-1","","","https://eghiseul.ro/certificat-constatator-pentru-notar/","","Indexable",""
"https://eghiseul.ro/cazier-si-certificat-de-integritate-pentru-profesori/","2","index, follow","index, follow, max-video-preview:-1, max-image-preview:large, max-snippet:-1","","","https://eghiseul.ro/cazier-si-certificat-de-integritate-pentru-profesori/","","Indexable",""
"https://eghiseul.ro/_next/image/?url=%2Fimages%2Farticole%2Fghid-complet-certificat-de-integritate-comportamentala.webp&w=3840&q=75","0","","","","","","","Indexable",""
"https://eghiseul.ro/certificat-constatator-pentru-banca/","2","index, follow","index, follow, max-video-preview:-1, max-image-preview:large, max-snippet:-1","","","https://eghiseul.ro/certificat-constatator-pentru-banca/","","Indexable",""
"https://eghiseul.ro/_next/image/?url=%2Fimages%2Farticole%2Fcazier-si-certificat-de-integritate-pentru-profesori.webp&w=3840&q=75","0","","","","","","","Indexable",""
"https://eghiseul.ro/cazier-judiciar-vs-certificat-integritate-comportamentala/","2","index, follow","index, follow, max-video-preview:-1, max-image-preview:large, max-snippet:-1","","","https://eghiseul.ro/cazier-judiciar-vs-certificat-integritate-comportamentala/","","Indexable",""
"https://eghiseul.ro/verificare-cazier-fiscal/","2","index, follow","index, follow, max-video-preview:-1, max-image-preview:large, max-snippet:-1","","","https://eghiseul.ro/verificare-cazier-fiscal/","","Indexable",""
"https://eghiseul.ro/ancpi-nu-functioneaza/","2","index, follow","index, follow, max-video-preview:-1, max-image-preview:large, max-snippet:-1","","","https://eghiseul.ro/ancpi-nu-functioneaza/","","Indexable",""
"https://eghiseul.ro/cazier-fiscal-firma/","2","index, follow","index, follow, max-video-preview:-1, max-image-preview:large, max-snippet:-1","","","https://eghiseul.ro/cazier-fiscal-firma/","","Indexable",""
"https://eghiseul.ro/_next/image/?url=%2Fimages%2Farticole%2Ftotul-despre-cartea-funciara-colectiva.webp&w=3840&q=75","0","","","","","","","Indexable",""
"https://eghiseul.ro/tva-9-locuinte-31-iulie-2026/","2","index, follow","index, follow, max-video-preview:-1, max-image-preview:large, max-snippet:-1","","","https://eghiseul.ro/tva-9-locuinte-31-iulie-2026/","","Indexable",""
"https://eghiseul.ro/_next/image/?url=%2Fimages%2Farticole%2Fextras-carte-funciara-gratuit.webp&w=3840&q=75","0","","","","","","","Indexable",""
"https://eghiseul.ro/_next/image/?url=%2Fog%2Fservices%2Fcertificat-nastere.png&w=3840&q=75","0","","","","","","","Indexable",""
"https://eghiseul.ro/_next/image/?url=%2Fimages%2Farticole%2Fcazier-fiscal-persoana-fizica.webp&w=3840&q=75","0","","","","","","","Indexable",""
"https://eghiseul.ro/certificat-de-nastere-pentru-buletin-pasaport/","2","index, follow","index, follow, max-video-preview:-1, max-image-preview:large, max-snippet:-1","","","https://eghiseul.ro/certificat-de-nastere-pentru-buletin-pasaport/","","Indexable",""
"https://eghiseul.ro/acte-necesare-casatorie/","2","index, follow","index, follow, max-video-preview:-1, max-image-preview:large, max-snippet:-1","","","https://eghiseul.ro/acte-necesare-casatorie/","","Indexable",""
"https://eghiseul.ro/certificat-constatator-pentru-licitatie/","2","index, follow","index, follow, max-video-preview:-1, max-image-preview:large, max-snippet:-1","","","https://eghiseul.ro/certificat-constatator-pentru-licitatie/","","Indexable",""
"https://eghiseul.ro/_next/image/?url=%2Fimages%2Farticole%2Finformatii-cazier-auto-online.webp&w=3840&q=75","0","","","","","","","Indexable",""
"https://eghiseul.ro/_next/image/?url=%2Fimages%2Farticole%2Fcertificat-de-nastere-pentru-buletin-pasaport.webp&w=3840&q=75","0","","","","","","","Indexable",""
"https://eghiseul.ro/amenda-rovinieta-2025-tarife-plata-online-ghid-complet/","2","index, follow","index, follow, max-video-preview:-1, max-image-preview:large, max-snippet:-1","","","https://eghiseul.ro/amenda-rovinieta-2025-tarife-plata-online-ghid-complet/","","Indexable",""
"https://eghiseul.ro/_next/image/?url=%2Fog%2Fservices%2Fcertificat-casatorie.png&w=3840&q=75","0","","","","","","","Indexable",""
"https://eghiseul.ro/_next/image/?url=%2Fimages%2Farticole%2Ftaxa-cazier-judiciar.webp&w=3840&q=75","0","","","","","","","Indexable",""
"https://eghiseul.ro/_next/image/?url=%2Fimages%2Farticole%2Frolul-si-atributiile-onrc-romania.webp&w=3840&q=75","0","","","","","","","Indexable",""
"https://eghiseul.ro/_next/image/?url=%2Fimages%2Farticole%2Fcum-aflam-numarul-carte-functionara-si-nr-cadastral.webp&w=3840&q=75","0","","","","","","","Indexable",""
"https://eghiseul.ro/cazier-judiciar-online-gratuit/","2","index, follow","index, follow, max-video-preview:-1, max-image-preview:large, max-snippet:-1","","","https://eghiseul.ro/cazier-judiciar-online-gratuit/","","Indexable",""
"https://eghiseul.ro/_next/image/?url=%2Fimages%2Farticole%2Fverificare-cazier-fiscal.webp&w=3840&q=75","0","","","","","","","Indexable",""
"https://eghiseul.ro/anii-lucrati-in-strainatate-se-pun-la-pensie-in-romania/","2","index, follow","index, follow, max-video-preview:-1, max-image-preview:large, max-snippet:-1","","","https://eghiseul.ro/anii-lucrati-in-strainatate-se-pun-la-pensie-in-romania/","","Indexable",""
"https://eghiseul.ro/_next/image/?url=%2Fimages%2Farticole%2Fradiere-firma-srl-ghid.webp&w=3840&q=75","0","","","","","","","Indexable",""
"https://eghiseul.ro/_next/image/?url=%2Fimages%2Farticole%2Fcertificat-constatator-cu-istoric.webp&w=3840&q=75","0","","","","","","","Indexable",""
"https://eghiseul.ro/_next/image/?url=%2Fimages%2Farticole%2Fcat-costa-cadastrul-si-intabularea.webp&w=3840&q=75","0","","","","","","","Indexable",""
"https://eghiseul.ro/_next/image/?url=%2Fimages%2Farticole%2Fextras-de-carte-funciara-pentru-casa-verde.webp&w=3840&q=75","0","","","","","","","Indexable",""
"https://eghiseul.ro/_next/image/?url=%2Fog%2Fservices%2Fcertificat-celibat.png&w=3840&q=75","0","","","","","","","Indexable",""
"https://eghiseul.ro/extras-de-carte-funciara-pentru-casa-verde/","2","index, follow","index, follow, max-video-preview:-1, max-image-preview:large, max-snippet:-1","","","https://eghiseul.ro/extras-de-carte-funciara-pentru-casa-verde/","","Indexable",""
"https://eghiseul.ro/_next/image/?url=%2Fimages%2Farticole%2Fcele-4-tipuri-de-certificat-constatator-online.webp&w=3840&q=75","0","","","","","","","Indexable",""
"https://eghiseul.ro/_next/image/?url=%2Fimages%2Farticole%2Ftva-9-locuinte-31-iulie-2026.webp&w=3840&q=75","0","","","","","","","Indexable",""
"https://eghiseul.ro/certificat-de-celibat/","2","index, follow","index, follow, max-video-preview:-1, max-image-preview:large, max-snippet:-1","","","https://eghiseul.ro/certificat-de-celibat/","","Indexable",""
"https://eghiseul.ro/_next/image/?url=%2Fimages%2Farticole%2Ftabel-varsta-pensionare-anticipata-femei.webp&w=3840&q=75","0","","","","","","","Indexable",""
"https://eghiseul.ro/_next/static/chunks/90929e63aedc259f.js?dpl=dpl_67tH8DnrrsjBhYi55ERePfEYAbMi","0","","","","","","","Indexable",""
"https://eghiseul.ro/cat-costa-cadastrul-si-intabularea/","2","index, follow","index, follow, max-video-preview:-1, max-image-preview:large, max-snippet:-1","","","https://eghiseul.ro/cat-costa-cadastrul-si-intabularea/","","Indexable",""
"https://eghiseul.ro/_next/static/chunks/9308008818ac942d.js?dpl=dpl_67tH8DnrrsjBhYi55ERePfEYAbMi","0","","","","","","","Indexable",""
"https://eghiseul.ro/_next/image/?url=%2Fimages%2Farticole%2Fverificare-proprietar-imobil.webp&w=3840&q=75","0","","","","","","","Indexable",""
"https://eghiseul.ro/_next/static/chunks/c8a9242780212853.js?dpl=dpl_67tH8DnrrsjBhYi55ERePfEYAbMi","0","","","","","","","Indexable",""
"https://eghiseul.ro/_next/image/?url=%2Fog%2Fservices%2Fcertificat-constatator.png&w=3840&q=75","0","","","","","","","Indexable",""
"https://eghiseul.ro/informatii-cazier-auto-online/","2","index, follow","index, follow, max-video-preview:-1, max-image-preview:large, max-snippet:-1","","","https://eghiseul.ro/informatii-cazier-auto-online/","","Indexable",""
"https://eghiseul.ro/_next/static/chunks/a499c6769e699d68.js?dpl=dpl_67tH8DnrrsjBhYi55ERePfEYAbMi","0","","","","","","","Indexable",""
"https://eghiseul.ro/transcriere-certificat-de-nastere/","2","index, follow","index, follow, max-video-preview:-1, max-image-preview:large, max-snippet:-1","","","https://eghiseul.ro/transcriere-certificat-de-nastere/","","Indexable",""
"https://eghiseul.ro/duplicat-certificat-de-nastere/","2","index, follow","index, follow, max-video-preview:-1, max-image-preview:large, max-snippet:-1","","","https://eghiseul.ro/duplicat-certificat-de-nastere/","","Indexable",""
"https://eghiseul.ro/certificat-de-nastere-pierdut/","2","index, follow","index, follow, max-video-preview:-1, max-image-preview:large, max-snippet:-1","","","https://eghiseul.ro/certificat-de-nastere-pierdut/","","Indexable",""
"https://eghiseul.ro/tools/","2","index, follow","index, follow, max-video-preview:-1, max-image-preview:large, max-snippet:-1","","","https://eghiseul.ro/tools/","","Indexable",""
"https://eghiseul.ro/_next/static/chunks/d747167f87c47725.js?dpl=dpl_67tH8DnrrsjBhYi55ERePfEYAbMi","0","","","","","","","Indexable",""
"https://eghiseul.ro/schimbare-certificat-de-nastere-vechi/","2","index, follow","index, follow, max-video-preview:-1, max-image-preview:large, max-snippet:-1","","","https://eghiseul.ro/schimbare-certificat-de-nastere-vechi/","","Indexable",""
"https://eghiseul.ro/_next/static/chunks/6c2a9ee50aba3d63.js?dpl=dpl_67tH8DnrrsjBhYi55ERePfEYAbMi","0","","","","","","","Indexable",""
"https://eghiseul.ro/_next/static/chunks/c71dd8dc3cb8165d.js?dpl=dpl_67tH8DnrrsjBhYi55ERePfEYAbMi","0","","","","","","","Indexable",""
"https://eghiseul.ro/_next/static/chunks/4ad51ec52db1d25a.js?dpl=dpl_67tH8DnrrsjBhYi55ERePfEYAbMi","0","","","","","","","Indexable",""
"https://eghiseul.ro/taxa-cazier-judiciar/","2","index, follow","index, follow, max-video-preview:-1, max-image-preview:large, max-snippet:-1","","","https://eghiseul.ro/taxa-cazier-judiciar/","","Indexable",""
"https://eghiseul.ro/acte-necesare-certificat-de-nastere/","2","index, follow","index, follow, max-video-preview:-1, max-image-preview:large, max-snippet:-1","","","https://eghiseul.ro/acte-necesare-certificat-de-nastere/","","Indexable",""
"https://eghiseul.ro/servicii/cazier-judiciar-online/piatra-neamt/","2","index, follow","index, follow, max-video-preview:-1, max-image-preview:large, max-snippet:-1","","","https://eghiseul.ro/servicii/cazier-judiciar-online/piatra-neamt/","","Indexable",""
"https://eghiseul.ro/servicii/cazier-judiciar-online/targu-mures/","1","noindex, follow","","","","https://eghiseul.ro/servicii/cazier-judiciar-online/targu-mures/","","Non-Indexable","noindex"
"https://eghiseul.ro/servicii/cazier-judiciar-online/resita/","1","noindex, follow","","","","https://eghiseul.ro/servicii/cazier-judiciar-online/resita/","","Non-Indexable","noindex"
"https://eghiseul.ro/servicii/cazier-judiciar-online/bucuresti/","1","noindex, follow","","","","https://eghiseul.ro/servicii/cazier-judiciar-online/bucuresti/","","Non-Indexable","noindex"
"https://eghiseul.ro/servicii/cazier-judiciar-online/slatina/","1","noindex, follow","","","","https://eghiseul.ro/servicii/cazier-judiciar-online/slatina/","","Non-Indexable","noindex"
"https://eghiseul.ro/servicii/cazier-judiciar-online/tulcea/","1","noindex, follow","","","","https://eghiseul.ro/servicii/cazier-judiciar-online/tulcea/","","Non-Indexable","noindex"
"https://eghiseul.ro/servicii/cazier-judiciar-online/satu-mare/","2","index, follow","index, follow, max-video-preview:-1, max-image-preview:large, max-snippet:-1","","","https://eghiseul.ro/servicii/cazier-judiciar-online/satu-mare/","","Indexable",""
"https://eghiseul.ro/servicii/cazier-judiciar-online/buzau/","1","noindex, follow","","","","https://eghiseul.ro/servicii/cazier-judiciar-online/buzau/","","Non-Indexable","noindex"
"https://eghiseul.ro/servicii/cazier-judiciar-online/suceava/","1","noindex, follow","","","","https://eghiseul.ro/servicii/cazier-judiciar-online/suceava/","","Non-Indexable","noindex"
"https://eghiseul.ro/servicii/cazier-judiciar-online/turda/","1","noindex, follow","","","","https://eghiseul.ro/servicii/cazier-judiciar-online/turda/","","Non-Indexable","noindex"
"https://eghiseul.ro/servicii/cazier-judiciar-online/timisoara/","2","index, follow","index, follow, max-video-preview:-1, max-image-preview:large, max-snippet:-1","","","https://eghiseul.ro/servicii/cazier-judiciar-online/timisoara/","","Indexable",""
"https://eghiseul.ro/servicii/cazier-judiciar-online/bistrita/","1","noindex, follow","","","","https://eghiseul.ro/servicii/cazier-judiciar-online/bistrita/","","Non-Indexable","noindex"
"https://eghiseul.ro/servicii/cazier-judiciar-online/cluj-napoca/","2","index, follow","index, follow, max-video-preview:-1, max-image-preview:large, max-snippet:-1","","","https://eghiseul.ro/servicii/cazier-judiciar-online/cluj-napoca/","","Indexable",""
"https://eghiseul.ro/servicii/cazier-judiciar-online/alexandria/","1","noindex, follow","","","","https://eghiseul.ro/servicii/cazier-judiciar-online/alexandria/","","Non-Indexable","noindex"
"https://eghiseul.ro/servicii/cazier-judiciar-online/sibiu/","1","noindex, follow","","","","https://eghiseul.ro/servicii/cazier-judiciar-online/sibiu/","","Non-Indexable","noindex"
"https://eghiseul.ro/servicii/cazier-judiciar-online/ramnicu-valcea/","2","index, follow","index, follow, max-video-preview:-1, max-image-preview:large, max-snippet:-1","","","https://eghiseul.ro/servicii/cazier-judiciar-online/ramnicu-valcea/","","Indexable",""
"https://eghiseul.ro/servicii/cazier-judiciar-online/braila/","1","noindex, follow","","","","https://eghiseul.ro/servicii/cazier-judiciar-online/braila/","","Non-Indexable","noindex"
"https://eghiseul.ro/servicii/cazier-judiciar-online/onesti/","1","noindex, follow","","","","https://eghiseul.ro/servicii/cazier-judiciar-online/onesti/","","Non-Indexable","noindex"
"https://eghiseul.ro/servicii/cazier-judiciar-online/oradea/","1","noindex, follow","","","","https://eghiseul.ro/servicii/cazier-judiciar-online/oradea/","","Non-Indexable","noindex"
"https://eghiseul.ro/servicii/cazier-judiciar-online/miercurea-ciuc/","1","noindex, follow","","","","https://eghiseul.ro/servicii/cazier-judiciar-online/miercurea-ciuc/","","Non-Indexable","noindex"
"https://eghiseul.ro/servicii/cazier-judiciar-online/targu-jiu/","1","noindex, follow","","","","https://eghiseul.ro/servicii/cazier-judiciar-online/targu-jiu/","","Non-Indexable","noindex"
"https://eghiseul.ro/servicii/cazier-judiciar-online/alba-iulia/","1","noindex, follow","","","","https://eghiseul.ro/servicii/cazier-judiciar-online/alba-iulia/","","Non-Indexable","noindex"
"https://eghiseul.ro/servicii/cazier-judiciar-online/brasov/","1","noindex, follow","","","","https://eghiseul.ro/servicii/cazier-judiciar-online/brasov/","","Non-Indexable","noindex"
"https://eghiseul.ro/servicii/cazier-judiciar-online/constanta/","2","index, follow","index, follow, max-video-preview:-1, max-image-preview:large, max-snippet:-1","","","https://eghiseul.ro/servicii/cazier-judiciar-online/constanta/","","Indexable",""
"https://eghiseul.ro/servicii/cazier-judiciar-online/vaslui/","1","noindex, follow","","","","https://eghiseul.ro/servicii/cazier-judiciar-online/vaslui/","","Non-Indexable","noindex"
"https://eghiseul.ro/servicii/cazier-judiciar-online/giurgiu/","1","noindex, follow","","","","https://eghiseul.ro/servicii/cazier-judiciar-online/giurgiu/","","Non-Indexable","noindex"
"https://eghiseul.ro/servicii/cazier-judiciar-online/sfantu-gheorghe/","1","noindex, follow","","","","https://eghiseul.ro/servicii/cazier-judiciar-online/sfantu-gheorghe/","","Non-Indexable","noindex"
"https://eghiseul.ro/servicii/cazier-judiciar-online/lugoj/","1","noindex, follow","","","","https://eghiseul.ro/servicii/cazier-judiciar-online/lugoj/","","Non-Indexable","noindex"
"https://eghiseul.ro/_next/image/?url=%2Fimages%2Fcazier-judiciar-specimen.webp&w=3840&q=75","0","","","","","","","Indexable",""
"https://eghiseul.ro/servicii/cazier-judiciar-online/pitesti/","1","noindex, follow","","","","https://eghiseul.ro/servicii/cazier-judiciar-online/pitesti/","","Non-Indexable","noindex"
"https://eghiseul.ro/servicii/cazier-judiciar-online/zalau/","1","noindex, follow","","","","https://eghiseul.ro/servicii/cazier-judiciar-online/zalau/","","Non-Indexable","noindex"
"https://eghiseul.ro/servicii/cazier-judiciar-online/slobozia/","1","noindex, follow","","","","https://eghiseul.ro/servicii/cazier-judiciar-online/slobozia/","","Non-Indexable","noindex"
"https://eghiseul.ro/servicii/cazier-judiciar-online/sebes/","1","noindex, follow","","","","https://eghiseul.ro/servicii/cazier-judiciar-online/sebes/","","Non-Indexable","noindex"
"https://eghiseul.ro/servicii/cazier-judiciar-online/targoviste/","1","noindex, follow","","","","https://eghiseul.ro/servicii/cazier-judiciar-online/targoviste/","","Non-Indexable","noindex"
"https://eghiseul.ro/servicii/cazier-judiciar-online/baia-mare/","1","noindex, follow","","","","https://eghiseul.ro/servicii/cazier-judiciar-online/baia-mare/","","Non-Indexable","noindex"
"https://eghiseul.ro/servicii/cazier-judiciar-online/focsani/","2","index, follow","index, follow, max-video-preview:-1, max-image-preview:large, max-snippet:-1","","","https://eghiseul.ro/servicii/cazier-judiciar-online/focsani/","","Indexable",""
"https://eghiseul.ro/servicii/cazier-judiciar-online/bacau/","1","noindex, follow","","","","https://eghiseul.ro/servicii/cazier-judiciar-online/bacau/","","Non-Indexable","noindex"
"https://eghiseul.ro/servicii/cazier-judiciar-online/ploiesti/","1","noindex, follow","","","","https://eghiseul.ro/servicii/cazier-judiciar-online/ploiesti/","","Non-Indexable","noindex"
"https://eghiseul.ro/servicii/cazier-judiciar-online/calarasi/","1","noindex, follow","","","","https://eghiseul.ro/servicii/cazier-judiciar-online/calarasi/","","Non-Indexable","noindex"
"https://eghiseul.ro/servicii/cazier-judiciar-online/barlad/","1","noindex, follow","","","","https://eghiseul.ro/servicii/cazier-judiciar-online/barlad/","","Non-Indexable","noindex"
"https://eghiseul.ro/servicii/cazier-judiciar-online/galati/","1","noindex, follow","","","","https://eghiseul.ro/servicii/cazier-judiciar-online/galati/","","Non-Indexable","noindex"
"https://eghiseul.ro/servicii/cazier-judiciar-online/iasi/","2","index, follow","index, follow, max-video-preview:-1, max-image-preview:large, max-snippet:-1","","","https://eghiseul.ro/servicii/cazier-judiciar-online/iasi/","","Indexable",""
"https://eghiseul.ro/servicii/cazier-judiciar-online/drobeta-turnu-severin/","1","noindex, follow","","","","https://eghiseul.ro/servicii/cazier-judiciar-online/drobeta-turnu-severin/","","Non-Indexable","noindex"
"https://eghiseul.ro/servicii/cazier-judiciar-online/craiova/","1","noindex, follow","","","","https://eghiseul.ro/servicii/cazier-judiciar-online/craiova/","","Non-Indexable","noindex"
"https://eghiseul.ro/servicii/cazier-judiciar-online/botosani/","1","noindex, follow","","","","https://eghiseul.ro/servicii/cazier-judiciar-online/botosani/","","Non-Indexable","noindex"
"https://eghiseul.ro/_next/static/chunks/9b23adf40e997c2d.js?dpl=dpl_67tH8DnrrsjBhYi55ERePfEYAbMi","0","","","","","","","Indexable",""
"https://eghiseul.ro/servicii/cazier-judiciar-online/medias/","1","noindex, follow","","","","https://eghiseul.ro/servicii/cazier-judiciar-online/medias/","","Non-Indexable","noindex"
"https://eghiseul.ro/servicii/cazier-judiciar-online/arad/","1","noindex, follow","","","","https://eghiseul.ro/servicii/cazier-judiciar-online/arad/","","Non-Indexable","noindex"
"https://eghiseul.ro/calculator/grad-indatorare/","2","index, follow","index, follow, max-video-preview:-1, max-image-preview:large, max-snippet:-1","","","https://eghiseul.ro/calculator/grad-indatorare/","","Indexable",""
"https://eghiseul.ro/calculator/zile-concediu-odihna/","2","index, follow","index, follow, max-video-preview:-1, max-image-preview:large, max-snippet:-1","","","https://eghiseul.ro/calculator/zile-concediu-odihna/","","Indexable",""
"https://eghiseul.ro/calculator/diurna/","2","index, follow","index, follow, max-video-preview:-1, max-image-preview:large, max-snippet:-1","","","https://eghiseul.ro/calculator/diurna/","","Indexable",""
"https://eghiseul.ro/calculator/concediu-paternal/","2","index, follow","index, follow, max-video-preview:-1, max-image-preview:large, max-snippet:-1","","","https://eghiseul.ro/calculator/concediu-paternal/","","Indexable",""
"https://eghiseul.ro/calculator/cost-cadastru-intabulare/","2","index, follow","index, follow, max-video-preview:-1, max-image-preview:large, max-snippet:-1","","","https://eghiseul.ro/calculator/cost-cadastru-intabulare/","","Indexable",""
"https://eghiseul.ro/calculator/zile-lucratoare/","2","index, follow","index, follow, max-video-preview:-1, max-image-preview:large, max-snippet:-1","","","https://eghiseul.ro/calculator/zile-lucratoare/","","Indexable",""
"https://eghiseul.ro/calculator/calculator-data/","2","index, follow","index, follow, max-video-preview:-1, max-image-preview:large, max-snippet:-1","","","https://eghiseul.ro/calculator/calculator-data/","","Indexable",""
"https://eghiseul.ro/calculator/dobanda-legala/","2","index, follow","index, follow, max-video-preview:-1, max-image-preview:large, max-snippet:-1","","","https://eghiseul.ro/calculator/dobanda-legala/","","Indexable",""
"https://eghiseul.ro/calculator/concediu-maternitate/","2","index, follow","index, follow, max-video-preview:-1, max-image-preview:large, max-snippet:-1","","","https://eghiseul.ro/calculator/concediu-maternitate/","","Indexable",""
"https://eghiseul.ro/calculator/pensie-invaliditate/","2","index, follow","index, follow, max-video-preview:-1, max-image-preview:large, max-snippet:-1","","","https://eghiseul.ro/calculator/pensie-invaliditate/","","Indexable",""
"https://eghiseul.ro/servicii/cazier-judiciar-online/deva/","1","noindex, follow","","","","https://eghiseul.ro/servicii/cazier-judiciar-online/deva/","","Non-Indexable","noindex"
"https://eghiseul.ro/servicii/cazier-judiciar-online/ilfov/","1","noindex, follow","","","","https://eghiseul.ro/servicii/cazier-judiciar-online/ilfov/","","Non-Indexable","noindex"
"https://eghiseul.ro/_next/static/chunks/362268d20bab92de.js?dpl=dpl_67tH8DnrrsjBhYi55ERePfEYAbMi","0","","","","","","","Indexable",""
"https://eghiseul.ro/calculator/spor-salarial/","2","index, follow","index, follow, max-video-preview:-1, max-image-preview:large, max-snippet:-1","","","https://eghiseul.ro/calculator/spor-salarial/","","Indexable",""
"https://eghiseul.ro/calculator/inflatie/","2","index, follow","index, follow, max-video-preview:-1, max-image-preview:large, max-snippet:-1","","","https://eghiseul.ro/calculator/inflatie/","","Indexable",""
"https://eghiseul.ro/calculator/calculator-indemnizatie-crestere-copil/","2","index, follow","index, follow, max-video-preview:-1, max-image-preview:large, max-snippet:-1","","","https://eghiseul.ro/calculator/calculator-indemnizatie-crestere-copil/","","Indexable",""
"https://eghiseul.ro/cat-poti-construi-pe-teren/","2","index, follow","index, follow, max-video-preview:-1, max-image-preview:large, max-snippet:-1","","","https://eghiseul.ro/cat-poti-construi-pe-teren/","","Indexable",""
"https://eghiseul.ro/_next/static/chunks/3316b15c0866c4f4.js?dpl=dpl_67tH8DnrrsjBhYi55ERePfEYAbMi","0","","","","","","","Indexable",""
"https://eghiseul.ro/_next/static/chunks/fe40217e078eb787.js?dpl=dpl_67tH8DnrrsjBhYi55ERePfEYAbMi","0","","","","","","","Indexable",""
"https://eghiseul.ro/_next/static/chunks/08dcd9547d848e3f.js?dpl=dpl_67tH8DnrrsjBhYi55ERePfEYAbMi","0","","","","","","","Indexable",""
"https://eghiseul.ro/radiere-firma-srl-ghid/","2","index, follow","index, follow, max-video-preview:-1, max-image-preview:large, max-snippet:-1","","","https://eghiseul.ro/radiere-firma-srl-ghid/","","Indexable",""
"https://eghiseul.ro/_next/static/chunks/fafd0d2baebcca76.js?dpl=dpl_67tH8DnrrsjBhYi55ERePfEYAbMi","0","","","","","","","Indexable",""
"https://eghiseul.ro/_next/static/chunks/14d6c588e2f1286a.js?dpl=dpl_67tH8DnrrsjBhYi55ERePfEYAbMi","0","","","","","","","Indexable",""
"https://eghiseul.ro/_next/static/chunks/28e6dde3a9e91a92.js?dpl=dpl_67tH8DnrrsjBhYi55ERePfEYAbMi","0","","","","","","","Indexable",""
"https://eghiseul.ro/_next/static/chunks/e01947ec9f0e371a.js?dpl=dpl_67tH8DnrrsjBhYi55ERePfEYAbMi","0","","","","","","","Indexable",""
"https://eghiseul.ro/certificat-de-celibat-pentru-casatorie-in-strainatate/","2","index, follow","index, follow, max-video-preview:-1, max-image-preview:large, max-snippet:-1","","","https://eghiseul.ro/certificat-de-celibat-pentru-casatorie-in-strainatate/","","Indexable",""
"https://eghiseul.ro/certificat-de-nastere-din-strainatate/","2","index, follow","index, follow, max-video-preview:-1, max-image-preview:large, max-snippet:-1","","","https://eghiseul.ro/certificat-de-nastere-din-strainatate/","","Indexable",""
"https://eghiseul.ro/_next/static/chunks/488f0eac569d4cb4.js?dpl=dpl_67tH8DnrrsjBhYi55ERePfEYAbMi","0","","","","","","","Indexable",""
"https://eghiseul.ro/calculator/penalitati-anaf/","2","index, follow","index, follow, max-video-preview:-1, max-image-preview:large, max-snippet:-1","","","https://eghiseul.ro/calculator/penalitati-anaf/","","Indexable",""
"https://eghiseul.ro/_next/static/chunks/95d1fda2c512bd5f.js?dpl=dpl_67tH8DnrrsjBhYi55ERePfEYAbMi","0","","","","","","","Indexable",""
"https://eghiseul.ro/_next/static/chunks/bf187e995816e3cc.js?dpl=dpl_67tH8DnrrsjBhYi55ERePfEYAbMi","0","","","","","","","Indexable",""
"https://eghiseul.ro/cum-vor-arata-documentele-de-stare-civila-2025/","2","index, follow","index, follow, max-video-preview:-1, max-image-preview:large, max-snippet:-1","","","https://eghiseul.ro/cum-vor-arata-documentele-de-stare-civila-2025/","","Indexable",""
"https://eghiseul.ro/calculator/vechime-in-munca/","2","index, follow","index, follow, max-video-preview:-1, max-image-preview:large, max-snippet:-1","","","https://eghiseul.ro/calculator/vechime-in-munca/","","Indexable",""
"https://eghiseul.ro/model-certificat-de-casatorie/","2","index, follow","index, follow, max-video-preview:-1, max-image-preview:large, max-snippet:-1","","","https://eghiseul.ro/model-certificat-de-casatorie/","","Indexable",""
"https://eghiseul.ro/certificat-constatator-de-baza/","2","index, follow","index, follow, max-video-preview:-1, max-image-preview:large, max-snippet:-1","","","https://eghiseul.ro/certificat-constatator-de-baza/","","Indexable",""
"https://eghiseul.ro/eliberare-certificat-constatator-onrc-ghid/","2","index, follow","index, follow, max-video-preview:-1, max-image-preview:large, max-snippet:-1","","","https://eghiseul.ro/eliberare-certificat-constatator-onrc-ghid/","","Indexable",""
"https://eghiseul.ro/cele-4-tipuri-de-certificat-constatator-online/","2","index, follow","index, follow, max-video-preview:-1, max-image-preview:large, max-snippet:-1","","","https://eghiseul.ro/cele-4-tipuri-de-certificat-constatator-online/","","Indexable",""
"https://eghiseul.ro/certificat-constatator-cu-istoric/","2","index, follow","index, follow, max-video-preview:-1, max-image-preview:large, max-snippet:-1","","","https://eghiseul.ro/certificat-constatator-cu-istoric/","","Indexable",""
"https://eghiseul.ro/certificat-constatator-pfa/","2","index, follow","index, follow, max-video-preview:-1, max-image-preview:large, max-snippet:-1","","","https://eghiseul.ro/certificat-constatator-pfa/","","Indexable",""
"https://eghiseul.ro/rolul-si-atributiile-onrc-romania/","2","index, follow","index, follow, max-video-preview:-1, max-image-preview:large, max-snippet:-1","","","https://eghiseul.ro/rolul-si-atributiile-onrc-romania/","","Indexable",""
"https://eghiseul.ro/_next/static/chunks/544debfd42dfa82d.js?dpl=dpl_67tH8DnrrsjBhYi55ERePfEYAbMi","0","","","","","","","Indexable",""
"https://eghiseul.ro/certificat-constatator-insolventa/","2","index, follow","index, follow, max-video-preview:-1, max-image-preview:large, max-snippet:-1","","","https://eghiseul.ro/certificat-constatator-insolventa/","","Indexable",""
"https://eghiseul.ro/_next/static/chunks/1d0b8aa2855cfee4.js?dpl=dpl_67tH8DnrrsjBhYi55ERePfEYAbMi","0","","","","","","","Indexable",""
"https://eghiseul.ro/servicii/extras-de-carte-funciara/bucuresti/","2","index, follow","index, follow, max-video-preview:-1, max-image-preview:large, max-snippet:-1","","","https://eghiseul.ro/servicii/extras-de-carte-funciara/bucuresti/","","Indexable",""
"https://eghiseul.ro/servicii/extras-de-carte-funciara/salaj/","2","index, follow","index, follow, max-video-preview:-1, max-image-preview:large, max-snippet:-1","","","https://eghiseul.ro/servicii/extras-de-carte-funciara/salaj/","","Indexable",""
"https://eghiseul.ro/calculator/rambursare-anticipata/","2","index, follow","index, follow, max-video-preview:-1, max-image-preview:large, max-snippet:-1","","","https://eghiseul.ro/calculator/rambursare-anticipata/","","Indexable",""
"https://eghiseul.ro/_next/static/chunks/4f3dd6403008fec5.js?dpl=dpl_67tH8DnrrsjBhYi55ERePfEYAbMi","0","","","","","","","Indexable",""
"https://eghiseul.ro/_next/image/?url=%2Fimages%2Farticole%2Fmodel-certificat-de-casatorie.webp&w=3840&q=75","0","","","","","","","Indexable",""
"https://eghiseul.ro/_next/static/chunks/63097d857a5d48f1.js?dpl=dpl_67tH8DnrrsjBhYi55ERePfEYAbMi","0","","","","","","","Indexable",""
"https://eghiseul.ro/_next/static/chunks/ffdcad66b222777b.js?dpl=dpl_67tH8DnrrsjBhYi55ERePfEYAbMi","0","","","","","","","Indexable",""
"https://eghiseul.ro/_next/static/chunks/3ecb75b703034e86.js?dpl=dpl_67tH8DnrrsjBhYi55ERePfEYAbMi","0","","","","","","","Indexable",""
"https://eghiseul.ro/_next/static/chunks/5ddaed7daa2b709e.js?dpl=dpl_67tH8DnrrsjBhYi55ERePfEYAbMi","0","","","","","","","Indexable",""
"https://eghiseul.ro/_next/static/chunks/eb43911520c6405b.js?dpl=dpl_67tH8DnrrsjBhYi55ERePfEYAbMi","0","","","","","","","Indexable",""
"https://eghiseul.ro/_next/static/chunks/cbf2c042bf7376dd.js?dpl=dpl_67tH8DnrrsjBhYi55ERePfEYAbMi","0","","","","","","","Indexable",""
"https://eghiseul.ro/_next/static/chunks/5be8a907228151d9.js?dpl=dpl_67tH8DnrrsjBhYi55ERePfEYAbMi","0","","","","","","","Indexable",""
"https://eghiseul.ro/_next/static/chunks/8b7525acf2fe03bd.js?dpl=dpl_67tH8DnrrsjBhYi55ERePfEYAbMi","0","","","","","","","Indexable",""
"https://eghiseul.ro/_next/static/chunks/27b9932ab36cec04.js?dpl=dpl_67tH8DnrrsjBhYi55ERePfEYAbMi","0","","","","","","","Indexable",""
"https://eghiseul.ro/_next/static/chunks/5f65aec58a2c3092.js?dpl=dpl_67tH8DnrrsjBhYi55ERePfEYAbMi","0","","","","","","","Indexable",""
"https://eghiseul.ro/_next/static/chunks/7eec2be971914e45.js?dpl=dpl_67tH8DnrrsjBhYi55ERePfEYAbMi","0","","","","","","","Indexable",""
"https://eghiseul.ro/_next/static/chunks/5bb8d5666f40805d.js?dpl=dpl_67tH8DnrrsjBhYi55ERePfEYAbMi","0","","","","","","","Indexable",""
"https://eghiseul.ro/_next/static/chunks/df759b31b89bcfb6.js?dpl=dpl_67tH8DnrrsjBhYi55ERePfEYAbMi","0","","","","","","","Indexable",""
"https://eghiseul.ro/_next/static/chunks/65d5d14899535165.js?dpl=dpl_67tH8DnrrsjBhYi55ERePfEYAbMi","0","","","","","","","Indexable",""
"https://eghiseul.ro/_next/static/chunks/a7629f246ee8419d.js?dpl=dpl_67tH8DnrrsjBhYi55ERePfEYAbMi","0","","","","","","","Indexable",""
"https://eghiseul.ro/_next/image/?url=%2Fimages%2Farticole%2Facte-necesare-certificat-de-nastere.webp&w=3840&q=75","0","","","","","","","Indexable",""
"https://eghiseul.ro/_next/image/?url=%2Fimages%2Farticole%2Fschimbare-certificat-de-nastere-vechi.webp&w=3840&q=75","0","","","","","","","Indexable",""
"https://eghiseul.ro/_next/image/?url=%2Fimages%2Farticole%2Fcertificat-de-nastere-pierdut.webp&w=3840&q=75","0","","","","","","","Indexable",""
"https://eghiseul.ro/_next/image/?url=%2Fimages%2Farticole%2Fduplicat-certificat-de-nastere.webp&w=3840&q=75","0","","","","","","","Indexable",""
"https://eghiseul.ro/_next/static/chunks/fd520a155b5557e2.js?dpl=dpl_67tH8DnrrsjBhYi55ERePfEYAbMi","0","","","","","","","Indexable",""
"https://eghiseul.ro/_next/static/chunks/b982681752707b92.js?dpl=dpl_67tH8DnrrsjBhYi55ERePfEYAbMi","0","","","","","","","Indexable",""
"https://eghiseul.ro/_next/image/?url=%2Fimages%2Farticole%2Ftranscriere-certificat-de-nastere.webp&w=3840&q=75","0","","","","","","","Indexable",""
"https://eghiseul.ro/embed/ancpi/","1","noindex","","","300","","","Non-Indexable","noindex"
"https://eghiseul.ro/_next/image/?url=%2Fimages%2Farticole%2Fcertificat-de-celibat.webp&w=3840&q=75","0","","","","","","","Indexable",""
"https://eghiseul.ro/_next/image/?url=%2Fimages%2Farticole%2Fancpi-informare-oficiala-iulie-2026.webp&w=3840&q=75","0","","","","","","","Indexable",""
"https://eghiseul.ro/_next/static/chunks/7213b96644f4bfa3.js?dpl=dpl_67tH8DnrrsjBhYi55ERePfEYAbMi","0","","","","","","","Indexable",""
"https://eghiseul.ro/_next/image/?url=%2Fimages%2Farticole%2Fsms-fals-amenda-site-fals.webp&w=3840&q=75","0","","","","","","","Indexable",""
"https://eghiseul.ro/_next/static/chunks/9f01a629bd63a5c2.js?dpl=dpl_67tH8DnrrsjBhYi55ERePfEYAbMi","0","","","","","","","Indexable",""
"https://eghiseul.ro/_next/static/chunks/fb9d80d1294de5e9.js?dpl=dpl_67tH8DnrrsjBhYi55ERePfEYAbMi","0","","","","","","","Indexable",""
"https://eghiseul.ro/_next/static/chunks/48b78e95cf1a5717.js?dpl=dpl_67tH8DnrrsjBhYi55ERePfEYAbMi","0","","","","","","","Indexable",""
"https://eghiseul.ro/_next/static/chunks/3386cb3fd32763d7.js?dpl=dpl_67tH8DnrrsjBhYi55ERePfEYAbMi","0","","","","","","","Indexable",""
"https://eghiseul.ro/_next/static/chunks/363a556eb517555b.js?dpl=dpl_67tH8DnrrsjBhYi55ERePfEYAbMi","0","","","","","","","Indexable",""
"https://eghiseul.ro/_next/image/?url=%2Fimages%2Farticole%2Finregistrare-nastere-copil-nou-nascut.webp&w=3840&q=75","0","","","","","","","Indexable",""
"https://eghiseul.ro/ancpi-nu-functioneaza/?utm_source=embed&utm_medium=widget&utm_campaign=ancpi-status","2","index, follow","index, follow, max-video-preview:-1, max-image-preview:large, max-snippet:-1","","","https://eghiseul.ro/ancpi-nu-functioneaza/","","Non-Indexable","Canonicalised"
