"Address","Occurrences","H1-1","H1-1 Length","Indexability","Indexability Status"
"https://eghiseul.ro/","1","Cazier Judiciar și Documente Online – Prin Avocat, Fără Cozi, Livrare 24-48h","76","Indexable",""
"https://eghiseul.ro/calculator/termene-judiciare/","1","Calculator Termene Judiciare 2026","33","Indexable",""
"https://eghiseul.ro/calculator/dividende/","1","Calculator Dividende 2026","25","Indexable",""
"https://eghiseul.ro/calculator/salariu/","1","Calculator Salariu Net/Brut 2026","32","Indexable",""
"https://eghiseul.ro/servicii/cazier-fiscal-online/","1","Cazier Fiscal Online Persoană Fizică","36","Indexable",""
"https://eghiseul.ro/calculator/estimare-pensie/","1","Calculator Estimare Pensie","26","Indexable",""
"https://eghiseul.ro/servicii/","1","Serviciile noastre","18","Indexable",""
"https://eghiseul.ro/servicii/extras-multilingv-certificat-casatorie/","1","Extras Multilingv Certificat de Căsătorie — pentru UE","53","Indexable",""
"https://eghiseul.ro/servicii/extras-de-carte-funciara/","1","Extras de Carte Funciară Online","31","Indexable",""
"https://eghiseul.ro/calculator/credit-ipotecar/","1","Calculator Credit Ipotecar 2026","31","Indexable",""
"https://eghiseul.ro/servicii/identificare-imobil/","1","Identificare Imobil după Adresă","31","Indexable",""
"https://eghiseul.ro/servicii/certificat-sarcini/","1","Certificat de Sarcini pentru un imobil","38","Indexable",""
"https://eghiseul.ro/servicii/certificat-constatator-online/","1","Certificat Constatator Online de la Registrul Comerțului (ONRC)","63","Indexable",""
"https://eghiseul.ro/termeni-si-conditii/","1","Termeni și Condiții","19","Indexable",""
"https://eghiseul.ro/servicii/copie-carte-funciara/","1","Copie Carte Funciară in extenso (integrală)","43","Indexable",""
"https://eghiseul.ro/servicii/eliberare-certificat-de-casatorie/","1","Certificat de Căsătorie Online","30","Indexable",""
"https://eghiseul.ro/politica-de-anulare/","1","Politica de Anulare și Rambursare","33","Indexable",""
"https://eghiseul.ro/calculator/impozit-casa/","1","Calculator Impozit pe Casă 2026","31","Indexable",""
"https://eghiseul.ro/calculator/indemnizatie-somaj/","1","Calculator Indemnizație de Șomaj 2026","37","Indexable",""
"https://eghiseul.ro/gdpr/","1","GDPR — Protecția Datelor","24","Indexable",""
"https://eghiseul.ro/calculator/amenda-circulatie/","1","Calculator Amendă Circulație 2026","33","Indexable",""
"https://eghiseul.ro/politica-cookies/","1","Politica de Cookie-uri","22","Indexable",""
"https://eghiseul.ro/apostila-de-la-haga-ghid-acte-obtinere/","1","Apostila de la Haga: pe ce acte se aplică, unde o obții și cât costă (2026)","75","Indexable",""
"https://eghiseul.ro/servicii/certificat-urbanism-informare/","1","Certificat de Urbanism Online","29","Indexable",""
"https://eghiseul.ro/calculator/tva/","1","Calculator TVA 2026","19","Indexable",""
"https://eghiseul.ro/calculator/pensie-alimentara/","1","Calculator Pensie Alimentară 2026","33","Indexable",""
"https://eghiseul.ro/calculator/calculator-impozit-auto/","1","Calculator Impozit Auto 2026","28","Indexable",""
"https://eghiseul.ro/servicii/cazier-judiciar-online/persoana-fizica/","1","Cazier Judiciar Online Persoană Fizică","38","Indexable",""
"https://eghiseul.ro/calculator/taxe-notariale/","1","Calculator Taxe Notariale 2026","30","Indexable",""
"https://eghiseul.ro/schimbare-sediu-social-srl-ghid/","1","Schimbarea sediului social la SRL: acte, pași la ONRC și ce urmează după (2026)","79","Indexable",""
"https://eghiseul.ro/calculator/calculator-procente/","1","Calculator Procente","19","Indexable",""
"https://eghiseul.ro/servicii/plan-amplasament-delimitare/","1","Plan de Amplasament și Delimitare (PAD)","39","Indexable",""
"https://eghiseul.ro/curs-valutar/","1","Curs valutar BNR azi","20","Indexable",""
"https://eghiseul.ro/calculator/cat-pot-construi/","1","Cât pot construi pe teren?","26","Indexable",""
"https://eghiseul.ro/calculator/","1","Calculatoare online gratuite","28","Indexable",""
"https://eghiseul.ro/servicii/cazier-judiciar-online/","1","Cazier Judiciar Online","22","Indexable",""
"https://eghiseul.ro/calculator/jugar-stanjen-in-mp/","1","Convertor Jugăr și Stânjen în Metri Pătrați","43","Indexable",""
"https://eghiseul.ro/servicii/rovinieta-online/","1","Rovinieta Online 2026 — Cumpără și Plătește în 2 Minute","55","Indexable",""
"https://eghiseul.ro/calculator/concediu-medical/","1","Calculator Concediu Medical 2026","32","Indexable",""
"https://eghiseul.ro/servicii/actualizare-adresa-cf/","1","Actualizare Adresă în Cartea Funciară","37","Indexable",""
"https://eghiseul.ro/servicii/eliberare-certificat-de-celibat/","1","Certificat de Celibat Online","28","Indexable",""
"https://eghiseul.ro/tools/verificare-rovinieta-online/","1","Verificare Rovinietă Online","27","Indexable",""
"https://eghiseul.ro/servicii/eliberare-certificat-de-nastere/","1","Duplicat Certificat de Naștere de la Starea Civilă, Online","58","Indexable",""
"https://eghiseul.ro/politica-de-confidentialitate/","1","Politica de Confidențialitate","29","Indexable",""
"https://eghiseul.ro/servicii/identificare-imobile-proprietar/","1","Identificare Imobile după Proprietar","36","Indexable",""
"https://eghiseul.ro/contact/","1","Contact","7","Indexable",""
"https://eghiseul.ro/servicii/cazier-auto-online/","1","Cazier Auto Online Istoricul Sancțiunilor Rutiere","49","Indexable",""
"https://eghiseul.ro/calculator/varsta-pensionare/","1","Calculator Vârstă de Pensionare","31","Indexable",""
"https://eghiseul.ro/servicii/extras-plan-cadastral/","1","Extras de Plan Cadastral pe Ortofotoplan","40","Indexable",""
"https://eghiseul.ro/calculator/valabilitate-documente/","1","Mai e valabil documentul meu?","29","Indexable",""
"https://eghiseul.ro/suspendare-activitate-firma-ghid/","1","Suspendarea activității firmei: procedură, acte și ce obligații rămân (2026)","76","Indexable",""
"https://eghiseul.ro/servicii/extras-multilingv-certificat-nastere/","1","Extras Multilingv Certificat de Naștere — pentru UE","51","Indexable",""
"https://eghiseul.ro/blog/","1","Blog eGhișeul","13","Indexable",""
"https://eghiseul.ro/servicii/cazier-judiciar-online/persoana-juridica/","1","Cazier Judiciar Online Persoană Juridică / Firmă","48","Indexable",""
"https://eghiseul.ro/servicii/certificat-de-integritate-comportamentala/","1","Certificat de Integritate Comportamentală Online","48","Indexable",""
"https://eghiseul.ro/totul-despre-cartea-funciara-colectiva/","1","Cartea funciară colectivă: ce este, ce conține și cum obții extrasul","68","Indexable",""
"https://eghiseul.ro/inregistrare-nastere-copil-nou-nascut/","1","Înregistrarea Nașterii Copilului: Termen, Acte și Primul Certificat","67","Indexable",""
"https://eghiseul.ro/ghid-complet-certificat-de-integritate-comportamentala/","1","Certificat de Integritate Comportamentală: Ghid Complet","55","Indexable",""
"https://eghiseul.ro/verificare-proprietar-imobil/","1","Cum afli cine e proprietarul unui imobil (după adresă sau CF)","61","Indexable",""
"https://eghiseul.ro/ce-este-un-releveu/","1","Ce este un releveu și cum îl obții (apartament, casă)","53","Indexable",""
"https://eghiseul.ro/valabilitate-certificat-de-celibat/","1","Valabilitate Certificat de Celibat: 6 Luni în România, 90 de Zile în Străinătate","80","Indexable",""
"https://eghiseul.ro/calculator/reabilitare/","1","Calculator Reabilitare Cazier Judiciar","38","Indexable",""
"https://eghiseul.ro/calculator/taxa-judiciara-de-timbru/","1","Calculator Taxă Judiciară de Timbru","35","Indexable",""
"https://eghiseul.ro/calculator/contributii-pfa/","1","Calculator Contribuții PFA 2026","31","Indexable",""
"https://eghiseul.ro/calculator/impozit-chirie/","1","Calculator Impozit pe Chirie 2026","33","Indexable",""
"https://eghiseul.ro/calculator/taxe-srl/","1","Calculator Taxe SRL 2026","24","Indexable",""
"https://eghiseul.ro/cazier-fiscal-persoana-fizica/","1","Cazier fiscal pentru persoană fizică: ce este, cine îl cere și cum îl obții (2026)","82","Indexable",""
"https://eghiseul.ro/servicii/certificat-detineri-imobile/","1","Certificat privind Deținerea de Imobile","39","Indexable",""
"https://eghiseul.ro/servicii/copie-plan-cadastral/","1","Copie Plan Cadastral din Arhiva OCPI","36","Indexable",""
"https://eghiseul.ro/servicii/copie-intabulare/","1","Copie Intabulare din Cartea Funciară","36","Indexable",""
"https://eghiseul.ro/servicii/copie-inventar-coordonate/","1","Copie Inventar de Coordonate Stereo 70","38","Indexable",""
"https://eghiseul.ro/servicii/copie-plan-incadrare/","1","Copie Plan de Încadrare în Zonă","31","Indexable",""
"https://eghiseul.ro/calculator/impozit-pensie/","1","Calculator Impozit pe Pensie 2026","33","Indexable",""
"https://eghiseul.ro/servicii/extras-cf-colectiv/","1","Extras de Carte Funciară Colectivă","34","Indexable",""
"https://eghiseul.ro/servicii/copie-contract-vanzare/","1","Copie Contract Vânzare-Cumpărare","32","Indexable",""
"https://eghiseul.ro/transcriere-certificat-de-casatorie/","1","Transcriere Certificat de Căsătorie din Străinătate: Ghid Complet","65","Indexable",""
"https://eghiseul.ro/duplicat-certificat-de-casatorie/","1","Duplicat Certificat de Căsătorie: Acte, Cost și Cum Îl Obții","60","Indexable",""
"https://eghiseul.ro/servicii/copie-releveu/","1","Copie după Releveu Plan de Nivel Apartament","43","Indexable",""
"https://eghiseul.ro/servicii/copie-arhiva-ocpi/","1","Copie Certificată din Arhiva OCPI","33","Indexable",""
"https://eghiseul.ro/servicii/extras-de-carte-funciara/harghita/","1","Extras de Carte Funciară OnlineHarghita","39","Indexable",""
"https://eghiseul.ro/servicii/extras-de-carte-funciara/hunedoara/","1","Extras de Carte Funciară OnlineHunedoara","40","Indexable",""
"https://eghiseul.ro/servicii/extras-de-carte-funciara/constanta/","1","Extras de Carte Funciară OnlineConstanța","40","Indexable",""
"https://eghiseul.ro/servicii/extras-de-carte-funciara/vaslui/","1","Extras de Carte Funciară OnlineVaslui","37","Indexable",""
"https://eghiseul.ro/servicii/extras-de-carte-funciara/valcea/","1","Extras de Carte Funciară OnlineVâlcea","37","Indexable",""
"https://eghiseul.ro/servicii/extras-de-carte-funciara/dambovita/","1","Extras de Carte Funciară OnlineDâmbovița","40","Indexable",""
"https://eghiseul.ro/servicii/extras-de-carte-funciara/gorj/","1","Extras de Carte Funciară OnlineGorj","35","Indexable",""
"https://eghiseul.ro/servicii/extras-de-carte-funciara/arad/","1","Extras de Carte Funciară OnlineArad","35","Indexable",""
"https://eghiseul.ro/servicii/extras-de-carte-funciara/brasov/","1","Extras de Carte Funciară OnlineBrașov","37","Indexable",""
"https://eghiseul.ro/servicii/extras-de-carte-funciara/maramures/","1","Extras de Carte Funciară OnlineMaramureș","40","Indexable",""
"https://eghiseul.ro/servicii/extras-de-carte-funciara/giurgiu/","1","Extras de Carte Funciară OnlineGiurgiu","38","Indexable",""
"https://eghiseul.ro/servicii/extras-de-carte-funciara/botosani/","1","Extras de Carte Funciară OnlineBotoșani","39","Indexable",""
"https://eghiseul.ro/servicii/extras-de-carte-funciara/iasi/","1","Extras de Carte Funciară OnlineIași","35","Indexable",""
"https://eghiseul.ro/servicii/extras-de-carte-funciara/sibiu/","1","Extras de Carte Funciară OnlineSibiu","36","Indexable",""
"https://eghiseul.ro/extras-carte-funciara-gratuit/","1","Extras de Carte Funciară Gratuit prin MyTerra — Ghid + Limite","61","Indexable",""
"https://eghiseul.ro/servicii/extras-de-carte-funciara/olt/","1","Extras de Carte Funciară OnlineOlt","34","Indexable",""
"https://eghiseul.ro/ce-este-planul-cadastral/","1","Ce este planul cadastral (și diferența față de releveu și extras CF)","68","Indexable",""
"https://eghiseul.ro/servicii/extras-de-carte-funciara/neamt/","1","Extras de Carte Funciară OnlineNeamț","36","Indexable",""
"https://eghiseul.ro/servicii/extras-de-carte-funciara/ialomita/","1","Extras de Carte Funciară OnlineIalomița","39","Indexable",""
"https://eghiseul.ro/servicii/extras-de-carte-funciara/cluj/","1","Extras de Carte Funciară OnlineCluj","35","Indexable",""
"https://eghiseul.ro/servicii/extras-de-carte-funciara/alba/","1","Extras de Carte Funciară OnlineAlba","35","Indexable",""
"https://eghiseul.ro/servicii/extras-de-carte-funciara/mehedinti/","1","Extras de Carte Funciară OnlineMehedinți","40","Indexable",""
"https://eghiseul.ro/servicii/extras-de-carte-funciara/galati/","1","Extras de Carte Funciară OnlineGalați","37","Indexable",""
"https://eghiseul.ro/servicii/extras-de-carte-funciara/timis/","1","Extras de Carte Funciară OnlineTimiș","36","Indexable",""
"https://eghiseul.ro/servicii/extras-de-carte-funciara/caras-severin/","1","Extras de Carte Funciară OnlineCaraș-Severin","44","Indexable",""
"https://eghiseul.ro/servicii/extras-de-carte-funciara/bacau/","1","Extras de Carte Funciară OnlineBacău","36","Indexable",""
"https://eghiseul.ro/servicii/extras-de-carte-funciara/covasna/","1","Extras de Carte Funciară OnlineCovasna","38","Indexable",""
"https://eghiseul.ro/servicii/extras-de-carte-funciara/buzau/","1","Extras de Carte Funciară OnlineBuzău","36","Indexable",""
"https://eghiseul.ro/servicii/extras-de-carte-funciara/dolj/","1","Extras de Carte Funciară OnlineDolj","35","Indexable",""
"https://eghiseul.ro/valabilitate-extras-de-carte-funciara/","1","Valabilitate Extras de Carte Funciară: Cât Este Valabil","55","Indexable",""
"https://eghiseul.ro/servicii/extras-de-carte-funciara/ilfov/","1","Extras de Carte Funciară OnlineIlfov","36","Indexable",""
"https://eghiseul.ro/servicii/extras-de-carte-funciara/tulcea/","1","Extras de Carte Funciară OnlineTulcea","37","Indexable",""
"https://eghiseul.ro/servicii/extras-de-carte-funciara/satu-mare/","1","Extras de Carte Funciară OnlineSatu Mare","40","Indexable",""
"https://eghiseul.ro/servicii/extras-de-carte-funciara/teleorman/","1","Extras de Carte Funciară OnlineTeleorman","40","Indexable",""
"https://eghiseul.ro/servicii/extras-de-carte-funciara/vrancea/","1","Extras de Carte Funciară OnlineVrancea","38","Indexable",""
"https://eghiseul.ro/servicii/extras-de-carte-funciara/bistrita-nasaud/","1","Extras de Carte Funciară OnlineBistrița-Năsăud","46","Indexable",""
"https://eghiseul.ro/servicii/extras-de-carte-funciara/arges/","1","Extras de Carte Funciară OnlineArgeș","36","Indexable",""
"https://eghiseul.ro/servicii/extras-de-carte-funciara/mures/","1","Extras de Carte Funciară OnlineMureș","36","Indexable",""
"https://eghiseul.ro/servicii/extras-de-carte-funciara/bihor/","1","Extras de Carte Funciară OnlineBihor","36","Indexable",""
"https://eghiseul.ro/servicii/extras-de-carte-funciara/suceava/","1","Extras de Carte Funciară OnlineSuceava","38","Indexable",""
"https://eghiseul.ro/servicii/extras-de-carte-funciara/braila/","1","Extras de Carte Funciară OnlineBrăila","37","Indexable",""
"https://eghiseul.ro/servicii/extras-de-carte-funciara/prahova/","1","Extras de Carte Funciară OnlinePrahova","38","Indexable",""
"https://eghiseul.ro/tabel-varsta-pensionare-anticipata-femei/","1","Tabel Vârstă Pensionare Anticipată Femei (actualizat)","53","Indexable",""
"https://eghiseul.ro/cum-aflam-numarul-carte-functionara-si-nr-cadastral/","1","Numărul cadastral și numărul de carte funciară: cum le afli și cum localizezi terenul","85","Indexable",""
"https://eghiseul.ro/servicii/extras-de-carte-funciara/calarasi/","1","Extras de Carte Funciară OnlineCălărași","39","Indexable",""
"https://eghiseul.ro/certificat-constatator-pentru-fonduri-europene/","1","Certificat Constatator pentru Fonduri Europene și APIA: Ghid Complet","68","Indexable",""
"https://eghiseul.ro/cazier-fiscal-fara-spv/","1","Cazier fiscal din SPV: cum îl ceri online de la ANAF și ce faci dacă nu poți activa contul (2026)","97","Indexable",""
"https://eghiseul.ro/sms-fals-amenda-ghiseul-ro/","1","SMS Fals cu Amendă de la „Ministerul Transporturilor”: frauda care imită Ghișeul.ro","83","Indexable",""
"https://eghiseul.ro/certificat-constatator-pentru-notar/","1","Certificat Constatator pentru Notar: Ce Tip Îți Cere și Cum Îl Obții","68","Indexable",""
"https://eghiseul.ro/cazier-si-certificat-de-integritate-pentru-profesori/","1","Cazier judiciar și certificat de integritate pentru profesori: ce îți trebuie la începutul anului școlar","104","Indexable",""
"https://eghiseul.ro/certificat-constatator-pentru-banca/","1","Certificat Constatator pentru Bancă: De Ce Îl Cere și Cum Îl Obții","66","Indexable",""
"https://eghiseul.ro/cazier-judiciar-vs-certificat-integritate-comportamentala/","1","Cazier Judiciar vs Certificat de Integritate Comportamentală","60","Indexable",""
"https://eghiseul.ro/verificare-cazier-fiscal/","1","Verificare cazier fiscal: cum afli ce ai înscris, dacă certificatul e autentic și cât mai e valabil","99","Indexable",""
"https://eghiseul.ro/ancpi-nu-functioneaza/","1","ANCPI și e-Terra: atac cibernetic, blocaj național din 13 iulie — sistemele revin etapizat, dar încă cu probleme; extrasul de carte funciară se poate obține în 2 zile lucrătoare","177","Indexable",""
"https://eghiseul.ro/cazier-fiscal-firma/","1","Cazier fiscal pentru firmă (persoană juridică): când se cere și ce verifică Registrul Comerțului (2026)","103","Indexable",""
"https://eghiseul.ro/tva-9-locuinte-31-iulie-2026/","1","TVA 9% la locuințe: Senatul a votat prelungirea până pe 30 septembrie 2026. Ce e sigur și ce nu","95","Indexable",""
"https://eghiseul.ro/certificat-de-nastere-pentru-buletin-pasaport/","1","Certificat de naștere pentru buletin, pașaport, botez sau căsătorie: când se cere (2026)","88","Indexable",""
"https://eghiseul.ro/acte-necesare-casatorie/","1","Acte Necesare Căsătorie: Dosarul Complet la Starea Civilă","57","Indexable",""
"https://eghiseul.ro/certificat-constatator-pentru-licitatie/","1","Certificat Constatator pentru Licitație (SEAP/SICAP): Ghid Complet","66","Indexable",""
"https://eghiseul.ro/amenda-rovinieta-2025-tarife-plata-online-ghid-complet/","1","Amendă Rovinietă 2026: Tarife, Plată Online și Contestație","58","Indexable",""
"https://eghiseul.ro/cazier-judiciar-online-gratuit/","1","Cazier judiciar online gratuit: cum îl scoți singur prin ghiseul.ro sau HUB MAI și când ruta gratuită nu funcționează","117","Indexable",""
"https://eghiseul.ro/anii-lucrati-in-strainatate-se-pun-la-pensie-in-romania/","1","Anii lucrați în străinătate se pun la pensie în România?","56","Indexable",""
"https://eghiseul.ro/extras-de-carte-funciara-pentru-casa-verde/","1","Extras de Carte Funciară pentru Casa Verde 2024 – Ghid Complet","62","Indexable",""
"https://eghiseul.ro/certificat-de-celibat/","1","Certificat de Celibat (Anexa 9): Ce Este și Cum Îl Obții","56","Indexable",""
"https://eghiseul.ro/cat-costa-cadastrul-si-intabularea/","1","Cât Costă Cadastrul și Intabularea în 2026? Prețuri reale + acte necesare","73","Indexable",""
"https://eghiseul.ro/informatii-cazier-auto-online/","1","Cazier Auto Online: Tot Ce Trebuie Să Știi","42","Indexable",""
"https://eghiseul.ro/transcriere-certificat-de-nastere/","1","Transcriere Certificat de Naștere din Străinătate: Ghid Complet","63","Indexable",""
"https://eghiseul.ro/duplicat-certificat-de-nastere/","1","Duplicat Certificat de Naștere: Cum Îl Obții de la Orice Primărie","65","Indexable",""
"https://eghiseul.ro/certificat-de-nastere-pierdut/","1","Certificat de Naștere Pierdut: Ce Faci și Cum Obții Duplicatul","62","Indexable",""
"https://eghiseul.ro/tools/","1","Instrumente online gratuite","27","Indexable",""
"https://eghiseul.ro/schimbare-certificat-de-nastere-vechi/","1","Schimbare Certificat de Naștere Vechi cu Unul Nou: Ghid Complet","63","Indexable",""
"https://eghiseul.ro/taxa-cazier-judiciar/","1","Taxa pentru cazier judiciar: cât e de fapt și ce plătești online","64","Indexable",""
"https://eghiseul.ro/acte-necesare-certificat-de-nastere/","1","Acte Necesare Certificat de Naștere: Listă Completă pe Situații","63","Indexable",""
"https://eghiseul.ro/servicii/cazier-judiciar-online/piatra-neamt/","1","Cazier Judiciar Online Piatra Neamț — Rapid, Fără Drum la Ghișeu","64","Indexable",""
"https://eghiseul.ro/servicii/cazier-judiciar-online/targu-mures/","1","Cazier Judiciar Online Târgu Mureș — Rapid, Fără Drum la Ghișeu","63","Non-Indexable","noindex"
"https://eghiseul.ro/servicii/cazier-judiciar-online/resita/","1","Cazier Judiciar Online Reșița — Rapid, Fără Drum la Ghișeu","58","Non-Indexable","noindex"
"https://eghiseul.ro/servicii/cazier-judiciar-online/bucuresti/","1","Cazier Judiciar Online București — Rapid, Fără Drum la Ghișeu","61","Non-Indexable","noindex"
"https://eghiseul.ro/servicii/cazier-judiciar-online/slatina/","1","Cazier Judiciar Online Slatina — Rapid, Fără Drum la Ghișeu","59","Non-Indexable","noindex"
"https://eghiseul.ro/servicii/cazier-judiciar-online/tulcea/","1","Cazier Judiciar Online Tulcea — Rapid, Fără Drum la Ghișeu","58","Non-Indexable","noindex"
"https://eghiseul.ro/servicii/cazier-judiciar-online/satu-mare/","1","Cazier Judiciar Online Satu Mare — Rapid, Fără Drum la Ghișeu","61","Indexable",""
"https://eghiseul.ro/servicii/cazier-judiciar-online/buzau/","1","Cazier Judiciar Online Buzău — Rapid, Fără Drum la Ghișeu","57","Non-Indexable","noindex"
"https://eghiseul.ro/servicii/cazier-judiciar-online/suceava/","1","Cazier Judiciar Online Suceava — Rapid, Fără Drum la Ghișeu","59","Non-Indexable","noindex"
"https://eghiseul.ro/servicii/cazier-judiciar-online/turda/","1","Cazier Judiciar Online Turda — Rapid, Fără Drum la Ghișeu","57","Non-Indexable","noindex"
"https://eghiseul.ro/servicii/cazier-judiciar-online/timisoara/","1","Cazier Judiciar Online Timișoara — Rapid, Fără Drum la Ghișeu","61","Indexable",""
"https://eghiseul.ro/servicii/cazier-judiciar-online/bistrita/","1","Cazier Judiciar Online Bistrița — Rapid, Fără Drum la Ghișeu","60","Non-Indexable","noindex"
"https://eghiseul.ro/servicii/cazier-judiciar-online/cluj-napoca/","1","Cazier Judiciar Online Cluj-Napoca — Rapid, Fără Drum la Ghișeu","63","Indexable",""
"https://eghiseul.ro/servicii/cazier-judiciar-online/alexandria/","1","Cazier Judiciar Online Alexandria — Rapid, Fără Drum la Ghișeu","62","Non-Indexable","noindex"
"https://eghiseul.ro/servicii/cazier-judiciar-online/sibiu/","1","Cazier Judiciar Online Sibiu — Rapid, Fără Drum la Ghișeu","57","Non-Indexable","noindex"
"https://eghiseul.ro/servicii/cazier-judiciar-online/ramnicu-valcea/","1","Cazier Judiciar Online Râmnicu Vâlcea — Rapid, Fără Drum la Ghișeu","66","Indexable",""
"https://eghiseul.ro/servicii/cazier-judiciar-online/braila/","1","Cazier Judiciar Online Brăila — Rapid, Fără Drum la Ghișeu","58","Non-Indexable","noindex"
"https://eghiseul.ro/servicii/cazier-judiciar-online/onesti/","1","Cazier Judiciar Online Onești — Rapid, Fără Drum la Ghișeu","58","Non-Indexable","noindex"
"https://eghiseul.ro/servicii/cazier-judiciar-online/oradea/","1","Cazier Judiciar Online Oradea — Rapid, Fără Drum la Ghișeu","58","Non-Indexable","noindex"
"https://eghiseul.ro/servicii/cazier-judiciar-online/miercurea-ciuc/","1","Cazier Judiciar Online Miercurea Ciuc — Rapid, Fără Drum la Ghișeu","66","Non-Indexable","noindex"
"https://eghiseul.ro/servicii/cazier-judiciar-online/targu-jiu/","1","Cazier Judiciar Online Târgu Jiu — Rapid, Fără Drum la Ghișeu","61","Non-Indexable","noindex"
"https://eghiseul.ro/servicii/cazier-judiciar-online/alba-iulia/","1","Cazier Judiciar Online Alba Iulia — Rapid, Fără Drum la Ghișeu","62","Non-Indexable","noindex"
"https://eghiseul.ro/servicii/cazier-judiciar-online/brasov/","1","Cazier Judiciar Online Brașov — Rapid, Fără Drum la Ghișeu","58","Non-Indexable","noindex"
"https://eghiseul.ro/servicii/cazier-judiciar-online/constanta/","1","Cazier Judiciar Online Constanța — Rapid, Fără Drum la Ghișeu","61","Indexable",""
"https://eghiseul.ro/servicii/cazier-judiciar-online/vaslui/","1","Cazier Judiciar Online Vaslui — Rapid, Fără Drum la Ghișeu","58","Non-Indexable","noindex"
"https://eghiseul.ro/servicii/cazier-judiciar-online/giurgiu/","1","Cazier Judiciar Online Giurgiu — Rapid, Fără Drum la Ghișeu","59","Non-Indexable","noindex"
"https://eghiseul.ro/servicii/cazier-judiciar-online/sfantu-gheorghe/","1","Cazier Judiciar Online Sfântu Gheorghe — Rapid, Fără Drum la Ghișeu","67","Non-Indexable","noindex"
"https://eghiseul.ro/servicii/cazier-judiciar-online/lugoj/","1","Cazier Judiciar Online Lugoj — Rapid, Fără Drum la Ghișeu","57","Non-Indexable","noindex"
"https://eghiseul.ro/servicii/cazier-judiciar-online/pitesti/","1","Cazier Judiciar Online Pitești — Rapid, Fără Drum la Ghișeu","59","Non-Indexable","noindex"
"https://eghiseul.ro/servicii/cazier-judiciar-online/zalau/","1","Cazier Judiciar Online Zalău — Rapid, Fără Drum la Ghișeu","57","Non-Indexable","noindex"
"https://eghiseul.ro/servicii/cazier-judiciar-online/slobozia/","1","Cazier Judiciar Online Slobozia — Rapid, Fără Drum la Ghișeu","60","Non-Indexable","noindex"
"https://eghiseul.ro/servicii/cazier-judiciar-online/sebes/","1","Cazier Judiciar Online Sebeș — Rapid, Fără Drum la Ghișeu","57","Non-Indexable","noindex"
"https://eghiseul.ro/servicii/cazier-judiciar-online/targoviste/","1","Cazier Judiciar Online Târgoviște — Rapid, Fără Drum la Ghișeu","62","Non-Indexable","noindex"
"https://eghiseul.ro/servicii/cazier-judiciar-online/baia-mare/","1","Cazier Judiciar Online Baia Mare — Rapid, Fără Drum la Ghișeu","61","Non-Indexable","noindex"
"https://eghiseul.ro/servicii/cazier-judiciar-online/focsani/","1","Cazier Judiciar Online Focșani — Rapid, Fără Drum la Ghișeu","59","Indexable",""
"https://eghiseul.ro/servicii/cazier-judiciar-online/bacau/","1","Cazier Judiciar Online Bacău — Rapid, Fără Drum la Ghișeu","57","Non-Indexable","noindex"
"https://eghiseul.ro/servicii/cazier-judiciar-online/ploiesti/","1","Cazier Judiciar Online Ploiești — Rapid, Fără Drum la Ghișeu","60","Non-Indexable","noindex"
"https://eghiseul.ro/servicii/cazier-judiciar-online/calarasi/","1","Cazier Judiciar Online Călărași — Rapid, Fără Drum la Ghișeu","60","Non-Indexable","noindex"
"https://eghiseul.ro/servicii/cazier-judiciar-online/barlad/","1","Cazier Judiciar Online Bârlad — Rapid, Fără Drum la Ghișeu","58","Non-Indexable","noindex"
"https://eghiseul.ro/servicii/cazier-judiciar-online/galati/","1","Cazier Judiciar Online Galați — Rapid, Fără Drum la Ghișeu","58","Non-Indexable","noindex"
"https://eghiseul.ro/servicii/cazier-judiciar-online/iasi/","1","Cazier Judiciar Online Iași — Rapid, Fără Drum la Ghișeu","56","Indexable",""
"https://eghiseul.ro/servicii/cazier-judiciar-online/drobeta-turnu-severin/","1","Cazier Judiciar Online Drobeta-Turnu Severin — Rapid, Fără Drum la Ghișeu","73","Non-Indexable","noindex"
"https://eghiseul.ro/servicii/cazier-judiciar-online/craiova/","1","Cazier Judiciar Online Craiova — Rapid, Fără Drum la Ghișeu","59","Non-Indexable","noindex"
"https://eghiseul.ro/servicii/cazier-judiciar-online/botosani/","1","Cazier Judiciar Online Botoșani — Rapid, Fără Drum la Ghișeu","60","Non-Indexable","noindex"
"https://eghiseul.ro/servicii/cazier-judiciar-online/medias/","1","Cazier Judiciar Online Mediaș — Rapid, Fără Drum la Ghișeu","58","Non-Indexable","noindex"
"https://eghiseul.ro/servicii/cazier-judiciar-online/arad/","1","Cazier Judiciar Online Arad — Rapid, Fără Drum la Ghișeu","56","Non-Indexable","noindex"
"https://eghiseul.ro/calculator/grad-indatorare/","1","Calculator Grad de Îndatorare 2026","34","Indexable",""
"https://eghiseul.ro/calculator/zile-concediu-odihna/","1","Calculator Zile Concediu de Odihnă","34","Indexable",""
"https://eghiseul.ro/calculator/diurna/","1","Calculator Diurnă 2026","22","Indexable",""
"https://eghiseul.ro/calculator/concediu-paternal/","1","Calculator Concediu Paternal 2026","33","Indexable",""
"https://eghiseul.ro/calculator/cost-cadastru-intabulare/","1","Cât costă cadastrul și intabularea?","35","Indexable",""
"https://eghiseul.ro/calculator/zile-lucratoare/","1","Calculator Zile Lucrătoare 2026","31","Indexable",""
"https://eghiseul.ro/calculator/calculator-data/","1","Calculator Dată 2026","20","Indexable",""
"https://eghiseul.ro/calculator/dobanda-legala/","1","Calculator Dobândă Legală 2026","30","Indexable",""
"https://eghiseul.ro/calculator/concediu-maternitate/","1","Calculator Concediu Maternitate 2026","36","Indexable",""
"https://eghiseul.ro/calculator/pensie-invaliditate/","1","Calculator Pensie de Invaliditate","33","Indexable",""
"https://eghiseul.ro/servicii/cazier-judiciar-online/deva/","1","Cazier Judiciar Online Deva — Rapid, Fără Drum la Ghișeu","56","Non-Indexable","noindex"
"https://eghiseul.ro/servicii/cazier-judiciar-online/ilfov/","1","Cazier Judiciar Online Ilfov — Rapid, Fără Drum la Ghișeu","57","Non-Indexable","noindex"
"https://eghiseul.ro/calculator/spor-salarial/","1","Calculator Spor Noapte și Ore Suplimentare 2026","47","Indexable",""
"https://eghiseul.ro/calculator/inflatie/","1","Calculator Inflație","19","Indexable",""
"https://eghiseul.ro/calculator/calculator-indemnizatie-crestere-copil/","1","Calculator Indemnizație Creștere Copil 2026","43","Indexable",""
"https://eghiseul.ro/cat-poti-construi-pe-teren/","1","Cât Poți Construi pe Terenul Tău? POT și CUT explicate simplu","61","Indexable",""
"https://eghiseul.ro/radiere-firma-srl-ghid/","1","Radierea unei firme (SRL): etape, acte, durată și greșeli de evitat (2026)","74","Indexable",""
"https://eghiseul.ro/certificat-de-celibat-pentru-casatorie-in-strainatate/","1","Certificat de Celibat pentru Căsătorie în Străinătate: Apostilă și Traducere","76","Indexable",""
"https://eghiseul.ro/certificat-de-nastere-din-strainatate/","1","Certificat de naștere când ești plecat din țară: duplicat, extras multilingv sau apostilă — ce îți trebuie de fapt","114","Indexable",""
"https://eghiseul.ro/calculator/penalitati-anaf/","1","Calculator Penalități și Dobânzi ANAF","37","Indexable",""
"https://eghiseul.ro/cum-vor-arata-documentele-de-stare-civila-2025/","1","Cum Vor Arăta Noile Documente de Stare Civilă (2025)","52","Indexable",""
"https://eghiseul.ro/calculator/vechime-in-munca/","1","Calculator Vechime în Muncă","27","Indexable",""
"https://eghiseul.ro/model-certificat-de-casatorie/","1","Model Certificat de Căsătorie: Cum Arată și Ce Conține","54","Indexable",""
"https://eghiseul.ro/certificat-constatator-de-baza/","1","Certificat constatator de bază: preț, ce conține, cum îl obții în minute","72","Indexable",""
"https://eghiseul.ro/eliberare-certificat-constatator-onrc-ghid/","1","Eliberare Certificat Constatator de la ONRC: Ghid Complet","57","Indexable",""
"https://eghiseul.ro/cele-4-tipuri-de-certificat-constatator-online/","1","Tipurile de certificat constatator online: ghid actualizat","58","Indexable",""
"https://eghiseul.ro/certificat-constatator-cu-istoric/","1","Certificat constatator cu istoric: ce conține, preț, cum îl obții","65","Indexable",""
"https://eghiseul.ro/certificat-constatator-pfa/","1","Certificat constatator PFA: cum îl obții online, preț, ce conține","65","Indexable",""
"https://eghiseul.ro/rolul-si-atributiile-onrc-romania/","1","Ce face ONRC, de fapt: registrul, înmatriculările și certificatul constatator","77","Indexable",""
"https://eghiseul.ro/certificat-constatator-insolventa/","1","Certificat constatator pentru insolvență: preț și eliberare online","66","Indexable",""
"https://eghiseul.ro/servicii/extras-de-carte-funciara/bucuresti/","1","Extras de Carte Funciară OnlineBucurești","40","Indexable",""
"https://eghiseul.ro/servicii/extras-de-carte-funciara/salaj/","1","Extras de Carte Funciară OnlineSălaj","36","Indexable",""
"https://eghiseul.ro/calculator/rambursare-anticipata/","1","Calculator Rambursare Anticipată Credit","39","Indexable",""
"https://eghiseul.ro/embed/ancpi/","0","","0","Non-Indexable","noindex"
"https://eghiseul.ro/ancpi-nu-functioneaza/?utm_source=embed&utm_medium=widget&utm_campaign=ancpi-status","1","ANCPI și e-Terra: atac cibernetic, blocaj național din 13 iulie — sistemele revin etapizat, dar încă cu probleme; extrasul de carte funciară se poate obține în 2 zile lucrătoare","177","Non-Indexable","Canonicalised"
