"Address","Title 1","Occurrences","HTML hreflang 1","HTML hreflang 1 URL","HTTP hreflang 1","HTTP hreflang 1 URL","Sitemap hreflang 1","Sitemap hreflang 1 URL","Indexability","Indexability Status"
"https://eghiseul.ro/","eGhișeul.ro — Documente Online: Cazier, Carte Funciară","0","","","","","","","Indexable",""
"https://eghiseul.ro/calculator/termene-judiciare/","Calculator Termene Judiciare 2026 — Exact, Gratuit, pe Loc | eGhiseul.ro","0","","","","","","","Indexable",""
"https://eghiseul.ro/calculator/dividende/","Calculator Dividende 2026 — Impozit 16% și CASS | eGhiseul.ro","0","","","","","","","Indexable",""
"https://eghiseul.ro/calculator/salariu/","Calculator Salariu Net 2026 — Brut în Net și Invers, Gratuit | eGhiseul.ro","0","","","","","","","Indexable",""
"https://eghiseul.ro/servicii/cazier-fiscal-online/","Cazier Fiscal Online persoană fizică — ANAF, fără SPV | eGhiseul.ro","0","","","","","","","Indexable",""
"https://eghiseul.ro/calculator/estimare-pensie/","Calculator Estimare Pensie 2026 — Puncte și Cuantum | eGhiseul.ro","0","","","","","","","Indexable",""
"https://eghiseul.ro/servicii/","Servicii | Documente online pentru România | eGhiseul.ro","0","","","","","","","Indexable",""
"https://eghiseul.ro/servicii/extras-multilingv-certificat-casatorie/","Extras Multilingv Certificat de Căsătorie 2026 — pentru UE, Fără Traducere | eGhiseul.ro","0","","","","","","","Indexable",""
"https://eghiseul.ro/servicii/extras-de-carte-funciara/","Extras Carte Funciară Online în 5 Minute — Automat, 24/7 | eGhiseul.ro","0","","","","","","","Indexable",""
"https://eghiseul.ro/calculator/credit-ipotecar/","Calculator Credit Ipotecar 2026 — Rata Lunară | eGhiseul.ro","0","","","","","","","Indexable",""
"https://eghiseul.ro/servicii/identificare-imobil/","Număr Cadastral după Adresă — Îl Aflăm Noi | Extras CF | eGhiseul.ro","0","","","","","","","Indexable",""
"https://eghiseul.ro/servicii/certificat-sarcini/","Certificat de Sarcini — Verifică Grevările unui Imobil | OCPI | eGhiseul.ro","0","","","","","","","Indexable",""
"https://eghiseul.ro/servicii/certificat-constatator-online/","Certificat Constatator Online în Câteva Minute — 89 RON (2026) | eGhiseul.ro","0","","","","","","","Indexable",""
"https://eghiseul.ro/termeni-si-conditii/","Termeni și Condiții | eGhiseul.ro","0","","","","","","","Indexable",""
"https://eghiseul.ro/servicii/copie-carte-funciara/","Copie Carte Funciară in extenso (integrală) — OCPI / ANCPI | eGhiseul.ro","0","","","","","","","Indexable",""
"https://eghiseul.ro/servicii/eliberare-certificat-de-casatorie/","Certificat de Căsătorie Online — Duplicat de la Starea Civilă | eGhiseul.ro","0","","","","","","","Indexable",""
"https://eghiseul.ro/politica-de-anulare/","Politica de Anulare și Rambursare | eGhiseul.ro","0","","","","","","","Indexable",""
"https://eghiseul.ro/calculator/impozit-casa/","Calculator Impozit pe Casă (Clădiri) 2026 | eGhiseul.ro","0","","","","","","","Indexable",""
"https://eghiseul.ro/calculator/indemnizatie-somaj/","Calculator Indemnizație de Șomaj 2026 | eGhiseul.ro","0","","","","","","","Indexable",""
"https://eghiseul.ro/gdpr/","GDPR — Protecția Datelor | eGhiseul.ro","0","","","","","","","Indexable",""
"https://eghiseul.ro/calculator/amenda-circulatie/","Calculator Amendă Circulație 2026 + Puncte de Penalizare | eGhiseul.ro","0","","","","","","","Indexable",""
"https://eghiseul.ro/politica-cookies/","Politica de Cookie-uri | eGhiseul.ro","0","","","","","","","Indexable",""
"https://eghiseul.ro/apostila-de-la-haga-ghid-acte-obtinere/","Apostila de la Haga: pe ce acte se aplică, unde o obții și cât costă (2026) | eGhiseul.ro","0","","","","","","","Indexable",""
"https://eghiseul.ro/servicii/certificat-urbanism-informare/","Certificat de Urbanism Online — Îl Obținem Noi de la Primărie | eGhiseul.ro","0","","","","","","","Indexable",""
"https://eghiseul.ro/calculator/tva/","Calculator TVA 2026 — Adaugă sau Scoate TVA 21%, Gratuit | eGhiseul.ro","0","","","","","","","Indexable",""
"https://eghiseul.ro/calculator/pensie-alimentara/","Calculator Pensie Alimentară 2026 — Cât Trebuie să Plătești | eGhiseul.ro","0","","","","","","","Indexable",""
"https://eghiseul.ro/calculator/calculator-impozit-auto/","Calculator Impozit Auto 2026 — Taxa pe Mașină | eGhiseul.ro","0","","","","","","","Indexable",""
"https://eghiseul.ro/servicii/cazier-judiciar-online/persoana-fizica/","Cazier Judiciar Persoană Fizică Online — 198 RON | eGhiseul.ro","0","","","","","","","Indexable",""
"https://eghiseul.ro/calculator/taxe-notariale/","Calculator Taxe Notariale 2026 — Vânzare, Donație, Succesiune | eGhiseul.ro","0","","","","","","","Indexable",""
"https://eghiseul.ro/schimbare-sediu-social-srl-ghid/","Schimbarea sediului social la SRL: acte, pași la ONRC și ce urmează după (2026) | eGhiseul.ro","0","","","","","","","Indexable",""
"https://eghiseul.ro/calculator/calculator-procente/","Calculator Procente Online — Cât e X% din Y | eGhiseul.ro","0","","","","","","","Indexable",""
"https://eghiseul.ro/servicii/plan-amplasament-delimitare/","Plan de Amplasament și Delimitare (PAD) din Arhiva OCPI | eGhiseul.ro","0","","","","","","","Indexable",""
"https://eghiseul.ro/curs-valutar/","Curs Valutar BNR Azi — Euro, Dolar, Liră (Convertor + Grafice) | eGhiseul.ro","0","","","","","","","Indexable",""
"https://eghiseul.ro/calculator/cat-pot-construi/","Cât Pot Construi pe Teren? Calculator POT și CUT | eGhiseul.ro","0","","","","","","","Indexable",""
"https://eghiseul.ro/calculator/","Calculatoare Online Gratuite 2026 — eGhișeul.ro | eGhiseul.ro","0","","","","","","","Indexable",""
"https://eghiseul.ro/servicii/cazier-judiciar-online/","Cazier Judiciar Online 2026 — Fără Drumuri, în 3-5 Zile | eGhiseul.ro","0","","","","","","","Indexable",""
"https://eghiseul.ro/calculator/jugar-stanjen-in-mp/","Convertor Jugăr și Stânjen în Metri Pătrați — Unități Vechi de Teren | eGhiseul.ro","0","","","","","","","Indexable",""
"https://eghiseul.ro/servicii/rovinieta-online/","Rovinieta Online 2026 — Cumpără și Plătește în 2 Minute | eGhiseul.ro","0","","","","","","","Indexable",""
"https://eghiseul.ro/calculator/concediu-medical/","Calculator Concediu Medical 2026 — Indemnizație | eGhiseul.ro","0","","","","","","","Indexable",""
"https://eghiseul.ro/servicii/actualizare-adresa-cf/","Actualizare Adresă în Cartea Funciară (OCPI/ANCPI) | eGhiseul.ro","0","","","","","","","Indexable",""
"https://eghiseul.ro/servicii/eliberare-certificat-de-celibat/","Certificat de Celibat Online România — Rapid, de la Starea Civilă | eGhiseul.ro","0","","","","","","","Indexable",""
"https://eghiseul.ro/tools/verificare-rovinieta-online/","Verificare Rovinietă Online — Gratuit, După Număr | eGhiseul.ro","0","","","","","","","Indexable",""
"https://eghiseul.ro/servicii/eliberare-certificat-de-nastere/","Certificat de Naștere Online — Duplicat de la Starea Civilă | eGhiseul.ro","0","","","","","","","Indexable",""
"https://eghiseul.ro/politica-de-confidentialitate/","Politica de Confidențialitate | eGhiseul.ro","0","","","","","","","Indexable",""
"https://eghiseul.ro/servicii/identificare-imobile-proprietar/","Identificare Imobile după Proprietar — Lista Bunurilor | eGhiseul.ro","0","","","","","","","Indexable",""
"https://eghiseul.ro/contact/","Contact — eGhișeul.ro | eGhiseul.ro","0","","","","","","","Indexable",""
"https://eghiseul.ro/servicii/cazier-auto-online/","Cazier Auto Online — Istoricul Sancțiunilor Rutiere, fără Drumuri | eGhiseul.ro","0","","","","","","","Indexable",""
"https://eghiseul.ro/calculator/varsta-pensionare/","Calculator Vârstă de Pensionare 2026 — Când Ies la Pensie | eGhiseul.ro","0","","","","","","","Indexable",""
"https://eghiseul.ro/servicii/extras-plan-cadastral/","Extras de Plan Cadastral pe Ortofotoplan ANCPI | eGhiseul.ro","0","","","","","","","Indexable",""
"https://eghiseul.ro/calculator/valabilitate-documente/","Mai E Valabil Documentul Meu? Verificare Valabilitate Cazier, Extras CF, Constatator | eGhiseul.ro","0","","","","","","","Indexable",""
"https://eghiseul.ro/suspendare-activitate-firma-ghid/","Suspendarea activității firmei: procedură, acte și ce obligații rămân (2026) | eGhiseul.ro","0","","","","","","","Indexable",""
"https://eghiseul.ro/servicii/extras-multilingv-certificat-nastere/","Extras Multilingv Certificat de Naștere 2026 — pentru UE, Fără Traducere | eGhiseul.ro","0","","","","","","","Indexable",""
"https://eghiseul.ro/blog/","Blog — Informații utile despre documente | eGhiseul.ro","0","","","","","","","Indexable",""
"https://eghiseul.ro/servicii/cazier-judiciar-online/persoana-juridica/","Cazier Judiciar Firmă (Persoană Juridică) Online — 198 RON | eGhiseul.ro","0","","","","","","","Indexable",""
"https://eghiseul.ro/servicii/certificat-de-integritate-comportamentala/","Certificat Integritate Comportamentală Online IGPR | eGhiseul.ro","0","","","","","","","Indexable",""
"https://eghiseul.ro/totul-despre-cartea-funciara-colectiva/","Cartea funciară colectivă: ce este, ce conține și cum obții extrasul | eGhiseul.ro","0","","","","","","","Indexable",""
"https://eghiseul.ro/inregistrare-nastere-copil-nou-nascut/","Înregistrarea Nașterii Copilului: Termen, Acte și Primul Certificat | eGhiseul.ro","0","","","","","","","Indexable",""
"https://eghiseul.ro/ghid-complet-certificat-de-integritate-comportamentala/","Certificat de Integritate Comportamentală: Ghid Complet | eGhiseul.ro","0","","","","","","","Indexable",""
"https://eghiseul.ro/verificare-proprietar-imobil/","Cum afli cine e proprietarul unui imobil (după adresă sau CF) | eGhiseul.ro","0","","","","","","","Indexable",""
"https://eghiseul.ro/ce-este-un-releveu/","Ce este un releveu și cum îl obții (apartament, casă) | eGhiseul.ro","0","","","","","","","Indexable",""
"https://eghiseul.ro/valabilitate-certificat-de-celibat/","Valabilitate Certificat de Celibat: 6 Luni în România, 90 de Zile în Străinătate | eGhiseul.ro","0","","","","","","","Indexable",""
"https://eghiseul.ro/calculator/reabilitare/","Calculator Reabilitare Cazier — Când se Șterge Condamnarea | eGhiseul.ro","0","","","","","","","Indexable",""
"https://eghiseul.ro/calculator/taxa-judiciara-de-timbru/","Calculator Taxă Judiciară de Timbru 2026 (OUG 80/2013) | eGhiseul.ro","0","","","","","","","Indexable",""
"https://eghiseul.ro/calculator/contributii-pfa/","Calculator Contribuții PFA 2026 (CAS, CASS, Impozit) | eGhiseul.ro","0","","","","","","","Indexable",""
"https://eghiseul.ro/calculator/impozit-chirie/","Calculator Impozit pe Chirie 2026 — Venituri din Închiriere | eGhiseul.ro","0","","","","","","","Indexable",""
"https://eghiseul.ro/calculator/taxe-srl/","Calculator Taxe SRL 2026 — Micro 1%, Profit, Dividende | eGhiseul.ro","0","","","","","","","Indexable",""
"https://eghiseul.ro/cazier-fiscal-persoana-fizica/","Cazier fiscal pentru persoană fizică: ce este, cine îl cere și cum îl obții (2026) | eGhiseul.ro","0","","","","","","","Indexable",""
"https://eghiseul.ro/servicii/certificat-detineri-imobile/","Certificat privind Deținerea de Imobile — Adeverință OCPI | eGhiseul.ro","0","","","","","","","Indexable",""
"https://eghiseul.ro/servicii/copie-plan-cadastral/","Copie Plan Cadastral din Arhiva OCPI (ANCPI) | eGhiseul.ro","0","","","","","","","Indexable",""
"https://eghiseul.ro/servicii/copie-intabulare/","Copie Act de Intabulare din Cartea Funciară (OCPI) | eGhiseul.ro","0","","","","","","","Indexable",""
"https://eghiseul.ro/servicii/copie-inventar-coordonate/","Copie Inventar de Coordonate Stereo 70 | eGhiseul.ro","0","","","","","","","Indexable",""
"https://eghiseul.ro/servicii/copie-plan-incadrare/","Copie Plan de Încadrare în Zonă din Arhiva OCPI | eGhiseul.ro","0","","","","","","","Indexable",""
"https://eghiseul.ro/calculator/impozit-pensie/","Calculator Impozit pe Pensie 2026 — Pensie Netă | eGhiseul.ro","0","","","","","","","Indexable",""
"https://eghiseul.ro/servicii/extras-cf-colectiv/","Extras de Carte Funciară Colectivă (Bloc / Condominiu) | eGhiseul.ro","0","","","","","","","Indexable",""
"https://eghiseul.ro/servicii/copie-contract-vanzare/","Copie Contract Vânzare-Cumpărare din Arhiva OCPI | eGhiseul.ro","0","","","","","","","Indexable",""
"https://eghiseul.ro/transcriere-certificat-de-casatorie/","Transcriere Certificat de Căsătorie din Străinătate: Ghid Complet | eGhiseul.ro","0","","","","","","","Indexable",""
"https://eghiseul.ro/duplicat-certificat-de-casatorie/","Duplicat Certificat de Căsătorie: Acte, Cost și Cum Îl Obții | eGhiseul.ro","0","","","","","","","Indexable",""
"https://eghiseul.ro/servicii/copie-releveu/","Copie după Releveu Apartament — Plan de Nivel OCPI | eGhiseul.ro","0","","","","","","","Indexable",""
"https://eghiseul.ro/servicii/copie-arhiva-ocpi/","Copie Certificată din Arhiva OCPI — Documentație Cadastrală | eGhiseul.ro","0","","","","","","","Indexable",""
"https://eghiseul.ro/servicii/extras-de-carte-funciara/harghita/","Extras de Carte Funciară Online Harghita — 89 RON, Fără Drum la OCPI | eGhiseul.ro","0","","","","","","","Indexable",""
"https://eghiseul.ro/servicii/extras-de-carte-funciara/hunedoara/","Extras de Carte Funciară Online Hunedoara — 89 RON, Fără Drum la OCPI | eGhiseul.ro","0","","","","","","","Indexable",""
"https://eghiseul.ro/servicii/extras-de-carte-funciara/constanta/","Extras de Carte Funciară Online Constanța — 89 RON, Fără Drum la OCPI | eGhiseul.ro","0","","","","","","","Indexable",""
"https://eghiseul.ro/servicii/extras-de-carte-funciara/vaslui/","Extras de Carte Funciară Online Vaslui — 89 RON, Fără Drum la OCPI | eGhiseul.ro","0","","","","","","","Indexable",""
"https://eghiseul.ro/servicii/extras-de-carte-funciara/valcea/","Extras de Carte Funciară Online Vâlcea — 89 RON, Fără Drum la OCPI | eGhiseul.ro","0","","","","","","","Indexable",""
"https://eghiseul.ro/servicii/extras-de-carte-funciara/dambovita/","Extras de Carte Funciară Online Dâmbovița — 89 RON, Fără Drum la OCPI | eGhiseul.ro","0","","","","","","","Indexable",""
"https://eghiseul.ro/servicii/extras-de-carte-funciara/gorj/","Extras de Carte Funciară Online Gorj — 89 RON, Fără Drum la OCPI | eGhiseul.ro","0","","","","","","","Indexable",""
"https://eghiseul.ro/servicii/extras-de-carte-funciara/arad/","Extras de Carte Funciară Online Arad — 89 RON, Fără Drum la OCPI | eGhiseul.ro","0","","","","","","","Indexable",""
"https://eghiseul.ro/servicii/extras-de-carte-funciara/brasov/","Extras de Carte Funciară Online Brașov — 89 RON, Fără Drum la OCPI | eGhiseul.ro","0","","","","","","","Indexable",""
"https://eghiseul.ro/servicii/extras-de-carte-funciara/maramures/","Extras de Carte Funciară Online Maramureș — 89 RON, Fără Drum la OCPI | eGhiseul.ro","0","","","","","","","Indexable",""
"https://eghiseul.ro/servicii/extras-de-carte-funciara/giurgiu/","Extras de Carte Funciară Online Giurgiu — 89 RON, Fără Drum la OCPI | eGhiseul.ro","0","","","","","","","Indexable",""
"https://eghiseul.ro/servicii/extras-de-carte-funciara/botosani/","Extras de Carte Funciară Online Botoșani — 89 RON, Fără Drum la OCPI | eGhiseul.ro","0","","","","","","","Indexable",""
"https://eghiseul.ro/servicii/extras-de-carte-funciara/iasi/","Extras de Carte Funciară Online Iași — 89 RON, Fără Drum la OCPI | eGhiseul.ro","0","","","","","","","Indexable",""
"https://eghiseul.ro/servicii/extras-de-carte-funciara/sibiu/","Extras de Carte Funciară Online Sibiu — 89 RON, Fără Drum la OCPI | eGhiseul.ro","0","","","","","","","Indexable",""
"https://eghiseul.ro/extras-carte-funciara-gratuit/","Extras de Carte Funciară Gratuit prin MyTerra — Ghid + Limite | eGhiseul.ro","0","","","","","","","Indexable",""
"https://eghiseul.ro/servicii/extras-de-carte-funciara/olt/","Extras de Carte Funciară Online Olt — 89 RON, Fără Drum la OCPI | eGhiseul.ro","0","","","","","","","Indexable",""
"https://eghiseul.ro/ce-este-planul-cadastral/","Ce este planul cadastral (și diferența față de releveu și extras CF) | eGhiseul.ro","0","","","","","","","Indexable",""
"https://eghiseul.ro/servicii/extras-de-carte-funciara/neamt/","Extras de Carte Funciară Online Neamț — 89 RON, Fără Drum la OCPI | eGhiseul.ro","0","","","","","","","Indexable",""
"https://eghiseul.ro/servicii/extras-de-carte-funciara/ialomita/","Extras de Carte Funciară Online Ialomița — 89 RON, Fără Drum la OCPI | eGhiseul.ro","0","","","","","","","Indexable",""
"https://eghiseul.ro/servicii/extras-de-carte-funciara/cluj/","Extras de Carte Funciară Online Cluj — 89 RON, Fără Drum la OCPI | eGhiseul.ro","0","","","","","","","Indexable",""
"https://eghiseul.ro/servicii/extras-de-carte-funciara/alba/","Extras de Carte Funciară Online Alba — 89 RON, Fără Drum la OCPI | eGhiseul.ro","0","","","","","","","Indexable",""
"https://eghiseul.ro/servicii/extras-de-carte-funciara/mehedinti/","Extras de Carte Funciară Online Mehedinți — 89 RON, Fără Drum la OCPI | eGhiseul.ro","0","","","","","","","Indexable",""
"https://eghiseul.ro/servicii/extras-de-carte-funciara/galati/","Extras de Carte Funciară Online Galați — 89 RON, Fără Drum la OCPI | eGhiseul.ro","0","","","","","","","Indexable",""
"https://eghiseul.ro/servicii/extras-de-carte-funciara/timis/","Extras de Carte Funciară Online Timiș — 89 RON, Fără Drum la OCPI | eGhiseul.ro","0","","","","","","","Indexable",""
"https://eghiseul.ro/servicii/extras-de-carte-funciara/caras-severin/","Extras de Carte Funciară Online Caraș-Severin — 89 RON, Fără Drum la OCPI | eGhiseul.ro","0","","","","","","","Indexable",""
"https://eghiseul.ro/servicii/extras-de-carte-funciara/bacau/","Extras de Carte Funciară Online Bacău — 89 RON, Fără Drum la OCPI | eGhiseul.ro","0","","","","","","","Indexable",""
"https://eghiseul.ro/servicii/extras-de-carte-funciara/covasna/","Extras de Carte Funciară Online Covasna — 89 RON, Fără Drum la OCPI | eGhiseul.ro","0","","","","","","","Indexable",""
"https://eghiseul.ro/servicii/extras-de-carte-funciara/buzau/","Extras de Carte Funciară Online Buzău — 89 RON, Fără Drum la OCPI | eGhiseul.ro","0","","","","","","","Indexable",""
"https://eghiseul.ro/servicii/extras-de-carte-funciara/dolj/","Extras de Carte Funciară Online Dolj — 89 RON, Fără Drum la OCPI | eGhiseul.ro","0","","","","","","","Indexable",""
"https://eghiseul.ro/valabilitate-extras-de-carte-funciara/","Valabilitate Extras de Carte Funciară: Cât Este Valabil | eGhiseul.ro","0","","","","","","","Indexable",""
"https://eghiseul.ro/servicii/extras-de-carte-funciara/ilfov/","Extras de Carte Funciară Online Ilfov — 89 RON, Fără Drum la OCPI | eGhiseul.ro","0","","","","","","","Indexable",""
"https://eghiseul.ro/servicii/extras-de-carte-funciara/tulcea/","Extras de Carte Funciară Online Tulcea — 89 RON, Fără Drum la OCPI | eGhiseul.ro","0","","","","","","","Indexable",""
"https://eghiseul.ro/servicii/extras-de-carte-funciara/satu-mare/","Extras de Carte Funciară Online Satu Mare — 89 RON, Fără Drum la OCPI | eGhiseul.ro","0","","","","","","","Indexable",""
"https://eghiseul.ro/servicii/extras-de-carte-funciara/teleorman/","Extras de Carte Funciară Online Teleorman — 89 RON, Fără Drum la OCPI | eGhiseul.ro","0","","","","","","","Indexable",""
"https://eghiseul.ro/servicii/extras-de-carte-funciara/vrancea/","Extras de Carte Funciară Online Vrancea — 89 RON, Fără Drum la OCPI | eGhiseul.ro","0","","","","","","","Indexable",""
"https://eghiseul.ro/servicii/extras-de-carte-funciara/bistrita-nasaud/","Extras de Carte Funciară Online Bistrița-Năsăud — 89 RON, Fără Drum la OCPI | eGhiseul.ro","0","","","","","","","Indexable",""
"https://eghiseul.ro/servicii/extras-de-carte-funciara/arges/","Extras de Carte Funciară Online Argeș — 89 RON, Fără Drum la OCPI | eGhiseul.ro","0","","","","","","","Indexable",""
"https://eghiseul.ro/servicii/extras-de-carte-funciara/mures/","Extras de Carte Funciară Online Mureș — 89 RON, Fără Drum la OCPI | eGhiseul.ro","0","","","","","","","Indexable",""
"https://eghiseul.ro/servicii/extras-de-carte-funciara/bihor/","Extras de Carte Funciară Online Bihor — 89 RON, Fără Drum la OCPI | eGhiseul.ro","0","","","","","","","Indexable",""
"https://eghiseul.ro/servicii/extras-de-carte-funciara/suceava/","Extras de Carte Funciară Online Suceava — 89 RON, Fără Drum la OCPI | eGhiseul.ro","0","","","","","","","Indexable",""
"https://eghiseul.ro/servicii/extras-de-carte-funciara/braila/","Extras de Carte Funciară Online Brăila — 89 RON, Fără Drum la OCPI | eGhiseul.ro","0","","","","","","","Indexable",""
"https://eghiseul.ro/servicii/extras-de-carte-funciara/prahova/","Extras de Carte Funciară Online Prahova — 89 RON, Fără Drum la OCPI | eGhiseul.ro","0","","","","","","","Indexable",""
"https://eghiseul.ro/tabel-varsta-pensionare-anticipata-femei/","Tabel Vârstă Pensionare Anticipată Femei (actualizat) | eGhiseul.ro","0","","","","","","","Indexable",""
"https://eghiseul.ro/cum-aflam-numarul-carte-functionara-si-nr-cadastral/","Numărul cadastral și numărul de carte funciară: cum le afli și cum localizezi terenul | eGhiseul.ro","0","","","","","","","Indexable",""
"https://eghiseul.ro/servicii/extras-de-carte-funciara/calarasi/","Extras de Carte Funciară Online Călărași — 89 RON, Fără Drum la OCPI | eGhiseul.ro","0","","","","","","","Indexable",""
"https://eghiseul.ro/certificat-constatator-pentru-fonduri-europene/","Certificat Constatator pentru Fonduri Europene și APIA: Ghid Complet | eGhiseul.ro","0","","","","","","","Indexable",""
"https://eghiseul.ro/cazier-fiscal-fara-spv/","Cazier fiscal din SPV: cum îl ceri online și ce faci fără cont | eGhiseul.ro","0","","","","","","","Indexable",""
"https://eghiseul.ro/sms-fals-amenda-ghiseul-ro/","SMS Fals cu Amendă de la „Ministerul Transporturilor”: frauda care imită Ghișeul.ro | eGhiseul.ro","0","","","","","","","Indexable",""
"https://eghiseul.ro/certificat-constatator-pentru-notar/","Certificat Constatator pentru Notar: Ce Tip Îți Cere și Cum Îl Obții | eGhiseul.ro","0","","","","","","","Indexable",""
"https://eghiseul.ro/cazier-si-certificat-de-integritate-pentru-profesori/","Cazier și Certificat de Integritate pentru Profesori (Ghid) | eGhiseul.ro","0","","","","","","","Indexable",""
"https://eghiseul.ro/certificat-constatator-pentru-banca/","Certificat Constatator pentru Bancă: De Ce Îl Cere și Cum Îl Obții | eGhiseul.ro","0","","","","","","","Indexable",""
"https://eghiseul.ro/cazier-judiciar-vs-certificat-integritate-comportamentala/","Cazier Judiciar vs Certificat de Integritate Comportamentală | eGhiseul.ro","0","","","","","","","Indexable",""
"https://eghiseul.ro/verificare-cazier-fiscal/","Verificare cazier fiscal: ce ai înscris și cât mai e valabil | eGhiseul.ro","0","","","","","","","Indexable",""
"https://eghiseul.ro/ancpi-nu-functioneaza/","ANCPI / Cadastru: ce funcționează azi — status live | eGhiseul.ro","0","","","","","","","Indexable",""
"https://eghiseul.ro/cazier-fiscal-firma/","Cazier fiscal pentru firmă: când se cere și cine îl semnează | eGhiseul.ro","0","","","","","","","Indexable",""
"https://eghiseul.ro/tva-9-locuinte-31-iulie-2026/","TVA 9% Locuințe — Prelungire 30 Septembrie 2026 (vot Senat) | eGhiseul.ro","0","","","","","","","Indexable",""
"https://eghiseul.ro/certificat-de-nastere-pentru-buletin-pasaport/","Certificat de naștere pentru buletin sau pașaport: când se cere | eGhiseul.ro","0","","","","","","","Indexable",""
"https://eghiseul.ro/acte-necesare-casatorie/","Acte Necesare Căsătorie: Dosarul Complet la Starea Civilă | eGhiseul.ro","0","","","","","","","Indexable",""
"https://eghiseul.ro/certificat-constatator-pentru-licitatie/","Certificat Constatator pentru Licitație (SEAP/SICAP): Ghid Complet | eGhiseul.ro","0","","","","","","","Indexable",""
"https://eghiseul.ro/amenda-rovinieta-2025-tarife-plata-online-ghid-complet/","Amendă Rovinietă 2026: Tarife, Plată Online și Contestație | eGhiseul.ro","0","","","","","","","Indexable",""
"https://eghiseul.ro/cazier-judiciar-online-gratuit/","Cazier judiciar gratuit online — ghiseul.ro și HUB MAI, pas cu pas | eGhiseul.ro","0","","","","","","","Indexable",""
"https://eghiseul.ro/anii-lucrati-in-strainatate-se-pun-la-pensie-in-romania/","Anii lucrați în străinătate se pun la pensie în România? | eGhiseul.ro","0","","","","","","","Indexable",""
"https://eghiseul.ro/extras-de-carte-funciara-pentru-casa-verde/","Extras de Carte Funciară pentru Casa Verde 2024 – Ghid Complet | eGhiseul.ro","0","","","","","","","Indexable",""
"https://eghiseul.ro/certificat-de-celibat/","Certificat de Celibat (Anexa 9): Ce Este și Cum Îl Obții | eGhiseul.ro","0","","","","","","","Indexable",""
"https://eghiseul.ro/cat-costa-cadastrul-si-intabularea/","Cât Costă Cadastrul și Intabularea în 2026? Prețuri reale + acte necesare | eGhiseul.ro","0","","","","","","","Indexable",""
"https://eghiseul.ro/informatii-cazier-auto-online/","Cazier Auto Online: Tot Ce Trebuie Să Știi | eGhiseul.ro","0","","","","","","","Indexable",""
"https://eghiseul.ro/transcriere-certificat-de-nastere/","Transcriere Certificat de Naștere din Străinătate: Ghid Complet | eGhiseul.ro","0","","","","","","","Indexable",""
"https://eghiseul.ro/duplicat-certificat-de-nastere/","Duplicat Certificat de Naștere: Cum Îl Obții de la Orice Primărie | eGhiseul.ro","0","","","","","","","Indexable",""
"https://eghiseul.ro/certificat-de-nastere-pierdut/","Certificat de Naștere Pierdut: Ce Faci și Cum Obții Duplicatul | eGhiseul.ro","0","","","","","","","Indexable",""
"https://eghiseul.ro/tools/","Instrumente Online Gratuite — eGhișeul.ro | eGhiseul.ro","0","","","","","","","Indexable",""
"https://eghiseul.ro/schimbare-certificat-de-nastere-vechi/","Schimbare Certificat de Naștere Vechi cu Unul Nou: Ghid Complet | eGhiseul.ro","0","","","","","","","Indexable",""
"https://eghiseul.ro/taxa-cazier-judiciar/","Taxa pentru cazier judiciar: cât e de fapt și ce plătești online | eGhiseul.ro","0","","","","","","","Indexable",""
"https://eghiseul.ro/acte-necesare-certificat-de-nastere/","Acte Necesare Certificat de Naștere: Listă Completă pe Situații | eGhiseul.ro","0","","","","","","","Indexable",""
"https://eghiseul.ro/servicii/cazier-judiciar-online/piatra-neamt/","Cazier Judiciar Online Piatra Neamț — Fără Drum la IPJ Neamț | eGhiseul.ro","0","","","","","","","Indexable",""
"https://eghiseul.ro/servicii/cazier-judiciar-online/targu-mures/","Cazier Judiciar Online Târgu Mureș — Fără Drum la IPJ Mureș | eGhiseul.ro","0","","","","","","","Non-Indexable","noindex"
"https://eghiseul.ro/servicii/cazier-judiciar-online/resita/","Cazier Judiciar Online Reșița — Fără Drum la IPJ Caraș-Severin | eGhiseul.ro","0","","","","","","","Non-Indexable","noindex"
"https://eghiseul.ro/servicii/cazier-judiciar-online/bucuresti/","Cazier Judiciar Online București — Fără Drum la IPJ București | eGhiseul.ro","0","","","","","","","Non-Indexable","noindex"
"https://eghiseul.ro/servicii/cazier-judiciar-online/slatina/","Cazier Judiciar Online Slatina — Fără Drum la IPJ Olt | eGhiseul.ro","0","","","","","","","Non-Indexable","noindex"
"https://eghiseul.ro/servicii/cazier-judiciar-online/tulcea/","Cazier Judiciar Online Tulcea — Fără Drum la IPJ Tulcea | eGhiseul.ro","0","","","","","","","Non-Indexable","noindex"
"https://eghiseul.ro/servicii/cazier-judiciar-online/satu-mare/","Cazier Judiciar Online Satu Mare — Fără Drum la IPJ Satu Mare | eGhiseul.ro","0","","","","","","","Indexable",""
"https://eghiseul.ro/servicii/cazier-judiciar-online/buzau/","Cazier Judiciar Online Buzău — Fără Drum la IPJ Buzău | eGhiseul.ro","0","","","","","","","Non-Indexable","noindex"
"https://eghiseul.ro/servicii/cazier-judiciar-online/suceava/","Cazier Judiciar Online Suceava — Fără Drum la IPJ Suceava | eGhiseul.ro","0","","","","","","","Non-Indexable","noindex"
"https://eghiseul.ro/servicii/cazier-judiciar-online/turda/","Cazier Judiciar Online Turda — Fără Drum la IPJ Cluj | eGhiseul.ro","0","","","","","","","Non-Indexable","noindex"
"https://eghiseul.ro/servicii/cazier-judiciar-online/timisoara/","Cazier Judiciar Online Timișoara — Fără Drum la IPJ Timiș | eGhiseul.ro","0","","","","","","","Indexable",""
"https://eghiseul.ro/servicii/cazier-judiciar-online/bistrita/","Cazier Judiciar Online Bistrița — Fără Drum la IPJ Bistrița-Năsăud | eGhiseul.ro","0","","","","","","","Non-Indexable","noindex"
"https://eghiseul.ro/servicii/cazier-judiciar-online/cluj-napoca/","Cazier Judiciar Online Cluj-Napoca — Fără Drum la IPJ Cluj | eGhiseul.ro","0","","","","","","","Indexable",""
"https://eghiseul.ro/servicii/cazier-judiciar-online/alexandria/","Cazier Judiciar Online Alexandria — Fără Drum la IPJ Teleorman | eGhiseul.ro","0","","","","","","","Non-Indexable","noindex"
"https://eghiseul.ro/servicii/cazier-judiciar-online/sibiu/","Cazier Judiciar Online Sibiu — Fără Drum la IPJ Sibiu | eGhiseul.ro","0","","","","","","","Non-Indexable","noindex"
"https://eghiseul.ro/servicii/cazier-judiciar-online/ramnicu-valcea/","Cazier Judiciar Online Râmnicu Vâlcea — Fără Drum la IPJ Vâlcea | eGhiseul.ro","0","","","","","","","Indexable",""
"https://eghiseul.ro/servicii/cazier-judiciar-online/braila/","Cazier Judiciar Online Brăila — Fără Drum la IPJ Brăila | eGhiseul.ro","0","","","","","","","Non-Indexable","noindex"
"https://eghiseul.ro/servicii/cazier-judiciar-online/onesti/","Cazier Judiciar Online Onești — Fără Drum la IPJ Bacău | eGhiseul.ro","0","","","","","","","Non-Indexable","noindex"
"https://eghiseul.ro/servicii/cazier-judiciar-online/oradea/","Cazier Judiciar Online Oradea — Fără Drum la IPJ Bihor | eGhiseul.ro","0","","","","","","","Non-Indexable","noindex"
"https://eghiseul.ro/servicii/cazier-judiciar-online/miercurea-ciuc/","Cazier Judiciar Online Miercurea Ciuc — Fără Drum la IPJ Harghita | eGhiseul.ro","0","","","","","","","Non-Indexable","noindex"
"https://eghiseul.ro/servicii/cazier-judiciar-online/targu-jiu/","Cazier Judiciar Online Târgu Jiu — Fără Drum la IPJ Gorj | eGhiseul.ro","0","","","","","","","Non-Indexable","noindex"
"https://eghiseul.ro/servicii/cazier-judiciar-online/alba-iulia/","Cazier Judiciar Online Alba Iulia — Fără Drum la IPJ Alba | eGhiseul.ro","0","","","","","","","Non-Indexable","noindex"
"https://eghiseul.ro/servicii/cazier-judiciar-online/brasov/","Cazier Judiciar Online Brașov — Fără Drum la IPJ Brașov | eGhiseul.ro","0","","","","","","","Non-Indexable","noindex"
"https://eghiseul.ro/servicii/cazier-judiciar-online/constanta/","Cazier Judiciar Online Constanța — Fără Drum la IPJ Constanța | eGhiseul.ro","0","","","","","","","Indexable",""
"https://eghiseul.ro/servicii/cazier-judiciar-online/vaslui/","Cazier Judiciar Online Vaslui — Fără Drum la IPJ Vaslui | eGhiseul.ro","0","","","","","","","Non-Indexable","noindex"
"https://eghiseul.ro/servicii/cazier-judiciar-online/giurgiu/","Cazier Judiciar Online Giurgiu — Fără Drum la IPJ Giurgiu | eGhiseul.ro","0","","","","","","","Non-Indexable","noindex"
"https://eghiseul.ro/servicii/cazier-judiciar-online/sfantu-gheorghe/","Cazier Judiciar Online Sfântu Gheorghe — Fără Drum la IPJ Covasna | eGhiseul.ro","0","","","","","","","Non-Indexable","noindex"
"https://eghiseul.ro/servicii/cazier-judiciar-online/lugoj/","Cazier Judiciar Online Lugoj — Fără Drum la IPJ Timiș | eGhiseul.ro","0","","","","","","","Non-Indexable","noindex"
"https://eghiseul.ro/servicii/cazier-judiciar-online/pitesti/","Cazier Judiciar Online Pitești — Fără Drum la IPJ Argeș | eGhiseul.ro","0","","","","","","","Non-Indexable","noindex"
"https://eghiseul.ro/servicii/cazier-judiciar-online/zalau/","Cazier Judiciar Online Zalău — Fără Drum la IPJ Sălaj | eGhiseul.ro","0","","","","","","","Non-Indexable","noindex"
"https://eghiseul.ro/servicii/cazier-judiciar-online/slobozia/","Cazier Judiciar Online Slobozia — Fără Drum la IPJ Ialomița | eGhiseul.ro","0","","","","","","","Non-Indexable","noindex"
"https://eghiseul.ro/servicii/cazier-judiciar-online/sebes/","Cazier Judiciar Online Sebeș — Fără Drum la IPJ Alba | eGhiseul.ro","0","","","","","","","Non-Indexable","noindex"
"https://eghiseul.ro/servicii/cazier-judiciar-online/targoviste/","Cazier Judiciar Online Târgoviște — Fără Drum la IPJ Dâmbovița | eGhiseul.ro","0","","","","","","","Non-Indexable","noindex"
"https://eghiseul.ro/servicii/cazier-judiciar-online/baia-mare/","Cazier Judiciar Online Baia Mare — Fără Drum la IPJ Maramureș | eGhiseul.ro","0","","","","","","","Non-Indexable","noindex"
"https://eghiseul.ro/servicii/cazier-judiciar-online/focsani/","Cazier Judiciar Online Focșani — Fără Drum la IPJ Vrancea | eGhiseul.ro","0","","","","","","","Indexable",""
"https://eghiseul.ro/servicii/cazier-judiciar-online/bacau/","Cazier Judiciar Online Bacău — Fără Drum la IPJ Bacău | eGhiseul.ro","0","","","","","","","Non-Indexable","noindex"
"https://eghiseul.ro/servicii/cazier-judiciar-online/ploiesti/","Cazier Judiciar Online Ploiești — Fără Drum la IPJ Prahova | eGhiseul.ro","0","","","","","","","Non-Indexable","noindex"
"https://eghiseul.ro/servicii/cazier-judiciar-online/calarasi/","Cazier Judiciar Online Călărași — Fără Drum la IPJ Călărași | eGhiseul.ro","0","","","","","","","Non-Indexable","noindex"
"https://eghiseul.ro/servicii/cazier-judiciar-online/barlad/","Cazier Judiciar Online Bârlad — Fără Drum la IPJ Vaslui | eGhiseul.ro","0","","","","","","","Non-Indexable","noindex"
"https://eghiseul.ro/servicii/cazier-judiciar-online/galati/","Cazier Judiciar Online Galați — Fără Drum la IPJ Galați | eGhiseul.ro","0","","","","","","","Non-Indexable","noindex"
"https://eghiseul.ro/servicii/cazier-judiciar-online/iasi/","Cazier Judiciar Online Iași — Fără Drum la IPJ Iași | eGhiseul.ro","0","","","","","","","Indexable",""
"https://eghiseul.ro/servicii/cazier-judiciar-online/drobeta-turnu-severin/","Cazier Judiciar Online Drobeta-Turnu Severin — Fără Drum la IPJ Mehedinți | eGhiseul.ro","0","","","","","","","Non-Indexable","noindex"
"https://eghiseul.ro/servicii/cazier-judiciar-online/craiova/","Cazier Judiciar Online Craiova — Fără Drum la IPJ Dolj | eGhiseul.ro","0","","","","","","","Non-Indexable","noindex"
"https://eghiseul.ro/servicii/cazier-judiciar-online/botosani/","Cazier Judiciar Online Botoșani — Fără Drum la IPJ Botoșani | eGhiseul.ro","0","","","","","","","Non-Indexable","noindex"
"https://eghiseul.ro/servicii/cazier-judiciar-online/medias/","Cazier Judiciar Online Mediaș — Fără Drum la IPJ Sibiu | eGhiseul.ro","0","","","","","","","Non-Indexable","noindex"
"https://eghiseul.ro/servicii/cazier-judiciar-online/arad/","Cazier Judiciar Online Arad — Fără Drum la IPJ Arad | eGhiseul.ro","0","","","","","","","Non-Indexable","noindex"
"https://eghiseul.ro/calculator/grad-indatorare/","Calculator Grad de Îndatorare (DTI) 2026 | eGhiseul.ro","0","","","","","","","Indexable",""
"https://eghiseul.ro/calculator/zile-concediu-odihna/","Calculator Zile Concediu de Odihnă — Proporțional | eGhiseul.ro","0","","","","","","","Indexable",""
"https://eghiseul.ro/calculator/diurna/","Calculator Diurnă 2026 — Plafon Neimpozabil Delegație | eGhiseul.ro","0","","","","","","","Indexable",""
"https://eghiseul.ro/calculator/concediu-paternal/","Calculator Concediu Paternal 2026 | eGhiseul.ro","0","","","","","","","Indexable",""
"https://eghiseul.ro/calculator/cost-cadastru-intabulare/","Cât Costă Cadastrul și Intabularea? Calculator 2026 | eGhiseul.ro","0","","","","","","","Indexable",""
"https://eghiseul.ro/calculator/zile-lucratoare/","Calculator Zile Lucrătoare 2026 | eGhiseul.ro","0","","","","","","","Indexable",""
"https://eghiseul.ro/calculator/calculator-data/","Calculator Dată — Adună sau Scade Zile | eGhiseul.ro","0","","","","","","","Indexable",""
"https://eghiseul.ro/calculator/dobanda-legala/","Calculator Dobândă Legală 2026 (Penalizatoare) | eGhiseul.ro","0","","","","","","","Indexable",""
"https://eghiseul.ro/calculator/concediu-maternitate/","Calculator Concediu Maternitate 2026 — Indemnizație | eGhiseul.ro","0","","","","","","","Indexable",""
"https://eghiseul.ro/calculator/pensie-invaliditate/","Calculator Pensie Invaliditate 2026 — Gradele I, II, III | eGhiseul.ro","0","","","","","","","Indexable",""
"https://eghiseul.ro/servicii/cazier-judiciar-online/deva/","Cazier Judiciar Online Deva — Fără Drum la IPJ Hunedoara | eGhiseul.ro","0","","","","","","","Non-Indexable","noindex"
"https://eghiseul.ro/servicii/cazier-judiciar-online/ilfov/","Cazier Judiciar Online Ilfov — Fără Drum la IPJ Ilfov | eGhiseul.ro","0","","","","","","","Non-Indexable","noindex"
"https://eghiseul.ro/calculator/spor-salarial/","Calculator Spor Noapte și Ore Suplimentare 2026 | eGhiseul.ro","0","","","","","","","Indexable",""
"https://eghiseul.ro/calculator/inflatie/","Calculator Inflație — Puterea de Cumpărare a Banilor | eGhiseul.ro","0","","","","","","","Indexable",""
"https://eghiseul.ro/calculator/calculator-indemnizatie-crestere-copil/","Calculator Indemnizație Creștere Copil 2026 (ICC) | eGhiseul.ro","0","","","","","","","Indexable",""
"https://eghiseul.ro/cat-poti-construi-pe-teren/","Cât Poți Construi pe Terenul Tău? POT și CUT explicate simplu | eGhiseul.ro","0","","","","","","","Indexable",""
"https://eghiseul.ro/radiere-firma-srl-ghid/","Radierea unei firme (SRL): etape, acte, durată și greșeli de evitat (2026) | eGhiseul.ro","0","","","","","","","Indexable",""
"https://eghiseul.ro/certificat-de-celibat-pentru-casatorie-in-strainatate/","Certificat de Celibat pentru Căsătorie în Străinătate: Apostilă și Traducere | eGhiseul.ro","0","","","","","","","Indexable",""
"https://eghiseul.ro/certificat-de-nastere-din-strainatate/","Certificat de naștere din străinătate — cum îl obții fără să vii în țară | eGhiseul.ro","0","","","","","","","Indexable",""
"https://eghiseul.ro/calculator/penalitati-anaf/","Calculator Penalități și Dobânzi ANAF — Întârziere la Plată | eGhiseul.ro","0","","","","","","","Indexable",""
"https://eghiseul.ro/cum-vor-arata-documentele-de-stare-civila-2025/","Cum Vor Arăta Noile Documente de Stare Civilă (2025) | eGhiseul.ro","0","","","","","","","Indexable",""
"https://eghiseul.ro/calculator/vechime-in-munca/","Calculator Vechime în Muncă — Ani, Luni, Zile | eGhiseul.ro","0","","","","","","","Indexable",""
"https://eghiseul.ro/model-certificat-de-casatorie/","Model Certificat de Căsătorie: Cum Arată și Ce Conține | eGhiseul.ro","0","","","","","","","Indexable",""
"https://eghiseul.ro/certificat-constatator-de-baza/","Certificat constatator de bază: preț, ce conține, cum îl obții în minute | eGhiseul.ro","0","","","","","","","Indexable",""
"https://eghiseul.ro/eliberare-certificat-constatator-onrc-ghid/","Eliberare Certificat Constatator de la ONRC: Ghid Complet | eGhiseul.ro","0","","","","","","","Indexable",""
"https://eghiseul.ro/cele-4-tipuri-de-certificat-constatator-online/","Tipurile de certificat constatator online: ghid actualizat | eGhiseul.ro","0","","","","","","","Indexable",""
"https://eghiseul.ro/certificat-constatator-cu-istoric/","Certificat constatator cu istoric: ce conține, preț, cum îl obții | eGhiseul.ro","0","","","","","","","Indexable",""
"https://eghiseul.ro/certificat-constatator-pfa/","Certificat constatator PFA: cum îl obții online, preț, ce conține | eGhiseul.ro","0","","","","","","","Indexable",""
"https://eghiseul.ro/rolul-si-atributiile-onrc-romania/","Ce face ONRC, de fapt: registrul, înmatriculările și certificatul constatator | eGhiseul.ro","0","","","","","","","Indexable",""
"https://eghiseul.ro/certificat-constatator-insolventa/","Certificat constatator pentru insolvență: preț și eliberare online | eGhiseul.ro","0","","","","","","","Indexable",""
"https://eghiseul.ro/servicii/extras-de-carte-funciara/bucuresti/","Extras de Carte Funciară Online București — 89 RON, Fără Drum la OCPI | eGhiseul.ro","0","","","","","","","Indexable",""
"https://eghiseul.ro/servicii/extras-de-carte-funciara/salaj/","Extras de Carte Funciară Online Sălaj — 89 RON, Fără Drum la OCPI | eGhiseul.ro","0","","","","","","","Indexable",""
"https://eghiseul.ro/calculator/rambursare-anticipata/","Calculator Rambursare Anticipată Credit — Dobândă Economisită | eGhiseul.ro","0","","","","","","","Indexable",""
"https://eghiseul.ro/embed/ancpi/","Starea sistemelor ANCPI — monitorizare live eGhișeul.ro","0","","","","","","","Non-Indexable","noindex"
"https://eghiseul.ro/ancpi-nu-functioneaza/?utm_source=embed&utm_medium=widget&utm_campaign=ancpi-status","ANCPI / Cadastru: ce funcționează azi — status live | eGhiseul.ro","0","","","","","","","Non-Indexable","Canonicalised"
