"Address","Content Type","Size (Bytes)","IMG Inlinks","Indexability","Indexability Status","Dimensions"
"https://eghiseul.ro/images/footer/payment-methods.webp","image/webp","12236","232","Indexable","",""
"https://eghiseul.ro/_next/image/?url=%2Fimages%2Fspecimens%2Fcazier-auto.png&w=3840&q=75","image/png","127290","3","Indexable","",""
"https://eghiseul.ro/_next/image/?url=%2Fimages%2Fservicii-header.webp&w=640&q=75","image/jpeg","23217","1","Indexable","",""
"https://eghiseul.ro/_next/image/?url=%2Fimages%2Fspecimens%2Fextras-multilingv-casatorie.webp&w=3840&q=75","image/jpeg","58839","3","Indexable","",""
"https://eghiseul.ro/images/brand/icon.webp","image/webp","10264","232","Indexable","",""
"https://eghiseul.ro/_next/image/?url=%2Fimages%2Farticole%2Fsuspendare-activitate-firma-ghid.webp&w=3840&q=75","image/webp","89684","3","Indexable","",""
"https://eghiseul.ro/_next/image/?url=%2Fimages%2Fspecimens%2Fcazier-fiscal.png&w=3840&q=75","image/png","176943","3","Indexable","",""
"https://eghiseul.ro/_next/image/?url=%2Fimages%2Fspecimens%2Fcertificat-constatator.png&w=3840&q=75","image/png","162876","4","Indexable","",""
"https://eghiseul.ro/_next/image/?url=%2Fimages%2Fspecimens%2Fcertificat-nastere.webp&w=3840&q=75","image/jpeg","75745","3","Indexable","",""
"https://eghiseul.ro/_next/image/?url=%2Fimages%2Fspecimens%2Fcertificat-integritate.png&w=3840&q=75","image/png","228160","3","Indexable","",""
"https://eghiseul.ro/_next/image/?url=%2Fimages%2Fspecimens%2Fextras-cf.png&w=3840&q=75","image/png","158010","20","Indexable","",""
"https://eghiseul.ro/_next/image/?url=%2Fimages%2Fbrand%2Flogo-wide.webp&w=750&q=75","image/jpeg","2741","232","Indexable","",""
"https://eghiseul.ro/_next/image/?url=%2Fimages%2Farticole%2Fschimbare-sediu-social-srl-ghid.webp&w=3840&q=75","image/webp","58608","3","Indexable","",""
"https://eghiseul.ro/images/footer/anpc-sol.svg","image/svg+xml","0","232","Indexable","",""
"https://eghiseul.ro/_next/image/?url=%2Fimages%2Farticole%2Fapostila-de-la-haga-ghid-acte-obtinere.webp&w=3840&q=75","image/webp","81794","3","Indexable","",""
"https://eghiseul.ro/_next/image/?url=%2Fimages%2Fspecimens%2Fextras-multilingv-nastere.webp&w=3840&q=75","image/jpeg","85106","3","Indexable","",""
"https://eghiseul.ro/_next/image/?url=%2Fimages%2Fde-ce-eghiseul.webp&w=1920&q=75","image/webp","52426","1","Indexable","",""
"https://eghiseul.ro/_next/image/?url=%2Fimages%2Fspecimens%2Fcertificat-celibat.webp&w=3840&q=75","image/jpeg","40714","3","Indexable","",""
"https://eghiseul.ro/_next/image/?url=%2Fimages%2Fspecimens%2Fcazier-judiciar.png&w=3840&q=75","image/png","200776","3","Indexable","",""
"https://eghiseul.ro/images/footer/anpc-sal.svg","image/svg+xml","0","232","Indexable","",""
"https://eghiseul.ro/_next/image/?url=%2Fimages%2Fspecimens%2Frovinieta.webp&w=3840&q=75","image/jpeg","37148","3","Indexable","",""
"https://eghiseul.ro/_next/image/?url=%2Fimages%2Fspecimens%2Fcertificat-casatorie.webp&w=3840&q=75","image/jpeg","84268","3","Indexable","",""
"https://eghiseul.ro/_next/image/?url=%2Fimages%2Farticole%2Fcazier-judiciar-online-gratuit.webp&w=3840&q=75","image/jpeg","55627","2","Indexable","",""
"https://eghiseul.ro/_next/image/?url=%2Fimages%2Farticole%2Fsms-fals-amenda-ghiseul-ro.webp&w=3840&q=75","image/webp","88796","2","Indexable","",""
"https://eghiseul.ro/_next/image/?url=%2Fimages%2Farticole%2Fcazier-fiscal-firma.webp&w=3840&q=75","image/webp","41324","2","Indexable","",""
"https://eghiseul.ro/_next/image/?url=%2Fimages%2Farticole%2Feliberare-certificat-constatator-onrc-ghid.webp&w=3840&q=75","image/webp","51224","2","Indexable","",""
"https://eghiseul.ro/_next/image/?url=%2Fimages%2Farticole%2Fcertificat-de-nastere-din-strainatate.webp&w=3840&q=75","image/jpeg","66533","2","Indexable","",""
"https://eghiseul.ro/_next/image/?url=%2Fimages%2Farticole%2Fcazier-fiscal-fara-spv.webp&w=3840&q=75","image/webp","38666","2","Indexable","",""
"https://eghiseul.ro/_next/image/?url=%2Fimages%2Farticole%2Fancpi-nu-functioneaza.webp&w=3840&q=75","image/webp","51072","3","Indexable","",""
"https://eghiseul.ro/_next/image/?url=%2Fog%2Fservices%2Fextras-cf.png&w=3840&q=75","image/png","35311","2","Indexable","",""
"https://eghiseul.ro/_next/image/?url=%2Fimages%2Farticole%2Fcum-vor-arata-documentele-de-stare-civila-2025.webp&w=3840&q=75","image/webp","50246","2","Indexable","",""
"https://eghiseul.ro/_next/image/?url=%2Fimages%2Farticole%2Fvalabilitate-extras-de-carte-funciara.webp&w=3840&q=75","image/jpeg","79337","2","Indexable","",""
"https://eghiseul.ro/_next/image/?url=%2Fimages%2Farticole%2Fcazier-judiciar-vs-certificat-integritate-comportamentala.webp&w=3840&q=75","image/webp","49988","2","Indexable","",""
"https://eghiseul.ro/_next/image/?url=%2Fimages%2Farticole%2Famenda-rovinieta-2025-tarife-plata-online-ghid-complet.webp&w=3840&q=75","image/jpeg","113798","2","Indexable","",""
"https://eghiseul.ro/_next/image/?url=%2Fimages%2Fextras-cf-specimen.webp&w=3840&q=75","image/webp","130696","1","Indexable","",""
"https://eghiseul.ro/_next/image/?url=%2Fimages%2Farticole%2Fcat-poti-construi-pe-teren.webp&w=3840&q=75","image/webp","106320","2","Indexable","",""
"https://eghiseul.ro/_next/image/?url=%2Fimages%2Farticole%2Fanii-lucrati-in-strainatate-se-pun-la-pensie-in-romania.webp&w=3840&q=75","image/webp","31760","2","Indexable","",""
"https://eghiseul.ro/_next/image/?url=%2Fimages%2Farticole%2Fghid-complet-certificat-de-integritate-comportamentala.webp&w=3840&q=75","image/webp","59470","2","Indexable","",""
"https://eghiseul.ro/_next/image/?url=%2Fimages%2Farticole%2Fcazier-si-certificat-de-integritate-pentru-profesori.webp&w=3840&q=75","image/webp","59022","2","Indexable","",""
"https://eghiseul.ro/_next/image/?url=%2Fimages%2Farticole%2Ftotul-despre-cartea-funciara-colectiva.webp&w=3840&q=75","image/webp","54318","2","Indexable","",""
"https://eghiseul.ro/_next/image/?url=%2Fimages%2Farticole%2Fextras-carte-funciara-gratuit.webp&w=3840&q=75","image/webp","45496","2","Indexable","",""
"https://eghiseul.ro/_next/image/?url=%2Fog%2Fservices%2Fcertificat-nastere.png&w=3840&q=75","image/png","110118","6","Indexable","",""
"https://eghiseul.ro/_next/image/?url=%2Fimages%2Farticole%2Fcazier-fiscal-persoana-fizica.webp&w=3840&q=75","image/webp","41822","2","Indexable","",""
"https://eghiseul.ro/_next/image/?url=%2Fimages%2Farticole%2Finformatii-cazier-auto-online.webp&w=3840&q=75","image/webp","54038","2","Indexable","",""
"https://eghiseul.ro/_next/image/?url=%2Fimages%2Farticole%2Fcertificat-de-nastere-pentru-buletin-pasaport.webp&w=3840&q=75","image/webp","49908","2","Indexable","",""
"https://eghiseul.ro/_next/image/?url=%2Fog%2Fservices%2Fcertificat-casatorie.png&w=3840&q=75","image/png","117519","7","Indexable","",""
"https://eghiseul.ro/_next/image/?url=%2Fimages%2Farticole%2Ftaxa-cazier-judiciar.webp&w=3840&q=75","image/webp","49132","2","Indexable","",""
"https://eghiseul.ro/_next/image/?url=%2Fimages%2Farticole%2Frolul-si-atributiile-onrc-romania.webp&w=3840&q=75","image/webp","101270","2","Indexable","",""
"https://eghiseul.ro/_next/image/?url=%2Fimages%2Farticole%2Fcum-aflam-numarul-carte-functionara-si-nr-cadastral.webp&w=3840&q=75","image/webp","75940","2","Indexable","",""
"https://eghiseul.ro/_next/image/?url=%2Fimages%2Farticole%2Fverificare-cazier-fiscal.webp&w=3840&q=75","image/webp","58590","2","Indexable","",""
"https://eghiseul.ro/_next/image/?url=%2Fimages%2Farticole%2Fradiere-firma-srl-ghid.webp&w=3840&q=75","image/webp","58090","2","Indexable","",""
"https://eghiseul.ro/_next/image/?url=%2Fimages%2Farticole%2Fcertificat-constatator-cu-istoric.webp&w=3840&q=75","image/webp","47644","2","Indexable","",""
"https://eghiseul.ro/_next/image/?url=%2Fimages%2Farticole%2Fcat-costa-cadastrul-si-intabularea.webp&w=3840&q=75","image/webp","102080","2","Indexable","",""
"https://eghiseul.ro/_next/image/?url=%2Fimages%2Farticole%2Fextras-de-carte-funciara-pentru-casa-verde.webp&w=3840&q=75","image/jpeg","175195","2","Indexable","",""
"https://eghiseul.ro/_next/image/?url=%2Fog%2Fservices%2Fcertificat-celibat.png&w=3840&q=75","image/png","28715","5","Indexable","",""
"https://eghiseul.ro/_next/image/?url=%2Fimages%2Farticole%2Fcele-4-tipuri-de-certificat-constatator-online.webp&w=3840&q=75","image/webp","49272","2","Indexable","",""
"https://eghiseul.ro/_next/image/?url=%2Fimages%2Farticole%2Ftva-9-locuinte-31-iulie-2026.webp&w=3840&q=75","image/webp","54370","2","Indexable","",""
"https://eghiseul.ro/_next/image/?url=%2Fimages%2Farticole%2Ftabel-varsta-pensionare-anticipata-femei.webp&w=3840&q=75","image/webp","39276","2","Indexable","",""
"https://eghiseul.ro/_next/image/?url=%2Fimages%2Farticole%2Fverificare-proprietar-imobil.webp&w=3840&q=75","image/webp","53422","2","Indexable","",""
"https://eghiseul.ro/_next/image/?url=%2Fog%2Fservices%2Fcertificat-constatator.png&w=3840&q=75","image/png","38037","14","Indexable","",""
"https://eghiseul.ro/_next/image/?url=%2Fimages%2Fcazier-judiciar-specimen.webp&w=3840&q=75","image/jpeg","138648","1","Indexable","",""
"https://eghiseul.ro/_next/image/?url=%2Fimages%2Farticole%2Fmodel-certificat-de-casatorie.webp&w=3840&q=75","image/jpeg","38285","1","Indexable","",""
"https://eghiseul.ro/_next/image/?url=%2Fimages%2Farticole%2Facte-necesare-certificat-de-nastere.webp&w=3840&q=75","image/webp","49050","1","Indexable","",""
"https://eghiseul.ro/_next/image/?url=%2Fimages%2Farticole%2Fschimbare-certificat-de-nastere-vechi.webp&w=3840&q=75","image/jpeg","48944","1","Indexable","",""
"https://eghiseul.ro/_next/image/?url=%2Fimages%2Farticole%2Fcertificat-de-nastere-pierdut.webp&w=3840&q=75","image/webp","51476","1","Indexable","",""
"https://eghiseul.ro/_next/image/?url=%2Fimages%2Farticole%2Fduplicat-certificat-de-nastere.webp&w=3840&q=75","image/webp","36902","1","Indexable","",""
"https://eghiseul.ro/_next/image/?url=%2Fimages%2Farticole%2Ftranscriere-certificat-de-nastere.webp&w=3840&q=75","image/webp","44228","1","Indexable","",""
"https://eghiseul.ro/_next/image/?url=%2Fimages%2Farticole%2Fcertificat-de-celibat.webp&w=3840&q=75","image/jpeg","67466","1","Indexable","",""
"https://eghiseul.ro/_next/image/?url=%2Fimages%2Farticole%2Fancpi-informare-oficiala-iulie-2026.webp&w=3840&q=75","image/webp","79532","2","Indexable","",""
"https://eghiseul.ro/_next/image/?url=%2Fimages%2Farticole%2Fsms-fals-amenda-site-fals.webp&w=3840&q=75","image/webp","65426","1","Indexable","",""
"https://eghiseul.ro/_next/image/?url=%2Fimages%2Farticole%2Finregistrare-nastere-copil-nou-nascut.webp&w=3840&q=75","image/webp","51634","1","Indexable","",""
