"Address","Occurrences","Meta Description 1","Meta Description 1 Length","Meta Description 1 Pixel Width","Indexability","Indexability Status"
"https://eghiseul.ro/","1","Obține cazier judiciar, cazier fiscal, certificat constatator, extras de carte funciară și alte documente online — rapid, legal, fără cozi. Livrare pe email sau curier în 24-48 ore.","181","1043","Indexable",""
"https://eghiseul.ro/calculator/termene-judiciare/","1","Calculează termenele procedurale (judiciare) conform Codului de Procedură Civilă și Penală: zile, săptămâni, luni sau ani, cu sărbătorile legale 2026 luate în calcul.","166","992","Indexable",""
"https://eghiseul.ro/calculator/dividende/","1","Calculează impozitul pe dividende în 2026: 16% impozit (Legea 141/2025) plus CASS pe plafoane, și află suma netă pe care o încasezi din dividende.","146","908","Indexable",""
"https://eghiseul.ro/calculator/salariu/","1","Calculator salariu 2026: convertești brut în net și invers (CAS, CASS, impozit, deducere personală) plus costul angajatorului.","126","757","Indexable",""
"https://eghiseul.ro/servicii/cazier-fiscal-online/","1","Cazier fiscal online de la ANAF pentru persoană fizică, fără cont SPV și fără drum la ghișeu. Atestă lipsa datoriilor fiscale, valabil 30 de zile. 198 RON.","155","911","Indexable",""
"https://eghiseul.ro/calculator/estimare-pensie/","1","Estimează pensia pentru limită de vârstă în 2026 pe baza stagiului și a salariului: puncte de contributivitate + stabilitate × valoarea punctului de referință (81 lei).","168","983","Indexable",""
"https://eghiseul.ro/servicii/","1","Catalogul complet al serviciilor eGhișeul.ro: cazier judiciar, cazier fiscal, certificat constatator, extras carte funciară, acte cadastrale, rovinietă și altele. 100% online.","175","1000","Indexable",""
"https://eghiseul.ro/servicii/extras-multilingv-certificat-casatorie/","1","Extrasul multilingv de pe certificatul de căsătorie (formular standard UE) e recunoscut în Uniunea Europeană fără traducere și fără apostilă. 798 RON totul inclus, fără deplasare.","179","1088","Indexable",""
"https://eghiseul.ro/servicii/extras-de-carte-funciara/","1","Extras de carte funciară ANCPI eliberat automat, pe email, în câteva minute — 24/7, inclusiv noaptea și în weekend. Fără cont ANCPI, fără taxă de urgență. 4.9★ din 450+ recenzii.","178","1098","Indexable",""
"https://eghiseul.ro/calculator/credit-ipotecar/","1","Calculator credit ipotecar 2026: afli rata lunară, totalul de plată și dobânda totală pentru un credit cu rate egale, orientativ, fără comisioane.","146","857","Indexable",""
"https://eghiseul.ro/servicii/identificare-imobil/","1","Ne dai adresa, îți aflăm numărul cadastral și de carte funciară din ANCPI și primești extrasul CF pe email. 198 RON, taxe incluse, fără cont ANCPI.","147","891","Indexable",""
"https://eghiseul.ro/servicii/certificat-sarcini/","1","Certificat de sarcini OCPI/ANCPI — verifici ipoteci, privilegii, servituți, interdicții și litigii notate asupra unui imobil, după numărul cadastral sau de carte funciară. Taxe incluse, 100% online, livrare pe email.","216","1236","Indexable",""
"https://eghiseul.ro/servicii/certificat-constatator-online/","1","Obținem certificatul constatator de la ONRC în câteva minute, 24/7 — inclusiv noaptea și în weekend. Doar cu CUI-ul firmei: pe firmă, PF sau cu istoric. 89 RON, taxe ONRC incluse.","179","1093","Indexable",""
"https://eghiseul.ro/termeni-si-conditii/","1","Termenii și condițiile de utilizare a platformei eGhișeul.ro (eDigitalizare SRL): servicii, comandă, plată, termene, anulare și rambursare, semnătură electronică, GDPR și răspundere.","182","1091","Indexable",""
"https://eghiseul.ro/servicii/copie-carte-funciara/","1","Copie carte funciară in extenso — reproducerea integrală a CF (părțile A, B și C) din arhiva OCPI. Util pentru litigii, succesiuni și verificarea istoricului proprietății. Taxe OCPI incluse, online, livrare pe email.","216","1234","Indexable",""
"https://eghiseul.ro/servicii/eliberare-certificat-de-casatorie/","1","Duplicat certificat de căsătorie online de la Starea Civilă, 998 RON, fără deplasare. Pentru act pierdut, din altă localitate sau diaspora. Email + curier.","155","907","Indexable",""
"https://eghiseul.ro/politica-de-anulare/","1","Poți anula comanda în primele 30 de minute de la plată, direct din pagina de status, cu rambursare de 70%. Excepții, pași și termene — totul explicat clar.","155","932","Indexable",""
"https://eghiseul.ro/calculator/impozit-casa/","1","Calculează impozitul pe casă/clădiri în 2026 după suprafață, tip construcție, zonă și vechime, conform valorilor indexate din Codul Fiscal.","139","842","Indexable",""
"https://eghiseul.ro/calculator/indemnizatie-somaj/","1","Calculează indemnizația de șomaj 2026: baza de 75% din ISR plus suplimentul pe stagiu, durata și reținerea CASS.","112","699","Indexable",""
"https://eghiseul.ro/gdpr/","1","Drepturile tale GDPR și modul în care eGhișeul.ro (eDigitalizare SRL) protejează datele personale.","98","593","Indexable",""
"https://eghiseul.ro/calculator/amenda-circulatie/","1","Calculează amenda de circulație pe clase, plata redusă în 15 zile și punctele de penalizare pentru viteză (valori 2026).","120","716","Indexable",""
"https://eghiseul.ro/politica-cookies/","1","Exact ce cookie-uri folosește eGhișeul.ro, ce urmărim și ce NU urmărim, cât timp și cum îți schimbi opțiunea oricând.","117","709","Indexable",""
"https://eghiseul.ro/apostila-de-la-haga-ghid-acte-obtinere/","1","Ghid complet apostilă Haga în 2026: ce acte se apostilează la prefectură, tribunal sau Camera Notarilor, cât durează, cât costă, când NU ai nevoie de apostilă și în ce ordine se face traducerea.","194","1174","Indexable",""
"https://eghiseul.ro/servicii/certificat-urbanism-informare/","1","Obținem certificatul de urbanism pentru informare de la orice primărie din România: regim juridic, POT/CUT, restricții de construire. Comanzi online, primești pe email.","168","1012","Indexable",""
"https://eghiseul.ro/calculator/tva/","1","Calculator TVA 2026: adaugă sau extrage TVA cu cota standard 21% și cota redusă 11%. Rapid, online, fără instalare.","115","723","Indexable",""
"https://eghiseul.ro/calculator/pensie-alimentara/","1","Calculează pensia alimentară pentru copii în 2026 conform Codului Civil: 1/4 din venitul net pentru un copil, 1/3 pentru doi, 1/2 pentru trei sau mai mulți.","156","932","Indexable",""
"https://eghiseul.ro/calculator/calculator-impozit-auto/","1","Calculează impozitul auto 2026 după capacitatea cilindrică și norma de poluare Euro. Estimare rapidă a taxei anuale pe mașină.","126","787","Indexable",""
"https://eghiseul.ro/servicii/cazier-judiciar-online/persoana-fizica/","1","Obține cazierul judiciar pentru persoană fizică 100% online, fără drum la ghișeu. 198 RON, livrare în 3-5 zile pe email. Document de la Poliția Română, valabil pentru angajare, emigrare, adopție și proceduri legale.","215","1287","Indexable",""
"https://eghiseul.ro/calculator/taxe-notariale/","1","Calculează taxele notariale 2026: onorariu notarial, intabulare, impozit la stat și extras de carte funciară, pentru vânzare, donație, succesiune sau partaj.","157","935","Indexable",""
"https://eghiseul.ro/schimbare-sediu-social-srl-ghid/","1","Ghid schimbare sediu social în 2026: actele necesare, pașii la Registrul Comerțului, diferența dintre mutarea în același județ și în alt județ, plus ce instituții trebuie anunțate după.","185","1079","Indexable",""
"https://eghiseul.ro/calculator/calculator-procente/","1","Calculator de procente online: cât e X% din Y, cât la sută reprezintă un număr din altul și variația procentuală. Gratuit.","122","719","Indexable",""
"https://eghiseul.ro/servicii/plan-amplasament-delimitare/","1","Obții planul de amplasament și delimitare (PAD) din arhiva OCPI după numărul cadastral sau de carte funciară: conturul parcelei, lungimile laturilor, suprafața măsurată și vecinătățile. Taxe OCPI incluse, totul online, livrare pe email, fără cont ANCPI.","253","1521","Indexable",""
"https://eghiseul.ro/curs-valutar/","1","Curs valutar BNR oficial azi: euro, dolar, liră și toate valutele, cu variație zilnică, convertor valutar și grafice de evoluție. Actualizat din sursa oficială BNR.","164","931","Indexable",""
"https://eghiseul.ro/calculator/cat-pot-construi/","1","Introdu suprafața terenului și POT-ul din certificatul de urbanism → afli câți metri pătrați poate ocupa construcția la sol și cât poți construi în total (CUT). Gratuit.","169","989","Indexable",""
"https://eghiseul.ro/calculator/","1","Peste 30 de calculatoare online gratuite: salariu, taxe, dividende, credite, notariale, juridice și de timp. Rapide, actualizate 2026, fără cont.","145","838","Indexable",""
"https://eghiseul.ro/servicii/cazier-judiciar-online/","1","Obține cazierul judiciar online de la Poliția Română, fără cozi. Persoane fizice și firme, livrare în 3-5 zile pe email sau curier. Comandă în 5 minute.","152","884","Indexable",""
"https://eghiseul.ro/calculator/jugar-stanjen-in-mp/","1","Convertor online: jugăr, stânjen, falce, prăjină și pogon în metri pătrați, ari și hectare. Valorile exacte ale unităților vechi de teren din Transilvania, Moldova și Muntenia.","176","1017","Indexable",""
"https://eghiseul.ro/servicii/rovinieta-online/","1","Cumpără rovinieta online rapid și sigur, de pe telefon sau PC. Plata rovinietei online cu activare imediată, fără drumuri la ghișeu. Vezi tarifele 2026 pe categorii și perioade.","177","1041","Indexable",""
"https://eghiseul.ro/calculator/concediu-medical/","1","Calculează indemnizația de concediu medical 2026: procentul pe tip de concediu, baza de calcul și prima zi neplătită.","117","714","Indexable",""
"https://eghiseul.ro/servicii/actualizare-adresa-cf/","1","Actualizăm adresa imobilului în cartea funciară prin cerere la OCPI: aliniem adresa din CF cu nomenclatorul stradal actual după renumerotări, redenumiri de străzi sau atribuirea unui număr poștal nou. Taxe OCPI incluse, 100% online, fără cont ANCPI. Primești extrasul de carte funciară cu adresa corectată, pe email.","316","1936","Indexable",""
"https://eghiseul.ro/servicii/eliberare-certificat-de-celibat/","1","Certificat de celibat online de la Starea Civilă, 698 RON cu taxele incluse, fără drum la ghișeu. Pentru căsătorie în străinătate, cetățenie sau altă localitate. Email + curier.","177","1029","Indexable",""
"https://eghiseul.ro/tools/verificare-rovinieta-online/","1","Verifică gratuit valabilitatea rovinietei online, după numărul de înmatriculare, fără serie de șasiu. Afli instant dacă mașina are rovinietă validă și până când expiră.","168","988","Indexable",""
"https://eghiseul.ro/servicii/eliberare-certificat-de-nastere/","1","Duplicat certificat de naștere online de la Starea Civilă, 998 RON, fără deplasare. Pentru act pierdut, din altă localitate sau diaspora. Email + curier.","153","896","Indexable",""
"https://eghiseul.ro/politica-de-confidentialitate/","1","Cum colectează, folosește și protejează eGhișeul.ro (eDigitalizare SRL) datele tale personale: date colectate, scop, temei legal, destinatari și persoane împuternicite, durata stocării și drepturile tale GDPR.","209","1240","Indexable",""
"https://eghiseul.ro/servicii/identificare-imobile-proprietar/","1","Identificăm imobilele înscrise pe numele unei persoane (fizice sau juridice) în evidențele de cadastru și carte funciară, după nume și localitate. 198 RON, taxe OCPI incluse, livrare pe email.","192","1138","Indexable",""
"https://eghiseul.ro/contact/","1","Contactează eGhișeul.ro: telefon +40 757 708 181, email contact@eghiseul.ro. Asistență pentru cazier, carte funciară, certificat constatator și alte documente online.","166","1018","Indexable",""
"https://eghiseul.ro/servicii/cazier-auto-online/","1","Obții cazierul auto (fișa de evidență a conducătorului auto) online: sancțiuni rutiere, puncte de penalizare, suspendări. Necesar pentru atestat profesional și angajare ca șofer.","178","1068","Indexable",""
"https://eghiseul.ro/calculator/varsta-pensionare/","1","Află vârsta standard de pensionare și data ieșirii la pensie în funcție de sex și data nașterii, conform Anexei 5 din Legea 360/2023.","133","796","Indexable",""
"https://eghiseul.ro/servicii/extras-plan-cadastral/","1","Extras de plan cadastral pe ortofotoplan ANCPI — vezi imobilul pe harta cadastrală după numărul cadastral sau de carte funciară. Taxe incluse, 100% online, livrare pe email, fără cont ANCPI.","190","1169","Indexable",""
"https://eghiseul.ro/calculator/valabilitate-documente/","1","Verifică pe loc dacă documentul tău mai e valabil: cazier judiciar (6 luni), cazier fiscal (30 zile), extras CF, certificat constatator, certificat de integritate. Alegi documentul, pui data eliberării, afli până când e bun.","224","1278","Indexable",""
"https://eghiseul.ro/suspendare-activitate-firma-ghid/","1","Ghid suspendare activitate SRL/PFA în 2026: pașii la ONRC și ANAF, durata maximă de 3 ani, ce obligații fiscale rămân în suspendare și cum se face reluarea activității.","168","1026","Indexable",""
"https://eghiseul.ro/servicii/extras-multilingv-certificat-nastere/","1","Extrasul multilingv de pe certificatul de naștere (formular standard UE) e recunoscut în Uniunea Europeană fără traducere și fără apostilă. 798 RON totul inclus, fără deplasare.","177","1077","Indexable",""
"https://eghiseul.ro/blog/","1","Ghiduri și articole despre acte din România: carte funciară, cadastru, cazier judiciar, certificate de stare civilă, ONRC, pensii și rovinietă. Explicații clare, pas cu pas.","173","992","Indexable",""
"https://eghiseul.ro/servicii/cazier-judiciar-online/persoana-juridica/","1","Cazier judiciar pentru firmă (persoană juridică) 100% online — necesar la licitații publice SEAP, contracte cu statul și fonduri europene. 198 RON, livrare în 3-5 zile. Auto-completare CUI de la ONRC.","200","1196","Indexable",""
"https://eghiseul.ro/servicii/certificat-de-integritate-comportamentala/","1","Obții certificatul de integritate comportamentală online, fără drum la Poliție. Taxe IGPR incluse, livrare pe email în zile lucrătoare. Comandă acum.","149","891","Indexable",""
"https://eghiseul.ro/totul-despre-cartea-funciara-colectiva/","1","Cartea funciară colectivă descrie blocul întreg: terenul, construcția și cotele fiecărui apartament din părțile comune. Ce găsești în părțile A, B și C, când ți se cere și cum obții extrasul.","191","1106","Indexable",""
"https://eghiseul.ro/inregistrare-nastere-copil-nou-nascut/","1","Cum înregistrezi nașterea copilului nou-născut: termenul legal de 30 de zile, actele necesare, CNP-ul și primul certificat de naștere, care este gratuit. Ghid pas cu pas.","170","1006","Indexable",""
"https://eghiseul.ro/ghid-complet-certificat-de-integritate-comportamentala/","1","Ce este certificatul de integritate comportamentală, în ce diferă de cazierul judiciar, cine are nevoie de el (inclusiv pentru lucrul cu minori) și cum îl obții online. Ghid complet + perioada de valabilitate.","209","1205","Indexable",""
"https://eghiseul.ro/verificare-proprietar-imobil/","1","Singura metodă oficială care îți arată numele proprietarului este extrasul de carte funciară, și îl poate cere oricine, legal. Cum verifici proprietarul unui apartament sau teren, chiar dacă ai doar adresa.","206","1215","Indexable",""
"https://eghiseul.ro/ce-este-un-releveu/","1","Ce este un releveu, ce conține și cum îl obții pentru apartament sau casă. Diferența față de planul cadastral, cine face releveul și cât costă. Copie releveu din arhiva OCPI, livrată pe email.","192","1132","Indexable",""
"https://eghiseul.ro/valabilitate-certificat-de-celibat/","1","Cât e valabil certificatul de celibat (Anexa 9): 6 luni în România și 90 de zile (3 luni) când îl prezinți în străinătate pentru căsătorie. Vezi de ce diferă și ce verifici.","173","967","Indexable",""
"https://eghiseul.ro/calculator/reabilitare/","1","Află când se șterge condamnarea din cazier: termenele de reabilitare din Codul Penal (3, 4, 5 sau 7 ani), calculate din data executării.","136","810","Indexable",""
"https://eghiseul.ro/calculator/taxa-judiciara-de-timbru/","1","Calculează taxa judiciară de timbru pe tranșe (OUG 80/2013) plus taxele fixe frecvente: divorț, apel, ordonanță președințială.","126","765","Indexable",""
"https://eghiseul.ro/calculator/contributii-pfa/","1","Calculează contribuțiile PFA pentru Declarația Unică 2026: CASS 10%, CAS 25% și impozit 10%, cu plafoanele pe salariul minim.","125","777","Indexable",""
"https://eghiseul.ro/calculator/impozit-chirie/","1","Calculează impozitul pe chirie 2026: 10% pe venitul net (deducere 20%) plus CASS pe plafoane. Declarare prin Declarația Unică.","126","776","Indexable",""
"https://eghiseul.ro/calculator/taxe-srl/","1","Calculează taxele unui SRL în 2026: impozit micro 1% sau profit 16%, plus impozit pe dividende 16% și CASS, și află câți bani rămân efectiv în mână.","148","902","Indexable",""
"https://eghiseul.ro/cazier-fiscal-persoana-fizica/","1","Ghid complet despre cazierul fiscal al persoanei fizice: ce fapte se înscriu, când se șterg, cât este valabil, cine îl eliberează și cum îl obții prin SPV sau prin împuternicit dacă nu poți activa contul ANAF.","209","1211","Indexable",""
"https://eghiseul.ro/servicii/certificat-detineri-imobile/","1","Certificat care atestă dacă o persoană deține sau nu deține imobile în evidențele OCPI/ANCPI. Verificare după persoană (nume + CNP/CUI), pe localitate sau județ. Cerut la dosare de locuință, ajutoare, succesiuni și dosare bancare. 198 RON, taxe incluse, pe email.","263","1611","Indexable",""
"https://eghiseul.ro/servicii/copie-plan-cadastral/","1","Copie certificată a planului cadastral din arhiva OCPI: planul de situație înregistrat la recepția cadastrală, obținut după numărul cadastral sau de carte funciară. Taxe OCPI incluse, fără cont ANCPI, livrare pe email.","218","1304","Indexable",""
"https://eghiseul.ro/servicii/copie-intabulare/","1","Copie certificată a încheierii de intabulare din arhiva OCPI, care dovedește înscrierea dreptului de proprietate în cartea funciară. Taxe OCPI incluse, totul online, livrare pe email.","183","1070","Indexable",""
"https://eghiseul.ro/servicii/copie-inventar-coordonate/","1","Copie inventar de coordonate în sistem Stereo 70: lista punctelor de hotar ale imobilului, cu coordonate X/Y, după numărul cadastral sau de carte funciară. Taxe OCPI incluse, totul online, livrare pe email.","206","1240","Indexable",""
"https://eghiseul.ro/servicii/copie-plan-incadrare/","1","Comandă copia planului de încadrare în zonă din arhiva OCPI. Vezi unde se află imobilul în zonă și în cvartal, după numărul cadastral sau de carte funciară. Taxe incluse, online, livrare pe email, fără cont ANCPI.","213","1284","Indexable",""
"https://eghiseul.ro/calculator/impozit-pensie/","1","Calculează impozitul și CASS pe pensie în 2026: 10% impozit și 10% CASS pe partea care depășește 3.000 lei, și află pensia netă încasată.","137","841","Indexable",""
"https://eghiseul.ro/servicii/extras-cf-colectiv/","1","Cartea funciară a blocului sau condominiului: părțile comune și cotele indivize ale construcției, document separat de extrasul CF al apartamentului. Taxe OCPI incluse, 100% online, livrare pe email, fără cont ANCPI.","215","1303","Indexable",""
"https://eghiseul.ro/servicii/copie-contract-vanzare/","1","Obține copia certificată a contractului de vânzare-cumpărare al imobilului din arhiva OCPI/ANCPI — actul notarial în baza căruia s-a intabulat dreptul de proprietate. Util când nu mai ai exemplarul propriu. Taxe OCPI incluse, online, livrare pe email.","251","1507","Indexable",""
"https://eghiseul.ro/transcriere-certificat-de-casatorie/","1","Te-ai căsătorit în străinătate? Vezi ce este transcrierea certificatului de căsătorie, actele necesare (apostilă, traducere) și unde se depune.","143","842","Indexable",""
"https://eghiseul.ro/duplicat-certificat-de-casatorie/","1","Ai pierdut certificatul de căsătorie? Vezi cum obții un duplicat la Starea Civilă, ce acte îți trebuie, cât durează și cum îl ceri online, prin împuternicit, pe eGhișeul.ro.","173","981","Indexable",""
"https://eghiseul.ro/servicii/copie-releveu/","1","Copie certificată după releveul apartamentului din arhiva OCPI: planul cu dispunerea camerelor, suprafețele utile per încăpere și dimensiunile interioare. Taxe incluse, 100% online, livrare pe email, fără cont ANCPI.","216","1294","Indexable",""
"https://eghiseul.ro/servicii/copie-arhiva-ocpi/","1","Obții o copie certificată din arhiva teritorială OCPI/BCPI: memoriu tehnic, planuri și înscrisurile care au stat la baza intabulării imobilului. Cauți după numărul cadastral sau de carte funciară, cu taxele OCPI incluse. Totul online, livrare pe email.","252","1475","Indexable",""
"https://eghiseul.ro/servicii/extras-de-carte-funciara/harghita/","1","Obține extrasul de carte funciară pentru un imobil din județul Harghita online, fără drum la OCPI Harghita. 89 RON, taxe incluse, livrare pe email în câteva minute.","164","986","Indexable",""
"https://eghiseul.ro/servicii/extras-de-carte-funciara/hunedoara/","1","Obține extrasul de carte funciară pentru un imobil din județul Hunedoara online, fără drum la OCPI Hunedoara. 89 RON, taxe incluse, livrare pe email în câteva minute.","166","1016","Indexable",""
"https://eghiseul.ro/servicii/extras-de-carte-funciara/constanta/","1","Obține extrasul de carte funciară pentru un imobil din județul Constanța online, fără drum la OCPI Constanța. 89 RON, taxe incluse, livrare pe email în câteva minute.","166","1008","Indexable",""
"https://eghiseul.ro/servicii/extras-de-carte-funciara/vaslui/","1","Obține extrasul de carte funciară pentru un imobil din județul Vaslui online, fără drum la OCPI Vaslui. 89 RON, taxe incluse, livrare pe email în câteva minute.","160","952","Indexable",""
"https://eghiseul.ro/servicii/extras-de-carte-funciara/valcea/","1","Obține extrasul de carte funciară pentru un imobil din județul Vâlcea online, fără drum la OCPI Vâlcea. 89 RON, taxe incluse, livrare pe email în câteva minute.","160","960","Indexable",""
"https://eghiseul.ro/servicii/extras-de-carte-funciara/dambovita/","1","Obține extrasul de carte funciară pentru un imobil din județul Dâmbovița online, fără drum la OCPI Dâmbovița. 89 RON, taxe incluse, livrare pe email în câteva minute.","166","1012","Indexable",""
"https://eghiseul.ro/servicii/extras-de-carte-funciara/gorj/","1","Obține extrasul de carte funciară pentru un imobil din județul Gorj online, fără drum la OCPI Gorj. 89 RON, taxe incluse, livrare pe email în câteva minute.","156","928","Indexable",""
"https://eghiseul.ro/servicii/extras-de-carte-funciara/arad/","1","Obține extrasul de carte funciară pentru un imobil din județul Arad online, fără drum la OCPI Arad. 89 RON, taxe incluse, livrare pe email în câteva minute.","156","936","Indexable",""
"https://eghiseul.ro/servicii/extras-de-carte-funciara/brasov/","1","Obține extrasul de carte funciară pentru un imobil din județul Brașov online, fără drum la OCPI Brașov. 89 RON, taxe incluse, livrare pe email în câteva minute.","160","964","Indexable",""
"https://eghiseul.ro/servicii/extras-de-carte-funciara/maramures/","1","Obține extrasul de carte funciară pentru un imobil din județul Maramureș online, fără drum la OCPI Maramureș. 89 RON, taxe incluse, livrare pe email în câteva minute.","166","1020","Indexable",""
"https://eghiseul.ro/servicii/extras-de-carte-funciara/giurgiu/","1","Obține extrasul de carte funciară pentru un imobil din județul Giurgiu online, fără drum la OCPI Giurgiu. 89 RON, taxe incluse, livrare pe email în câteva minute.","162","966","Indexable",""
"https://eghiseul.ro/servicii/extras-de-carte-funciara/botosani/","1","Obține extrasul de carte funciară pentru un imobil din județul Botoșani online, fără drum la OCPI Botoșani. 89 RON, taxe incluse, livrare pe email în câteva minute.","164","988","Indexable",""
"https://eghiseul.ro/servicii/extras-de-carte-funciara/iasi/","1","Obține extrasul de carte funciară pentru un imobil din județul Iași online, fără drum la OCPI Iași. 89 RON, taxe incluse, livrare pe email în câteva minute.","156","920","Indexable",""
"https://eghiseul.ro/servicii/extras-de-carte-funciara/sibiu/","1","Obține extrasul de carte funciară pentru un imobil din județul Sibiu online, fără drum la OCPI Sibiu. 89 RON, taxe incluse, livrare pe email în câteva minute.","158","936","Indexable",""
"https://eghiseul.ro/extras-carte-funciara-gratuit/","1","Da, extrasul de carte funciară de informare este gratuit prin platforma MyTerra (ANCPI) din iunie 2025. Ce condiții sunt, cum îți faci cont, cât durează și când are sens varianta plătită, eliberată instant.","206","1224","Indexable",""
"https://eghiseul.ro/servicii/extras-de-carte-funciara/olt/","1","Obține extrasul de carte funciară pentru un imobil din județul Olt online, fără drum la OCPI Olt. 89 RON, taxe incluse, livrare pe email în câteva minute.","154","912","Indexable",""
"https://eghiseul.ro/ce-este-planul-cadastral/","1","Ce este planul cadastral, ce conține și cum îl obții online. Diferența dintre planul cadastral, extrasul de plan cadastral pe ortofotoplan, releveu și extrasul de carte funciară.","178","1039","Indexable",""
"https://eghiseul.ro/servicii/extras-de-carte-funciara/neamt/","1","Obține extrasul de carte funciară pentru un imobil din județul Neamț online, fără drum la OCPI Neamț. 89 RON, taxe incluse, livrare pe email în câteva minute.","158","960","Indexable",""
"https://eghiseul.ro/servicii/extras-de-carte-funciara/ialomita/","1","Obține extrasul de carte funciară pentru un imobil din județul Ialomița online, fără drum la OCPI Ialomița. 89 RON, taxe incluse, livrare pe email în câteva minute.","164","978","Indexable",""
"https://eghiseul.ro/servicii/extras-de-carte-funciara/cluj/","1","Obține extrasul de carte funciară pentru un imobil din județul Cluj online, fără drum la OCPI Cluj. 89 RON, taxe incluse, livrare pe email în câteva minute.","156","922","Indexable",""
"https://eghiseul.ro/servicii/extras-de-carte-funciara/alba/","1","Obține extrasul de carte funciară pentru un imobil din județul Alba online, fără drum la OCPI Alba. 89 RON, taxe incluse, livrare pe email în câteva minute.","156","932","Indexable",""
"https://eghiseul.ro/servicii/extras-de-carte-funciara/mehedinti/","1","Obține extrasul de carte funciară pentru un imobil din județul Mehedinți online, fără drum la OCPI Mehedinți. 89 RON, taxe incluse, livrare pe email în câteva minute.","166","998","Indexable",""
"https://eghiseul.ro/servicii/extras-de-carte-funciara/galati/","1","Obține extrasul de carte funciară pentru un imobil din județul Galați online, fără drum la OCPI Galați. 89 RON, taxe incluse, livrare pe email în câteva minute.","160","950","Indexable",""
"https://eghiseul.ro/servicii/extras-de-carte-funciara/timis/","1","Obține extrasul de carte funciară pentru un imobil din județul Timiș online, fără drum la OCPI Timiș. 89 RON, taxe incluse, livrare pe email în câteva minute.","158","942","Indexable",""
"https://eghiseul.ro/servicii/extras-de-carte-funciara/caras-severin/","1","Obține extrasul de carte funciară pentru un imobil din județul Caraș-Severin online, fără drum la OCPI Caraș-Severin. 89 RON, taxe incluse, livrare pe email în câteva minute.","174","1048","Indexable",""
"https://eghiseul.ro/servicii/extras-de-carte-funciara/bacau/","1","Obține extrasul de carte funciară pentru un imobil din județul Bacău online, fără drum la OCPI Bacău. 89 RON, taxe incluse, livrare pe email în câteva minute.","158","956","Indexable",""
"https://eghiseul.ro/servicii/extras-de-carte-funciara/covasna/","1","Obține extrasul de carte funciară pentru un imobil din județul Covasna online, fără drum la OCPI Covasna. 89 RON, taxe incluse, livrare pe email în câteva minute.","162","986","Indexable",""
"https://eghiseul.ro/servicii/extras-de-carte-funciara/buzau/","1","Obține extrasul de carte funciară pentru un imobil din județul Buzău online, fără drum la OCPI Buzău. 89 RON, taxe incluse, livrare pe email în câteva minute.","158","956","Indexable",""
"https://eghiseul.ro/servicii/extras-de-carte-funciara/dolj/","1","Obține extrasul de carte funciară pentru un imobil din județul Dolj online, fără drum la OCPI Dolj. 89 RON, taxe incluse, livrare pe email în câteva minute.","156","922","Indexable",""
"https://eghiseul.ro/valabilitate-extras-de-carte-funciara/","1","Cât este valabil extrasul de carte funciară emis de ANCPI: în general 30 de zile. Cum verifici valabilitatea online, ce faci când expiră și cât ține un extras pentru informare.","176","1029","Indexable",""
"https://eghiseul.ro/servicii/extras-de-carte-funciara/ilfov/","1","Obține extrasul de carte funciară pentru un imobil din județul Ilfov online, fără drum la OCPI Ilfov. 89 RON, taxe incluse, livrare pe email în câteva minute.","158","930","Indexable",""
"https://eghiseul.ro/servicii/extras-de-carte-funciara/tulcea/","1","Obține extrasul de carte funciară pentru un imobil din județul Tulcea online, fără drum la OCPI Tulcea. 89 RON, taxe incluse, livrare pe email în câteva minute.","160","958","Indexable",""
"https://eghiseul.ro/servicii/extras-de-carte-funciara/satu-mare/","1","Obține extrasul de carte funciară pentru un imobil din județul Satu Mare online, fără drum la OCPI Satu Mare. 89 RON, taxe incluse, livrare pe email în câteva minute.","166","1004","Indexable",""
"https://eghiseul.ro/servicii/extras-de-carte-funciara/teleorman/","1","Obține extrasul de carte funciară pentru un imobil din județul Teleorman online, fără drum la OCPI Teleorman. 89 RON, taxe incluse, livrare pe email în câteva minute.","166","1008","Indexable",""
"https://eghiseul.ro/servicii/extras-de-carte-funciara/vrancea/","1","Obține extrasul de carte funciară pentru un imobil din județul Vrancea online, fără drum la OCPI Vrancea. 89 RON, taxe incluse, livrare pe email în câteva minute.","162","980","Indexable",""
"https://eghiseul.ro/servicii/extras-de-carte-funciara/bistrita-nasaud/","1","Obține extrasul de carte funciară pentru un imobil din județul Bistrița-Năsăud online, fără drum la OCPI Bistrița-Năsăud. 89 RON, taxe incluse, livrare pe email în câteva minute.","178","1072","Indexable",""
"https://eghiseul.ro/servicii/extras-de-carte-funciara/arges/","1","Obține extrasul de carte funciară pentru un imobil din județul Argeș online, fără drum la OCPI Argeș. 89 RON, taxe incluse, livrare pe email în câteva minute.","158","948","Indexable",""
"https://eghiseul.ro/servicii/extras-de-carte-funciara/mures/","1","Obține extrasul de carte funciară pentru un imobil din județul Mureș online, fără drum la OCPI Mureș. 89 RON, taxe incluse, livrare pe email în câteva minute.","158","954","Indexable",""
"https://eghiseul.ro/servicii/extras-de-carte-funciara/bihor/","1","Obține extrasul de carte funciară pentru un imobil din județul Bihor online, fără drum la OCPI Bihor. 89 RON, taxe incluse, livrare pe email în câteva minute.","158","942","Indexable",""
"https://eghiseul.ro/servicii/extras-de-carte-funciara/suceava/","1","Obține extrasul de carte funciară pentru un imobil din județul Suceava online, fără drum la OCPI Suceava. 89 RON, taxe incluse, livrare pe email în câteva minute.","162","982","Indexable",""
"https://eghiseul.ro/servicii/extras-de-carte-funciara/braila/","1","Obține extrasul de carte funciară pentru un imobil din județul Brăila online, fără drum la OCPI Brăila. 89 RON, taxe incluse, livrare pe email în câteva minute.","160","948","Indexable",""
"https://eghiseul.ro/servicii/extras-de-carte-funciara/prahova/","1","Obține extrasul de carte funciară pentru un imobil din județul Prahova online, fără drum la OCPI Prahova. 89 RON, taxe incluse, livrare pe email în câteva minute.","162","982","Indexable",""
"https://eghiseul.ro/tabel-varsta-pensionare-anticipata-femei/","1","Tabelul complet cu vârsta de pensionare anticipată pentru femei, conform Legii 360/2023: luna și anul nașterii, stagiul complet de cotizare, luna pensionării anticipate și vârsta la ieșirea la pensie.","200","1192","Indexable",""
"https://eghiseul.ro/cum-aflam-numarul-carte-functionara-si-nr-cadastral/","1","Cum afli numărul cadastral și numărul de carte funciară: din actul de proprietate, dintr-un extras CF mai vechi sau după adresă. Plus cum localizezi terenul pe hartă după numărul cadastral, pas cu pas.","201","1231","Indexable",""
"https://eghiseul.ro/servicii/extras-de-carte-funciara/calarasi/","1","Obține extrasul de carte funciară pentru un imobil din județul Călărași online, fără drum la OCPI Călărași. 89 RON, taxe incluse, livrare pe email în câteva minute.","164","978","Indexable",""
"https://eghiseul.ro/certificat-constatator-pentru-fonduri-europene/","1","De ce ai nevoie de certificat constatator la dosarul de fonduri europene sau APIA/AFIR, ce dovedește, ce tip alegi și cum îl obții online prin eGhișeul.ro.","155","914","Indexable",""
"https://eghiseul.ro/cazier-fiscal-fara-spv/","1","Procedura pas cu pas pentru cazierul fiscal prin Spațiul Privat Virtual: înrolarea în SPV online sau la ghișeu, formularele 502 și 504, cât durează eliberarea și ce alternative ai când contul ANAF nu poate fi activat.","217","1286","Indexable",""
"https://eghiseul.ro/sms-fals-amenda-ghiseul-ro/","1","DNSC avertizează: SMS-uri false cu amenzi de circulație trimit șoferii pe ghiiseul.cc, o clonă a platformei Ghișeul.ro care fură datele cardului. Cum recunoști mesajul, ce faci dacă ai introdus cardul și cum verifici o amendă reală.","232","1380","Indexable",""
"https://eghiseul.ro/certificat-constatator-pentru-notar/","1","Notarul îți cere un certificat constatator de cel mult 30 de zile pentru cesiune de părți sociale, vânzarea firmei sau acte imobiliare. Vezi ce versiune accepți și cum îl obții online.","184","1063","Indexable",""
"https://eghiseul.ro/cazier-si-certificat-de-integritate-pentru-profesori/","1","Cine trebuie să prezinte cazierul judiciar și certificatul de integritate comportamentală la angajarea în învățământ, cât sunt valabile, dacă se depun din nou la fiecare 6 luni și cum le obții — gratuit sau online.","214","1256","Indexable",""
"https://eghiseul.ro/certificat-constatator-pentru-banca/","1","Banca îți cere certificat constatator emis în ultimele 30 de zile pentru cont de firmă sau credit. Vezi de ce, ce versiune îți trebuie și cum îl obții online ca PDF original.","174","993","Indexable",""
"https://eghiseul.ro/cazier-judiciar-vs-certificat-integritate-comportamentala/","1","Diferențele dintre cazierul judiciar (Legea nr. 290/2004) și certificatul de integritate comportamentală (Legea nr. 118/2019): ce conțin, când sunt necesare și pentru ce tip de angajare. Ghid complet + tabel comparativ.","219","1328","Indexable",""
"https://eghiseul.ro/verificare-cazier-fiscal/","1","Cum verifici situația ta în cazierul fiscal: de ce nu există interogare rapidă online, cum ceri certificatul de la ANAF, cum verifici semnătura electronică și codul de pe document, cât timp rămâne valabil și ce faci dacă apare o faptă pe care o credeai radiată.","261","1541","Indexable",""
"https://eghiseul.ro/ancpi-nu-functioneaza/","1","Update 21 august: e-Terra merge din nou pentru profesioniști, iar din 20 august a fost reactivat și „Link de plată"". Platformele online pentru public rămân OPRITE, iar între 11 și 19 august OCPI-urile au înregistrat 329.476 de cereri — deci întârzierile continuă. Noi eliberăm extrasul de carte funciară în 2 zile lucrătoare, prin partener autorizat.","350","2074","Indexable",""
"https://eghiseul.ro/cazier-fiscal-firma/","1","Cazierul fiscal al firmei și cel al asociaților sau administratorilor sunt două lucruri diferite. Când se cere fiecare, ce înseamnă inactivitatea fiscală pentru SRL sau PFA, ce se întâmplă la sediul expirat și ce acte sunt necesare pentru certificatul persoanei juridice.","271","1578","Indexable",""
"https://eghiseul.ro/tva-9-locuinte-31-iulie-2026/","1","Senatul a adoptat pe 27 iulie prelungirea termenului de livrare cu TVA 9% de la 31 iulie la 30 septembrie 2026, din cauza blocajului ANCPI. Nu e încă lege: urmează Camera Deputaților și Monitorul Oficial. Condițiile rămân neschimbate, iar antecontractul trebuia încheiat până la 1 august 2025.","293","1782","Indexable",""
"https://eghiseul.ro/certificat-de-nastere-pentru-buletin-pasaport/","1","Când ți se cere certificatul de naștere și în ce formă: la buletin se cere în original de fiecare dată, la pașaport de regulă doar pentru minori. Plus ce faci dacă ai pierdut și buletinul, și certificatul de naștere.","216","1231","Indexable",""
"https://eghiseul.ro/acte-necesare-casatorie/","1","Ghid complet cu actele necesare pentru căsătorie: declarația se depune personal de ambii soți, cu cel puțin 10 zile înainte. Certificate medicale prenupțiale, acte de identitate, certificate de naștere și cazurile speciale.","223","1311","Indexable",""
"https://eghiseul.ro/certificat-constatator-pentru-licitatie/","1","Ai nevoie de certificat constatator pentru o licitație SEAP/SICAP? Vezi de ce trebuie emis cu maximum 30 de zile înainte de termen, ce dovedește și cum îl obții online prin eGhișeul.ro.","185","1107","Indexable",""
"https://eghiseul.ro/amenda-rovinieta-2025-tarife-plata-online-ghid-complet/","1","Ghid complet despre amenda pentru rovinietă în 2026: cuantumul amenzii pe categorii de vehicule, reducerea de 50% în 15 zile, modalitățile de plată online și termenele de contestație.","183","1116","Indexable",""
"https://eghiseul.ro/cazier-judiciar-online-gratuit/","1","Certificatul de cazier judiciar este gratuit online pentru persoanele fizice cu cetățenie română și cont validat, prin ghiseul.ro sau hub.mai.gov.ro. Cum îl scoți singur, ce condiții trebuie îndeplinite și situațiile în care ruta gratuită nu se aplică: firme, cetățeni străini, card bancar nerezident, exemplar pe hârtie.","321","1854","Indexable",""
"https://eghiseul.ro/anii-lucrati-in-strainatate-se-pun-la-pensie-in-romania/","1","Da, anii lucrați în străinătate (UE/SEE/Elveția) se iau în calcul la pensia din România. Vezi procedura de solicitare, totalizarea perioadelor de asigurare, calculul pro rata temporis și plata pensiei.","201","1176","Indexable",""
"https://eghiseul.ro/extras-de-carte-funciara-pentru-casa-verde/","1","De ce ai nevoie de un extras de carte funciară pentru programul Casa Verde, ce condiții trebuie să îndeplinească (nu mai vechi de 60 de zile), ce documente sunt necesare și cum îl obții online rapid pentru dosarul de finanțare.","227","1367","Indexable",""
"https://eghiseul.ro/certificat-de-celibat/","1","Certificatul de celibat este, de fapt, Anexa 9 — dovada de stare civilă pentru căsătoria în străinătate. Vezi denumirea corectă, actele necesare, modelul și cum îl obții.","170","1003","Indexable",""
"https://eghiseul.ro/cat-costa-cadastrul-si-intabularea/","1","Cadastru apartament: 700–1.100 lei topograf + 120 lei taxă ANCPI. Casă cu teren: 1.400–2.500 lei + 120. Intabulare după cumpărare: 0,15% din preț. Toate taxele, actele pe scenarii și greșelile care te costă.","207","1264","Indexable",""
"https://eghiseul.ro/informatii-cazier-auto-online/","1","Ce este cazierul auto, ce fapte conține, cât se păstrează în evidență și cum îl obții online. Diferența față de cazierul judiciar, impactul asupra asigurărilor și pașii de solicitare.","183","1051","Indexable",""
"https://eghiseul.ro/transcriere-certificat-de-nastere/","1","Copilul s-a născut în străinătate? Vezi cum se face transcrierea certificatului de naștere în registrele din România: apostilă, traducere legalizată, termen și obținerea CNP.","174","1035","Indexable",""
"https://eghiseul.ro/duplicat-certificat-de-nastere/","1","Ghid complet pentru duplicatul certificatului de naștere: din 2023 îl ceri de la orice primărie cu stare civilă, în ~30 de zile, adesea gratuit. Acte, pași și varianta online.","175","1000","Indexable",""
"https://eghiseul.ro/certificat-de-nastere-pierdut/","1","Ai pierdut certificatul de naștere? Vezi actele necesare, cât durează duplicatul și cum îl obții online prin eGhișeul.ro, fără drum la Starea Civilă.","149","863","Indexable",""
"https://eghiseul.ro/tools/","1","Instrumente online gratuite de la eGhișeul.ro: verificare rovinietă după număr și calculatoare fiscale, salariale și juridice actualizate pentru 2026.","150","881","Indexable",""
"https://eghiseul.ro/schimbare-certificat-de-nastere-vechi/","1","Schimbă certificatul de naștere vechi sau deteriorat cu modelul actual: ce acte îți trebuie, cât durează și cum obții duplicatul online.","136","799","Indexable",""
"https://eghiseul.ro/taxa-cazier-judiciar/","1","La ghișeu, cazierul judiciar este gratuit din 2017 — taxele au fost eliminate. Ce plătești când îl obții online, ce acte îți trebuie și în ce situații ți se cere.","162","898","Indexable",""
"https://eghiseul.ro/acte-necesare-certificat-de-nastere/","1","Ce acte îți trebuie pentru certificatul de naștere: duplicat, nou-născut sau prin împuternicire. Listă completă + cum îl obții online.","134","780","Indexable",""
"https://eghiseul.ro/servicii/cazier-judiciar-online/piatra-neamt/","1","Obține cazierul judiciar în Piatra Neamț online, fără cozi la IPJ Neamț. Depunem cererea în numele tău, livrare în 3-5 zile pe email sau curier. Comandă în 5 minute.","165","989","Indexable",""
"https://eghiseul.ro/servicii/cazier-judiciar-online/targu-mures/","1","Obține cazierul judiciar în Târgu Mureș online, fără cozi la IPJ Mureș. Depunem cererea în numele tău, livrare în 3-5 zile pe email sau curier. Comandă în 5 minute.","164","982","Non-Indexable","noindex"
"https://eghiseul.ro/servicii/cazier-judiciar-online/resita/","1","Obține cazierul judiciar în Reșița online, fără cozi la IPJ Caraș-Severin. Depunem cererea în numele tău, livrare în 3-5 zile pe email sau curier. Comandă în 5 minute.","167","989","Non-Indexable","noindex"
"https://eghiseul.ro/servicii/cazier-judiciar-online/bucuresti/","1","Obține cazierul judiciar în București online, fără cozi la IPJ București. Depunem cererea în numele tău, livrare în 3-5 zile pe email sau curier. Comandă în 5 minute.","166","982","Non-Indexable","noindex"
"https://eghiseul.ro/servicii/cazier-judiciar-online/slatina/","1","Obține cazierul judiciar în Slatina online, fără cozi la IPJ Olt. Depunem cererea în numele tău, livrare în 3-5 zile pe email sau curier. Comandă în 5 minute.","158","925","Non-Indexable","noindex"
"https://eghiseul.ro/servicii/cazier-judiciar-online/tulcea/","1","Obține cazierul judiciar în Tulcea online, fără cozi la IPJ Tulcea. Depunem cererea în numele tău, livrare în 3-5 zile pe email sau curier. Comandă în 5 minute.","160","946","Non-Indexable","noindex"
"https://eghiseul.ro/servicii/cazier-judiciar-online/satu-mare/","1","Obține cazierul judiciar în Satu Mare online, fără cozi la IPJ Satu Mare. Depunem cererea în numele tău, livrare în 3-5 zile pe email sau curier. Comandă în 5 minute.","166","992","Indexable",""
"https://eghiseul.ro/servicii/cazier-judiciar-online/buzau/","1","Obține cazierul judiciar în Buzău online, fără cozi la IPJ Buzău. Depunem cererea în numele tău, livrare în 3-5 zile pe email sau curier. Comandă în 5 minute.","158","944","Non-Indexable","noindex"
"https://eghiseul.ro/servicii/cazier-judiciar-online/suceava/","1","Obține cazierul judiciar în Suceava online, fără cozi la IPJ Suceava. Depunem cererea în numele tău, livrare în 3-5 zile pe email sau curier. Comandă în 5 minute.","162","970","Non-Indexable","noindex"
"https://eghiseul.ro/servicii/cazier-judiciar-online/turda/","1","Obține cazierul judiciar în Turda online, fără cozi la IPJ Cluj. Depunem cererea în numele tău, livrare în 3-5 zile pe email sau curier. Comandă în 5 minute.","157","924","Non-Indexable","noindex"
"https://eghiseul.ro/servicii/cazier-judiciar-online/timisoara/","1","Obține cazierul judiciar în Timișoara online, fără cozi la IPJ Timiș. Depunem cererea în numele tău, livrare în 3-5 zile pe email sau curier. Comandă în 5 minute.","162","959","Indexable",""
"https://eghiseul.ro/servicii/cazier-judiciar-online/bistrita/","1","Obține cazierul judiciar în Bistrița online, fără cozi la IPJ Bistrița-Năsăud. Depunem cererea în numele tău, livrare în 3-5 zile pe email sau curier. Comandă în 5 minute.","171","1007","Non-Indexable","noindex"
"https://eghiseul.ro/servicii/cazier-judiciar-online/cluj-napoca/","1","Obține cazierul judiciar în Cluj-Napoca online, fără cozi la IPJ Cluj. Depunem cererea în numele tău, livrare în 3-5 zile pe email sau curier. Comandă în 5 minute.","163","963","Indexable",""
"https://eghiseul.ro/servicii/cazier-judiciar-online/alexandria/","1","Obține cazierul judiciar în Alexandria online, fără cozi la IPJ Teleorman. Depunem cererea în numele tău, livrare în 3-5 zile pe email sau curier. Comandă în 5 minute.","167","996","Non-Indexable","noindex"
"https://eghiseul.ro/servicii/cazier-judiciar-online/sibiu/","1","Obține cazierul judiciar în Sibiu online, fără cozi la IPJ Sibiu. Depunem cererea în numele tău, livrare în 3-5 zile pe email sau curier. Comandă în 5 minute.","158","924","Non-Indexable","noindex"
"https://eghiseul.ro/servicii/cazier-judiciar-online/ramnicu-valcea/","1","Obține cazierul judiciar în Râmnicu Vâlcea online, fără cozi la IPJ Vâlcea. Depunem cererea în numele tău, livrare în 3-5 zile pe email sau curier. Comandă în 5 minute.","168","1006","Indexable",""
"https://eghiseul.ro/servicii/cazier-judiciar-online/braila/","1","Obține cazierul judiciar în Brăila online, fără cozi la IPJ Brăila. Depunem cererea în numele tău, livrare în 3-5 zile pe email sau curier. Comandă în 5 minute.","160","936","Non-Indexable","noindex"
"https://eghiseul.ro/servicii/cazier-judiciar-online/onesti/","1","Obține cazierul judiciar în Onești online, fără cozi la IPJ Bacău. Depunem cererea în numele tău, livrare în 3-5 zile pe email sau curier. Comandă în 5 minute.","159","944","Non-Indexable","noindex"
"https://eghiseul.ro/servicii/cazier-judiciar-online/oradea/","1","Obține cazierul judiciar în Oradea online, fără cozi la IPJ Bihor. Depunem cererea în numele tău, livrare în 3-5 zile pe email sau curier. Comandă în 5 minute.","159","943","Non-Indexable","noindex"
"https://eghiseul.ro/servicii/cazier-judiciar-online/miercurea-ciuc/","1","Obține cazierul judiciar în Miercurea Ciuc online, fără cozi la IPJ Harghita. Depunem cererea în numele tău, livrare în 3-5 zile pe email sau curier. Comandă în 5 minute.","170","1011","Non-Indexable","noindex"
"https://eghiseul.ro/servicii/cazier-judiciar-online/targu-jiu/","1","Obține cazierul judiciar în Târgu Jiu online, fără cozi la IPJ Gorj. Depunem cererea în numele tău, livrare în 3-5 zile pe email sau curier. Comandă în 5 minute.","161","949","Non-Indexable","noindex"
"https://eghiseul.ro/servicii/cazier-judiciar-online/alba-iulia/","1","Obține cazierul judiciar în Alba Iulia online, fără cozi la IPJ Alba. Depunem cererea în numele tău, livrare în 3-5 zile pe email sau curier. Comandă în 5 minute.","162","949","Non-Indexable","noindex"
"https://eghiseul.ro/servicii/cazier-judiciar-online/brasov/","1","Obține cazierul judiciar în Brașov online, fără cozi la IPJ Brașov. Depunem cererea în numele tău, livrare în 3-5 zile pe email sau curier. Comandă în 5 minute.","160","952","Non-Indexable","noindex"
"https://eghiseul.ro/servicii/cazier-judiciar-online/constanta/","1","Obține cazierul judiciar în Constanța online, fără cozi la IPJ Constanța. Depunem cererea în numele tău, livrare în 3-5 zile pe email sau curier. Comandă în 5 minute.","166","996","Indexable",""
"https://eghiseul.ro/servicii/cazier-judiciar-online/vaslui/","1","Obține cazierul judiciar în Vaslui online, fără cozi la IPJ Vaslui. Depunem cererea în numele tău, livrare în 3-5 zile pe email sau curier. Comandă în 5 minute.","160","940","Non-Indexable","noindex"
"https://eghiseul.ro/servicii/cazier-judiciar-online/giurgiu/","1","Obține cazierul judiciar în Giurgiu online, fără cozi la IPJ Giurgiu. Depunem cererea în numele tău, livrare în 3-5 zile pe email sau curier. Comandă în 5 minute.","162","954","Non-Indexable","noindex"
"https://eghiseul.ro/servicii/cazier-judiciar-online/sfantu-gheorghe/","1","Obține cazierul judiciar în Sfântu Gheorghe online, fără cozi la IPJ Covasna. Depunem cererea în numele tău, livrare în 3-5 zile pe email sau curier. Comandă în 5 minute.","170","1025","Non-Indexable","noindex"
"https://eghiseul.ro/servicii/cazier-judiciar-online/lugoj/","1","Obține cazierul judiciar în Lugoj online, fără cozi la IPJ Timiș. Depunem cererea în numele tău, livrare în 3-5 zile pe email sau curier. Comandă în 5 minute.","158","932","Non-Indexable","noindex"
"https://eghiseul.ro/servicii/cazier-judiciar-online/pitesti/","1","Obține cazierul judiciar în Pitești online, fără cozi la IPJ Argeș. Depunem cererea în numele tău, livrare în 3-5 zile pe email sau curier. Comandă în 5 minute.","160","939","Non-Indexable","noindex"
"https://eghiseul.ro/servicii/cazier-judiciar-online/zalau/","1","Obține cazierul judiciar în Zalău online, fără cozi la IPJ Sălaj. Depunem cererea în numele tău, livrare în 3-5 zile pe email sau curier. Comandă în 5 minute.","158","929","Non-Indexable","noindex"
"https://eghiseul.ro/servicii/cazier-judiciar-online/slobozia/","1","Obține cazierul judiciar în Slobozia online, fără cozi la IPJ Ialomița. Depunem cererea în numele tău, livrare în 3-5 zile pe email sau curier. Comandă în 5 minute.","164","968","Non-Indexable","noindex"
"https://eghiseul.ro/servicii/cazier-judiciar-online/sebes/","1","Obține cazierul judiciar în Sebeș online, fără cozi la IPJ Alba. Depunem cererea în numele tău, livrare în 3-5 zile pe email sau curier. Comandă în 5 minute.","157","929","Non-Indexable","noindex"
"https://eghiseul.ro/servicii/cazier-judiciar-online/targoviste/","1","Obține cazierul judiciar în Târgoviște online, fără cozi la IPJ Dâmbovița. Depunem cererea în numele tău, livrare în 3-5 zile pe email sau curier. Comandă în 5 minute.","167","998","Non-Indexable","noindex"
"https://eghiseul.ro/servicii/cazier-judiciar-online/baia-mare/","1","Obține cazierul judiciar în Baia Mare online, fără cozi la IPJ Maramureș. Depunem cererea în numele tău, livrare în 3-5 zile pe email sau curier. Comandă în 5 minute.","166","999","Non-Indexable","noindex"
"https://eghiseul.ro/servicii/cazier-judiciar-online/focsani/","1","Obține cazierul judiciar în Focșani online, fără cozi la IPJ Vrancea. Depunem cererea în numele tău, livrare în 3-5 zile pe email sau curier. Comandă în 5 minute.","162","965","Indexable",""
"https://eghiseul.ro/servicii/cazier-judiciar-online/bacau/","1","Obține cazierul judiciar în Bacău online, fără cozi la IPJ Bacău. Depunem cererea în numele tău, livrare în 3-5 zile pe email sau curier. Comandă în 5 minute.","158","944","Non-Indexable","noindex"
"https://eghiseul.ro/servicii/cazier-judiciar-online/ploiesti/","1","Obține cazierul judiciar în Ploiești online, fără cozi la IPJ Prahova. Depunem cererea în numele tău, livrare în 3-5 zile pe email sau curier. Comandă în 5 minute.","163","962","Non-Indexable","noindex"
"https://eghiseul.ro/servicii/cazier-judiciar-online/calarasi/","1","Obține cazierul judiciar în Călărași online, fără cozi la IPJ Călărași. Depunem cererea în numele tău, livrare în 3-5 zile pe email sau curier. Comandă în 5 minute.","164","966","Non-Indexable","noindex"
"https://eghiseul.ro/servicii/cazier-judiciar-online/barlad/","1","Obține cazierul judiciar în Bârlad online, fără cozi la IPJ Vaslui. Depunem cererea în numele tău, livrare în 3-5 zile pe email sau curier. Comandă în 5 minute.","160","943","Non-Indexable","noindex"
"https://eghiseul.ro/servicii/cazier-judiciar-online/galati/","1","Obține cazierul judiciar în Galați online, fără cozi la IPJ Galați. Depunem cererea în numele tău, livrare în 3-5 zile pe email sau curier. Comandă în 5 minute.","160","938","Non-Indexable","noindex"
"https://eghiseul.ro/servicii/cazier-judiciar-online/iasi/","1","Obține cazierul judiciar în Iași online, fără cozi la IPJ Iași. Depunem cererea în numele tău, livrare în 3-5 zile pe email sau curier. Comandă în 5 minute.","156","908","Indexable",""
"https://eghiseul.ro/servicii/cazier-judiciar-online/drobeta-turnu-severin/","1","Obține cazierul judiciar în Drobeta-Turnu Severin online, fără cozi la IPJ Mehedinți. Depunem cererea în numele tău, livrare în 3-5 zile pe email sau curier. Comandă în 5 minute.","178","1064","Non-Indexable","noindex"
"https://eghiseul.ro/servicii/cazier-judiciar-online/craiova/","1","Obține cazierul judiciar în Craiova online, fără cozi la IPJ Dolj. Depunem cererea în numele tău, livrare în 3-5 zile pe email sau curier. Comandă în 5 minute.","159","935","Non-Indexable","noindex"
"https://eghiseul.ro/servicii/cazier-judiciar-online/botosani/","1","Obține cazierul judiciar în Botoșani online, fără cozi la IPJ Botoșani. Depunem cererea în numele tău, livrare în 3-5 zile pe email sau curier. Comandă în 5 minute.","164","976","Non-Indexable","noindex"
"https://eghiseul.ro/servicii/cazier-judiciar-online/medias/","1","Obține cazierul judiciar în Mediaș online, fără cozi la IPJ Sibiu. Depunem cererea în numele tău, livrare în 3-5 zile pe email sau curier. Comandă în 5 minute.","159","939","Non-Indexable","noindex"
"https://eghiseul.ro/servicii/cazier-judiciar-online/arad/","1","Obține cazierul judiciar în Arad online, fără cozi la IPJ Arad. Depunem cererea în numele tău, livrare în 3-5 zile pe email sau curier. Comandă în 5 minute.","156","924","Non-Indexable","noindex"
"https://eghiseul.ro/calculator/grad-indatorare/","1","Calculator grad de îndatorare 2026: vezi ce procent din venitul net merge pe rate și dacă te încadrezi în plafonul BNR de 40% (45% prima locuință).","147","894","Indexable",""
"https://eghiseul.ro/calculator/zile-concediu-odihna/","1","Calculează zilele de concediu de odihnă cuvenite proporțional cu lunile lucrate (minim legal 20 de zile lucrătoare).","116","690","Indexable",""
"https://eghiseul.ro/calculator/diurna/","1","Calculează diurna neimpozabilă pentru delegație în țară (57,5 lei/zi) sau străinătate și partea impozabilă, conform regulilor fiscale 2026.","139","835","Indexable",""
"https://eghiseul.ro/calculator/concediu-paternal/","1","Calculator concediu paternal 2026: 10 zile lucrătoare, plus 5 zile cu curs de puericultură. Vezi câte zile ți se cuvin și termenul de 8 săptămâni.","146","859","Indexable",""
"https://eghiseul.ro/calculator/cost-cadastru-intabulare/","1","Calculează pe loc cât te costă cadastrul și intabularea: taxa ANCPI exactă (120 lei la prima înregistrare, 0,15% din preț la cumpărare) + onorariul topografului, pe tip de imobil. Gratuit.","188","1116","Indexable",""
"https://eghiseul.ro/calculator/zile-lucratoare/","1","Calculator zile lucrătoare 2026: află câte zile lucrătoare sunt într-un interval, fără weekenduri și sărbători legale. ~250 zile lucrătoare în 2026.","148","865","Indexable",""
"https://eghiseul.ro/calculator/calculator-data/","1","Calculator dată: adună sau scade zile, luni ori ani (sau doar zile lucrătoare) la o dată și află diferența în zile între două date.","131","752","Indexable",""
"https://eghiseul.ro/calculator/dobanda-legala/","1","Calculator dobândă legală 2026: penalizatoare (BNR+4pp) și pentru profesioniști (BNR+8pp), pe baza ratei de referință BNR de 6,50%.","131","825","Indexable",""
"https://eghiseul.ro/calculator/concediu-maternitate/","1","Calculator concediu maternitate 2026: estimează indemnizația de 85% din media venitului brut pe 6 luni, durata de 126 zile și suma netă, neimpozabilă.","150","926","Indexable",""
"https://eghiseul.ro/calculator/pensie-invaliditate/","1","Estimează pensia de invaliditate în 2026 pe grade (I, II, III): puncte realizate + stagiu potențial × VPR 81 lei, plus indemnizația de însoțitor pentru gradul I.","161","930","Indexable",""
"https://eghiseul.ro/servicii/cazier-judiciar-online/deva/","1","Obține cazierul judiciar în Deva online, fără cozi la IPJ Hunedoara. Depunem cererea în numele tău, livrare în 3-5 zile pe email sau curier. Comandă în 5 minute.","161","965","Non-Indexable","noindex"
"https://eghiseul.ro/servicii/cazier-judiciar-online/ilfov/","1","Obține cazierul judiciar în Ilfov online, fără cozi la IPJ Ilfov. Depunem cererea în numele tău, livrare în 3-5 zile pe email sau curier. Comandă în 5 minute.","158","918","Non-Indexable","noindex"
"https://eghiseul.ro/calculator/spor-salarial/","1","Calculator spor noapte (25%), ore suplimentare (75%) și muncă în sărbători legale (100%) conform Codului Muncii 2026. Estimează rapid suma cuvenită.","148","939","Indexable",""
"https://eghiseul.ro/calculator/inflatie/","1","Calculează cum a afectat inflația valoarea banilor între doi ani, pe baza ratei medii anuale a inflației (IPC) publicate de INS. Vezi puterea de cumpărare.","155","922","Indexable",""
"https://eghiseul.ro/calculator/calculator-indemnizatie-crestere-copil/","1","Calculează indemnizația de creștere a copilului în 2026: 85% din venitul net mediu, între 1.650 și 8.500 lei brut, cu reținerea CASS de 10%.","140","835","Indexable",""
"https://eghiseul.ro/cat-poti-construi-pe-teren/","1","Câți metri pătrați poate ocupa casa pe teren? Formula: teren × POT / 100. Afli POT-ul din certificatul de urbanism. Ghid cu exemple concrete, valori legale pe zone (HG 525/1996) și greșelile frecvente de calcul.","211","1272","Indexable",""
"https://eghiseul.ro/radiere-firma-srl-ghid/","1","Ghid radiere SRL în 2026: dizolvare și lichidare voluntară pas cu pas, actele pentru ONRC, certificatul fiscal fără datorii, termenul de opoziție de 30 de zile și cât durează tot procesul.","188","1103","Indexable",""
"https://eghiseul.ro/certificat-de-celibat-pentru-casatorie-in-strainatate/","1","Te căsătorești în străinătate? Vezi cum obții certificatul de celibat (Anexa 9), apostila de la Prefectură și traducerea legalizată — pas cu pas, fără drum în țară.","164","967","Indexable",""
"https://eghiseul.ro/certificat-de-nastere-din-strainatate/","1","Ai nevoie de certificatul de naștere, dar locuiești în străinătate. Cele trei rute reale (consulat, împuternicit, serviciu de intermediere), diferența dintre duplicat și extras multilingv și când chiar ai nevoie de apostilă.","224","1277","Indexable",""
"https://eghiseul.ro/calculator/penalitati-anaf/","1","Calculează dobânzile (0,02%/zi) și penalitățile ANAF pentru taxe plătite cu întârziere, conform Codului de procedură fiscală.","125","757","Indexable",""
"https://eghiseul.ro/cum-vor-arata-documentele-de-stare-civila-2025/","1","Certificatele de naștere, căsătorie, divorț și deces sunt disponibile și în format electronic din 2025, prin sistemul SIIEASC. Cum arată noile documente de stare civilă și cum le poți obține online.","198","1165","Indexable",""
"https://eghiseul.ro/calculator/vechime-in-munca/","1","Calculează vechimea totală în muncă adunând mai multe perioade de angajare. Rezultat în ani, luni și zile.","106","649","Indexable",""
"https://eghiseul.ro/model-certificat-de-casatorie/","1","Cum arată modelul certificatului de căsătorie, ce date conține și de ce nu există un PDF de descărcat. Plus cum obții un exemplar oficial.","138","832","Indexable",""
"https://eghiseul.ro/certificat-constatator-de-baza/","1","Certificatul constatator de bază costă 30 lei la ONRC (cu cont pe portal) sau 89 lei cu tot cu taxe la eGhișeul, eliberat automat în câteva minute, 24/7, doar cu CUI-ul firmei. Ce conține și unde ți-l cer.","205","1204","Indexable",""
"https://eghiseul.ro/eliberare-certificat-constatator-onrc-ghid/","1","Ghid complet pentru eliberarea certificatului constatator de la Registrul Comerțului (ONRC): actele necesare, procedura, ce informații conține, valabilitatea de 30 de zile și cum îl obții online.","195","1149","Indexable",""
"https://eghiseul.ro/cele-4-tipuri-de-certificat-constatator-online/","1","Cele cinci rapoarte care se numesc toate „certificat constatator”: pe firmă (de bază, fonduri IMM, insolvență), pe persoană fizică și cu istoric. Ce conține fiecare, la ce ți-l cer instituțiile, cât costă și când merită luat direct de la ONRC prin InfoCert.","257","1487","Indexable",""
"https://eghiseul.ro/certificat-constatator-cu-istoric/","1","Certificatul constatator cu istoric arată toate modificările unei firme de la înființare până azi: asociați, sedii, capital, administratori. Când ai nevoie de el, cât costă și cum îl comanzi online.","198","1137","Indexable",""
"https://eghiseul.ro/certificat-constatator-pfa/","1","PFA-urile, II-urile și IF-urile primesc certificat constatator pe persoană fizică, pe baza CNP-ului titularului, nu pe CUI ca firmele. 89 lei cu taxe incluse, eliberat automat în câteva minute, 24/7.","199","1150","Indexable",""
"https://eghiseul.ro/rolul-si-atributiile-onrc-romania/","1","ONRC ține Registrul Comerțului: acolo se înmatriculează firmele, se înscriu modificările și de acolo ies certificatele constatatoare. Ce atribuții are instituția și ce documente eliberează.","189","1112","Indexable",""
"https://eghiseul.ro/certificat-constatator-insolventa/","1","Certificatul constatator pentru insolvență atestă dacă o firmă este sau nu în insolvență, faliment sau reorganizare. Cerut la licitații, notar și instanță. 89 lei cu taxe incluse, eliberat în maximum 24 de ore lucrătoare.","221","1301","Indexable",""
"https://eghiseul.ro/servicii/extras-de-carte-funciara/bucuresti/","1","Obține extrasul de carte funciară pentru un imobil din județul București online, fără drum la OCPI București. 89 RON, taxe incluse, livrare pe email în câteva minute.","166","994","Indexable",""
"https://eghiseul.ro/servicii/extras-de-carte-funciara/salaj/","1","Obține extrasul de carte funciară pentru un imobil din județul Sălaj online, fără drum la OCPI Sălaj. 89 RON, taxe incluse, livrare pe email în câteva minute.","158","936","Indexable",""
"https://eghiseul.ro/calculator/rambursare-anticipata/","1","Calculează cât economisești dacă rambursezi anticipat o parte din credit: reduci durata sau rata și afli dobânda economisită, pentru un credit cu rate egale.","157","955","Indexable",""
"https://eghiseul.ro/embed/ancpi/","0","","0","0","Non-Indexable","noindex"
"https://eghiseul.ro/ancpi-nu-functioneaza/?utm_source=embed&utm_medium=widget&utm_campaign=ancpi-status","1","Update 21 august: e-Terra merge din nou pentru profesioniști, iar din 20 august a fost reactivat și „Link de plată"". Platformele online pentru public rămân OPRITE, iar între 11 și 19 august OCPI-urile au înregistrat 329.476 de cereri — deci întârzierile continuă. Noi eliberăm extrasul de carte funciară în 2 zile lucrătoare, prin partener autorizat.","350","2074","Non-Indexable","Canonicalised"
