"Address","Occurrences","Title 1","Title 1 Length","Title 1 Pixel Width","Indexability","Indexability Status"
"https://eghiseul.ro/","1","eGhișeul.ro — Documente Online: Cazier, Carte Funciară","54","499","Indexable",""
"https://eghiseul.ro/calculator/termene-judiciare/","1","Calculator Termene Judiciare 2026 — Exact, Gratuit, pe Loc | eGhiseul.ro","72","643","Indexable",""
"https://eghiseul.ro/calculator/dividende/","1","Calculator Dividende 2026 — Impozit 16% și CASS | eGhiseul.ro","61","559","Indexable",""
"https://eghiseul.ro/calculator/salariu/","1","Calculator Salariu Net 2026 — Brut în Net și Invers, Gratuit | eGhiseul.ro","74","631","Indexable",""
"https://eghiseul.ro/servicii/cazier-fiscal-online/","1","Cazier Fiscal Online persoană fizică — ANAF, fără SPV | eGhiseul.ro","67","598","Indexable",""
"https://eghiseul.ro/calculator/estimare-pensie/","1","Calculator Estimare Pensie 2026 — Puncte și Cuantum | eGhiseul.ro","65","603","Indexable",""
"https://eghiseul.ro/servicii/","1","Servicii | Documente online pentru România | eGhiseul.ro","56","505","Indexable",""
"https://eghiseul.ro/servicii/extras-multilingv-certificat-casatorie/","1","Extras Multilingv Certificat de Căsătorie 2026 — pentru UE, Fără Traducere | eGhiseul.ro","88","777","Indexable",""
"https://eghiseul.ro/servicii/extras-de-carte-funciara/","1","Extras Carte Funciară Online în 5 Minute — Automat, 24/7 | eGhiseul.ro","70","628","Indexable",""
"https://eghiseul.ro/calculator/credit-ipotecar/","1","Calculator Credit Ipotecar 2026 — Rata Lunară | eGhiseul.ro","59","527","Indexable",""
"https://eghiseul.ro/servicii/identificare-imobil/","1","Număr Cadastral după Adresă — Îl Aflăm Noi | Extras CF | eGhiseul.ro","68","615","Indexable",""
"https://eghiseul.ro/servicii/certificat-sarcini/","1","Certificat de Sarcini — Verifică Grevările unui Imobil | OCPI | eGhiseul.ro","75","636","Indexable",""
"https://eghiseul.ro/servicii/certificat-constatator-online/","1","Certificat Constatator Online în Câteva Minute — 89 RON (2026) | eGhiseul.ro","76","684","Indexable",""
"https://eghiseul.ro/termeni-si-conditii/","1","Termeni și Condiții | eGhiseul.ro","33","284","Indexable",""
"https://eghiseul.ro/servicii/copie-carte-funciara/","1","Copie Carte Funciară in extenso (integrală) — OCPI / ANCPI | eGhiseul.ro","72","645","Indexable",""
"https://eghiseul.ro/servicii/eliberare-certificat-de-casatorie/","1","Certificat de Căsătorie Online — Duplicat de la Starea Civilă | eGhiseul.ro","75","644","Indexable",""
"https://eghiseul.ro/politica-de-anulare/","1","Politica de Anulare și Rambursare | eGhiseul.ro","47","418","Indexable",""
"https://eghiseul.ro/calculator/impozit-casa/","1","Calculator Impozit pe Casă (Clădiri) 2026 | eGhiseul.ro","55","481","Indexable",""
"https://eghiseul.ro/calculator/indemnizatie-somaj/","1","Calculator Indemnizație de Șomaj 2026 | eGhiseul.ro","51","466","Indexable",""
"https://eghiseul.ro/gdpr/","1","GDPR — Protecția Datelor | eGhiseul.ro","38","346","Indexable",""
"https://eghiseul.ro/calculator/amenda-circulatie/","1","Calculator Amendă Circulație 2026 + Puncte de Penalizare | eGhiseul.ro","70","637","Indexable",""
"https://eghiseul.ro/politica-cookies/","1","Politica de Cookie-uri | eGhiseul.ro","36","305","Indexable",""
"https://eghiseul.ro/apostila-de-la-haga-ghid-acte-obtinere/","1","Apostila de la Haga: pe ce acte se aplică, unde o obții și cât costă (2026) | eGhiseul.ro","89","758","Indexable",""
"https://eghiseul.ro/servicii/certificat-urbanism-informare/","1","Certificat de Urbanism Online — Îl Obținem Noi de la Primărie | eGhiseul.ro","75","662","Indexable",""
"https://eghiseul.ro/calculator/tva/","1","Calculator TVA 2026 — Adaugă sau Scoate TVA 21%, Gratuit | eGhiseul.ro","70","653","Indexable",""
"https://eghiseul.ro/calculator/pensie-alimentara/","1","Calculator Pensie Alimentară 2026 — Cât Trebuie să Plătești | eGhiseul.ro","73","656","Indexable",""
"https://eghiseul.ro/calculator/calculator-impozit-auto/","1","Calculator Impozit Auto 2026 — Taxa pe Mașină | eGhiseul.ro","59","542","Indexable",""
"https://eghiseul.ro/servicii/cazier-judiciar-online/persoana-fizica/","1","Cazier Judiciar Persoană Fizică Online — 198 RON | eGhiseul.ro","62","562","Indexable",""
"https://eghiseul.ro/calculator/taxe-notariale/","1","Calculator Taxe Notariale 2026 — Vânzare, Donație, Succesiune | eGhiseul.ro","75","681","Indexable",""
"https://eghiseul.ro/schimbare-sediu-social-srl-ghid/","1","Schimbarea sediului social la SRL: acte, pași la ONRC și ce urmează după (2026) | eGhiseul.ro","93","831","Indexable",""
"https://eghiseul.ro/calculator/calculator-procente/","1","Calculator Procente Online — Cât e X% din Y | eGhiseul.ro","57","510","Indexable",""
"https://eghiseul.ro/servicii/plan-amplasament-delimitare/","1","Plan de Amplasament și Delimitare (PAD) din Arhiva OCPI | eGhiseul.ro","69","634","Indexable",""
"https://eghiseul.ro/curs-valutar/","1","Curs Valutar BNR Azi — Euro, Dolar, Liră (Convertor + Grafice) | eGhiseul.ro","76","661","Indexable",""
"https://eghiseul.ro/calculator/cat-pot-construi/","1","Cât Pot Construi pe Teren? Calculator POT și CUT | eGhiseul.ro","62","559","Indexable",""
"https://eghiseul.ro/calculator/","1","Calculatoare Online Gratuite 2026 — eGhișeul.ro | eGhiseul.ro","61","545","Indexable",""
"https://eghiseul.ro/servicii/cazier-judiciar-online/","1","Cazier Judiciar Online 2026 — Fără Drumuri, în 3-5 Zile | eGhiseul.ro","69","599","Indexable",""
"https://eghiseul.ro/calculator/jugar-stanjen-in-mp/","1","Convertor Jugăr și Stânjen în Metri Pătrați — Unități Vechi de Teren | eGhiseul.ro","82","716","Indexable",""
"https://eghiseul.ro/servicii/rovinieta-online/","1","Rovinieta Online 2026 — Cumpără și Plătește în 2 Minute | eGhiseul.ro","69","622","Indexable",""
"https://eghiseul.ro/calculator/concediu-medical/","1","Calculator Concediu Medical 2026 — Indemnizație | eGhiseul.ro","61","561","Indexable",""
"https://eghiseul.ro/servicii/actualizare-adresa-cf/","1","Actualizare Adresă în Cartea Funciară (OCPI/ANCPI) | eGhiseul.ro","64","583","Indexable",""
"https://eghiseul.ro/servicii/eliberare-certificat-de-celibat/","1","Certificat de Celibat Online România — Rapid, de la Starea Civilă | eGhiseul.ro","79","686","Indexable",""
"https://eghiseul.ro/tools/verificare-rovinieta-online/","1","Verificare Rovinietă Online — Gratuit, După Număr | eGhiseul.ro","63","562","Indexable",""
"https://eghiseul.ro/servicii/eliberare-certificat-de-nastere/","1","Certificat de Naștere Online — Duplicat de la Starea Civilă | eGhiseul.ro","73","629","Indexable",""
"https://eghiseul.ro/politica-de-confidentialitate/","1","Politica de Confidențialitate | eGhiseul.ro","43","364","Indexable",""
"https://eghiseul.ro/servicii/identificare-imobile-proprietar/","1","Identificare Imobile după Proprietar — Lista Bunurilor | eGhiseul.ro","68","587","Indexable",""
"https://eghiseul.ro/contact/","1","Contact — eGhișeul.ro | eGhiseul.ro","35","313","Indexable",""
"https://eghiseul.ro/servicii/cazier-auto-online/","1","Cazier Auto Online — Istoricul Sancțiunilor Rutiere, fără Drumuri | eGhiseul.ro","79","681","Indexable",""
"https://eghiseul.ro/calculator/varsta-pensionare/","1","Calculator Vârstă de Pensionare 2026 — Când Ies la Pensie | eGhiseul.ro","71","643","Indexable",""
"https://eghiseul.ro/servicii/extras-plan-cadastral/","1","Extras de Plan Cadastral pe Ortofotoplan ANCPI | eGhiseul.ro","60","543","Indexable",""
"https://eghiseul.ro/calculator/valabilitate-documente/","1","Mai E Valabil Documentul Meu? Verificare Valabilitate Cazier, Extras CF, Constatator | eGhiseul.ro","98","867","Indexable",""
"https://eghiseul.ro/suspendare-activitate-firma-ghid/","1","Suspendarea activității firmei: procedură, acte și ce obligații rămân (2026) | eGhiseul.ro","90","775","Indexable",""
"https://eghiseul.ro/servicii/extras-multilingv-certificat-nastere/","1","Extras Multilingv Certificat de Naștere 2026 — pentru UE, Fără Traducere | eGhiseul.ro","86","762","Indexable",""
"https://eghiseul.ro/blog/","1","Blog — Informații utile despre documente | eGhiseul.ro","54","484","Indexable",""
"https://eghiseul.ro/servicii/cazier-judiciar-online/persoana-juridica/","1","Cazier Judiciar Firmă (Persoană Juridică) Online — 198 RON | eGhiseul.ro","72","652","Indexable",""
"https://eghiseul.ro/servicii/certificat-de-integritate-comportamentala/","1","Certificat Integritate Comportamentală Online IGPR | eGhiseul.ro","64","576","Indexable",""
"https://eghiseul.ro/totul-despre-cartea-funciara-colectiva/","1","Cartea funciară colectivă: ce este, ce conține și cum obții extrasul | eGhiseul.ro","82","700","Indexable",""
"https://eghiseul.ro/inregistrare-nastere-copil-nou-nascut/","1","Înregistrarea Nașterii Copilului: Termen, Acte și Primul Certificat | eGhiseul.ro","81","689","Indexable",""
"https://eghiseul.ro/ghid-complet-certificat-de-integritate-comportamentala/","1","Certificat de Integritate Comportamentală: Ghid Complet | eGhiseul.ro","69","624","Indexable",""
"https://eghiseul.ro/verificare-proprietar-imobil/","1","Cum afli cine e proprietarul unui imobil (după adresă sau CF) | eGhiseul.ro","75","656","Indexable",""
"https://eghiseul.ro/ce-este-un-releveu/","1","Ce este un releveu și cum îl obții (apartament, casă) | eGhiseul.ro","67","580","Indexable",""
"https://eghiseul.ro/valabilitate-certificat-de-celibat/","1","Valabilitate Certificat de Celibat: 6 Luni în România, 90 de Zile în Străinătate | eGhiseul.ro","94","792","Indexable",""
"https://eghiseul.ro/calculator/reabilitare/","1","Calculator Reabilitare Cazier — Când se Șterge Condamnarea | eGhiseul.ro","72","663","Indexable",""
"https://eghiseul.ro/calculator/taxa-judiciara-de-timbru/","1","Calculator Taxă Judiciară de Timbru 2026 (OUG 80/2013) | eGhiseul.ro","68","627","Indexable",""
"https://eghiseul.ro/calculator/contributii-pfa/","1","Calculator Contribuții PFA 2026 (CAS, CASS, Impozit) | eGhiseul.ro","66","588","Indexable",""
"https://eghiseul.ro/calculator/impozit-chirie/","1","Calculator Impozit pe Chirie 2026 — Venituri din Închiriere | eGhiseul.ro","73","628","Indexable",""
"https://eghiseul.ro/calculator/taxe-srl/","1","Calculator Taxe SRL 2026 — Micro 1%, Profit, Dividende | eGhiseul.ro","68","608","Indexable",""
"https://eghiseul.ro/cazier-fiscal-persoana-fizica/","1","Cazier fiscal pentru persoană fizică: ce este, cine îl cere și cum îl obții (2026) | eGhiseul.ro","96","796","Indexable",""
"https://eghiseul.ro/servicii/certificat-detineri-imobile/","1","Certificat privind Deținerea de Imobile — Adeverință OCPI | eGhiseul.ro","71","627","Indexable",""
"https://eghiseul.ro/servicii/copie-plan-cadastral/","1","Copie Plan Cadastral din Arhiva OCPI (ANCPI) | eGhiseul.ro","58","524","Indexable",""
"https://eghiseul.ro/servicii/copie-intabulare/","1","Copie Act de Intabulare din Cartea Funciară (OCPI) | eGhiseul.ro","64","567","Indexable",""
"https://eghiseul.ro/servicii/copie-inventar-coordonate/","1","Copie Inventar de Coordonate Stereo 70 | eGhiseul.ro","52","472","Indexable",""
"https://eghiseul.ro/servicii/copie-plan-incadrare/","1","Copie Plan de Încadrare în Zonă din Arhiva OCPI | eGhiseul.ro","61","543","Indexable",""
"https://eghiseul.ro/calculator/impozit-pensie/","1","Calculator Impozit pe Pensie 2026 — Pensie Netă | eGhiseul.ro","61","556","Indexable",""
"https://eghiseul.ro/servicii/extras-cf-colectiv/","1","Extras de Carte Funciară Colectivă (Bloc / Condominiu) | eGhiseul.ro","68","605","Indexable",""
"https://eghiseul.ro/servicii/copie-contract-vanzare/","1","Copie Contract Vânzare-Cumpărare din Arhiva OCPI | eGhiseul.ro","62","578","Indexable",""
"https://eghiseul.ro/transcriere-certificat-de-casatorie/","1","Transcriere Certificat de Căsătorie din Străinătate: Ghid Complet | eGhiseul.ro","79","693","Indexable",""
"https://eghiseul.ro/duplicat-certificat-de-casatorie/","1","Duplicat Certificat de Căsătorie: Acte, Cost și Cum Îl Obții | eGhiseul.ro","74","625","Indexable",""
"https://eghiseul.ro/servicii/copie-releveu/","1","Copie după Releveu Apartament — Plan de Nivel OCPI | eGhiseul.ro","64","597","Indexable",""
"https://eghiseul.ro/servicii/copie-arhiva-ocpi/","1","Copie Certificată din Arhiva OCPI — Documentație Cadastrală | eGhiseul.ro","73","664","Indexable",""
"https://eghiseul.ro/servicii/extras-de-carte-funciara/harghita/","1","Extras de Carte Funciară Online Harghita — 89 RON, Fără Drum la OCPI | eGhiseul.ro","82","746","Indexable",""
"https://eghiseul.ro/servicii/extras-de-carte-funciara/hunedoara/","1","Extras de Carte Funciară Online Hunedoara — 89 RON, Fără Drum la OCPI | eGhiseul.ro","83","767","Indexable",""
"https://eghiseul.ro/servicii/extras-de-carte-funciara/constanta/","1","Extras de Carte Funciară Online Constanța — 89 RON, Fără Drum la OCPI | eGhiseul.ro","83","761","Indexable",""
"https://eghiseul.ro/servicii/extras-de-carte-funciara/vaslui/","1","Extras de Carte Funciară Online Vaslui — 89 RON, Fără Drum la OCPI | eGhiseul.ro","80","724","Indexable",""
"https://eghiseul.ro/servicii/extras-de-carte-funciara/valcea/","1","Extras de Carte Funciară Online Vâlcea — 89 RON, Fără Drum la OCPI | eGhiseul.ro","80","730","Indexable",""
"https://eghiseul.ro/servicii/extras-de-carte-funciara/dambovita/","1","Extras de Carte Funciară Online Dâmbovița — 89 RON, Fără Drum la OCPI | eGhiseul.ro","83","766","Indexable",""
"https://eghiseul.ro/servicii/extras-de-carte-funciara/gorj/","1","Extras de Carte Funciară Online Gorj — 89 RON, Fără Drum la OCPI | eGhiseul.ro","78","706","Indexable",""
"https://eghiseul.ro/servicii/extras-de-carte-funciara/arad/","1","Extras de Carte Funciară Online Arad — 89 RON, Fără Drum la OCPI | eGhiseul.ro","78","711","Indexable",""
"https://eghiseul.ro/servicii/extras-de-carte-funciara/brasov/","1","Extras de Carte Funciară Online Brașov — 89 RON, Fără Drum la OCPI | eGhiseul.ro","80","730","Indexable",""
"https://eghiseul.ro/servicii/extras-de-carte-funciara/maramures/","1","Extras de Carte Funciară Online Maramureș — 89 RON, Fără Drum la OCPI | eGhiseul.ro","83","772","Indexable",""
"https://eghiseul.ro/servicii/extras-de-carte-funciara/giurgiu/","1","Extras de Carte Funciară Online Giurgiu — 89 RON, Fără Drum la OCPI | eGhiseul.ro","81","733","Indexable",""
"https://eghiseul.ro/servicii/extras-de-carte-funciara/botosani/","1","Extras de Carte Funciară Online Botoșani — 89 RON, Fără Drum la OCPI | eGhiseul.ro","82","747","Indexable",""
"https://eghiseul.ro/servicii/extras-de-carte-funciara/iasi/","1","Extras de Carte Funciară Online Iași — 89 RON, Fără Drum la OCPI | eGhiseul.ro","78","700","Indexable",""
"https://eghiseul.ro/servicii/extras-de-carte-funciara/sibiu/","1","Extras de Carte Funciară Online Sibiu — 89 RON, Fără Drum la OCPI | eGhiseul.ro","79","713","Indexable",""
"https://eghiseul.ro/extras-carte-funciara-gratuit/","1","Extras de Carte Funciară Gratuit prin MyTerra — Ghid + Limite | eGhiseul.ro","75","665","Indexable",""
"https://eghiseul.ro/servicii/extras-de-carte-funciara/olt/","1","Extras de Carte Funciară Online Olt — 89 RON, Fără Drum la OCPI | eGhiseul.ro","77","695","Indexable",""
"https://eghiseul.ro/ce-este-planul-cadastral/","1","Ce este planul cadastral (și diferența față de releveu și extras CF) | eGhiseul.ro","82","700","Indexable",""
"https://eghiseul.ro/servicii/extras-de-carte-funciara/neamt/","1","Extras de Carte Funciară Online Neamț — 89 RON, Fără Drum la OCPI | eGhiseul.ro","79","730","Indexable",""
"https://eghiseul.ro/servicii/extras-de-carte-funciara/ialomita/","1","Extras de Carte Funciară Online Ialomița — 89 RON, Fără Drum la OCPI | eGhiseul.ro","82","742","Indexable",""
"https://eghiseul.ro/servicii/extras-de-carte-funciara/cluj/","1","Extras de Carte Funciară Online Cluj — 89 RON, Fără Drum la OCPI | eGhiseul.ro","78","703","Indexable",""
"https://eghiseul.ro/servicii/extras-de-carte-funciara/alba/","1","Extras de Carte Funciară Online Alba — 89 RON, Fără Drum la OCPI | eGhiseul.ro","78","709","Indexable",""
"https://eghiseul.ro/servicii/extras-de-carte-funciara/mehedinti/","1","Extras de Carte Funciară Online Mehedinți — 89 RON, Fără Drum la OCPI | eGhiseul.ro","83","758","Indexable",""
"https://eghiseul.ro/servicii/extras-de-carte-funciara/galati/","1","Extras de Carte Funciară Online Galați — 89 RON, Fără Drum la OCPI | eGhiseul.ro","80","722","Indexable",""
"https://eghiseul.ro/servicii/extras-de-carte-funciara/timis/","1","Extras de Carte Funciară Online Timiș — 89 RON, Fără Drum la OCPI | eGhiseul.ro","79","719","Indexable",""
"https://eghiseul.ro/servicii/extras-de-carte-funciara/caras-severin/","1","Extras de Carte Funciară Online Caraș-Severin — 89 RON, Fără Drum la OCPI | eGhiseul.ro","87","794","Indexable",""
"https://eghiseul.ro/servicii/extras-de-carte-funciara/bacau/","1","Extras de Carte Funciară Online Bacău — 89 RON, Fără Drum la OCPI | eGhiseul.ro","79","724","Indexable",""
"https://eghiseul.ro/servicii/extras-de-carte-funciara/covasna/","1","Extras de Carte Funciară Online Covasna — 89 RON, Fără Drum la OCPI | eGhiseul.ro","81","746","Indexable",""
"https://eghiseul.ro/servicii/extras-de-carte-funciara/buzau/","1","Extras de Carte Funciară Online Buzău — 89 RON, Fără Drum la OCPI | eGhiseul.ro","79","724","Indexable",""
"https://eghiseul.ro/servicii/extras-de-carte-funciara/dolj/","1","Extras de Carte Funciară Online Dolj — 89 RON, Fără Drum la OCPI | eGhiseul.ro","78","703","Indexable",""
"https://eghiseul.ro/valabilitate-extras-de-carte-funciara/","1","Valabilitate Extras de Carte Funciară: Cât Este Valabil | eGhiseul.ro","69","593","Indexable",""
"https://eghiseul.ro/servicii/extras-de-carte-funciara/ilfov/","1","Extras de Carte Funciară Online Ilfov — 89 RON, Fără Drum la OCPI | eGhiseul.ro","79","707","Indexable",""
"https://eghiseul.ro/servicii/extras-de-carte-funciara/tulcea/","1","Extras de Carte Funciară Online Tulcea — 89 RON, Fără Drum la OCPI | eGhiseul.ro","80","729","Indexable",""
"https://eghiseul.ro/servicii/extras-de-carte-funciara/satu-mare/","1","Extras de Carte Funciară Online Satu Mare — 89 RON, Fără Drum la OCPI | eGhiseul.ro","83","761","Indexable",""
"https://eghiseul.ro/servicii/extras-de-carte-funciara/teleorman/","1","Extras de Carte Funciară Online Teleorman — 89 RON, Fără Drum la OCPI | eGhiseul.ro","83","766","Indexable",""
"https://eghiseul.ro/servicii/extras-de-carte-funciara/vrancea/","1","Extras de Carte Funciară Online Vrancea — 89 RON, Fără Drum la OCPI | eGhiseul.ro","81","743","Indexable",""
"https://eghiseul.ro/servicii/extras-de-carte-funciara/bistrita-nasaud/","1","Extras de Carte Funciară Online Bistrița-Năsăud — 89 RON, Fără Drum la OCPI | eGhiseul.ro","89","807","Indexable",""
"https://eghiseul.ro/servicii/extras-de-carte-funciara/arges/","1","Extras de Carte Funciară Online Argeș — 89 RON, Fără Drum la OCPI | eGhiseul.ro","79","721","Indexable",""
"https://eghiseul.ro/servicii/extras-de-carte-funciara/mures/","1","Extras de Carte Funciară Online Mureș — 89 RON, Fără Drum la OCPI | eGhiseul.ro","79","725","Indexable",""
"https://eghiseul.ro/servicii/extras-de-carte-funciara/bihor/","1","Extras de Carte Funciară Online Bihor — 89 RON, Fără Drum la OCPI | eGhiseul.ro","79","715","Indexable",""
"https://eghiseul.ro/servicii/extras-de-carte-funciara/suceava/","1","Extras de Carte Funciară Online Suceava — 89 RON, Fără Drum la OCPI | eGhiseul.ro","81","745","Indexable",""
"https://eghiseul.ro/servicii/extras-de-carte-funciara/braila/","1","Extras de Carte Funciară Online Brăila — 89 RON, Fără Drum la OCPI | eGhiseul.ro","80","720","Indexable",""
"https://eghiseul.ro/servicii/extras-de-carte-funciara/prahova/","1","Extras de Carte Funciară Online Prahova — 89 RON, Fără Drum la OCPI | eGhiseul.ro","81","743","Indexable",""
"https://eghiseul.ro/tabel-varsta-pensionare-anticipata-femei/","1","Tabel Vârstă Pensionare Anticipată Femei (actualizat) | eGhiseul.ro","67","600","Indexable",""
"https://eghiseul.ro/cum-aflam-numarul-carte-functionara-si-nr-cadastral/","1","Numărul cadastral și numărul de carte funciară: cum le afli și cum localizezi terenul | eGhiseul.ro","99","859","Indexable",""
"https://eghiseul.ro/servicii/extras-de-carte-funciara/calarasi/","1","Extras de Carte Funciară Online Călărași — 89 RON, Fără Drum la OCPI | eGhiseul.ro","82","742","Indexable",""
"https://eghiseul.ro/certificat-constatator-pentru-fonduri-europene/","1","Certificat Constatator pentru Fonduri Europene și APIA: Ghid Complet | eGhiseul.ro","82","735","Indexable",""
"https://eghiseul.ro/cazier-fiscal-fara-spv/","1","Cazier fiscal din SPV: cum îl ceri online și ce faci fără cont | eGhiseul.ro","76","631","Indexable",""
"https://eghiseul.ro/sms-fals-amenda-ghiseul-ro/","1","SMS Fals cu Amendă de la „Ministerul Transporturilor”: frauda care imită Ghișeul.ro | eGhiseul.ro","97","857","Indexable",""
"https://eghiseul.ro/certificat-constatator-pentru-notar/","1","Certificat Constatator pentru Notar: Ce Tip Îți Cere și Cum Îl Obții | eGhiseul.ro","82","693","Indexable",""
"https://eghiseul.ro/cazier-si-certificat-de-integritate-pentru-profesori/","1","Cazier și Certificat de Integritate pentru Profesori (Ghid) | eGhiseul.ro","73","616","Indexable",""
"https://eghiseul.ro/certificat-constatator-pentru-banca/","1","Certificat Constatator pentru Bancă: De Ce Îl Cere și Cum Îl Obții | eGhiseul.ro","80","687","Indexable",""
"https://eghiseul.ro/cazier-judiciar-vs-certificat-integritate-comportamentala/","1","Cazier Judiciar vs Certificat de Integritate Comportamentală | eGhiseul.ro","74","655","Indexable",""
"https://eghiseul.ro/verificare-cazier-fiscal/","1","Verificare cazier fiscal: ce ai înscris și cât mai e valabil | eGhiseul.ro","74","601","Indexable",""
"https://eghiseul.ro/ancpi-nu-functioneaza/","1","ANCPI / Cadastru: ce funcționează azi — status live | eGhiseul.ro","65","574","Indexable",""
"https://eghiseul.ro/cazier-fiscal-firma/","1","Cazier fiscal pentru firmă: când se cere și cine îl semnează | eGhiseul.ro","74","640","Indexable",""
"https://eghiseul.ro/tva-9-locuinte-31-iulie-2026/","1","TVA 9% Locuințe — Prelungire 30 Septembrie 2026 (vot Senat) | eGhiseul.ro","73","674","Indexable",""
"https://eghiseul.ro/certificat-de-nastere-pentru-buletin-pasaport/","1","Certificat de naștere pentru buletin sau pașaport: când se cere | eGhiseul.ro","77","672","Indexable",""
"https://eghiseul.ro/acte-necesare-casatorie/","1","Acte Necesare Căsătorie: Dosarul Complet la Starea Civilă | eGhiseul.ro","71","636","Indexable",""
"https://eghiseul.ro/certificat-constatator-pentru-licitatie/","1","Certificat Constatator pentru Licitație (SEAP/SICAP): Ghid Complet | eGhiseul.ro","80","714","Indexable",""
"https://eghiseul.ro/amenda-rovinieta-2025-tarife-plata-online-ghid-complet/","1","Amendă Rovinietă 2026: Tarife, Plată Online și Contestație | eGhiseul.ro","72","638","Indexable",""
"https://eghiseul.ro/cazier-judiciar-online-gratuit/","1","Cazier judiciar gratuit online — ghiseul.ro și HUB MAI, pas cu pas | eGhiseul.ro","80","687","Indexable",""
"https://eghiseul.ro/anii-lucrati-in-strainatate-se-pun-la-pensie-in-romania/","1","Anii lucrați în străinătate se pun la pensie în România? | eGhiseul.ro","70","598","Indexable",""
"https://eghiseul.ro/extras-de-carte-funciara-pentru-casa-verde/","1","Extras de Carte Funciară pentru Casa Verde 2024 – Ghid Complet | eGhiseul.ro","76","700","Indexable",""
"https://eghiseul.ro/certificat-de-celibat/","1","Certificat de Celibat (Anexa 9): Ce Este și Cum Îl Obții | eGhiseul.ro","70","592","Indexable",""
"https://eghiseul.ro/cat-costa-cadastrul-si-intabularea/","1","Cât Costă Cadastrul și Intabularea în 2026? Prețuri reale + acte necesare | eGhiseul.ro","87","763","Indexable",""
"https://eghiseul.ro/informatii-cazier-auto-online/","1","Cazier Auto Online: Tot Ce Trebuie Să Știi | eGhiseul.ro","56","486","Indexable",""
"https://eghiseul.ro/transcriere-certificat-de-nastere/","1","Transcriere Certificat de Naștere din Străinătate: Ghid Complet | eGhiseul.ro","77","678","Indexable",""
"https://eghiseul.ro/duplicat-certificat-de-nastere/","1","Duplicat Certificat de Naștere: Cum Îl Obții de la Orice Primărie | eGhiseul.ro","79","676","Indexable",""
"https://eghiseul.ro/certificat-de-nastere-pierdut/","1","Certificat de Naștere Pierdut: Ce Faci și Cum Obții Duplicatul | eGhiseul.ro","76","656","Indexable",""
"https://eghiseul.ro/tools/","1","Instrumente Online Gratuite — eGhișeul.ro | eGhiseul.ro","55","492","Indexable",""
"https://eghiseul.ro/schimbare-certificat-de-nastere-vechi/","1","Schimbare Certificat de Naștere Vechi cu Unul Nou: Ghid Complet | eGhiseul.ro","77","702","Indexable",""
"https://eghiseul.ro/taxa-cazier-judiciar/","1","Taxa pentru cazier judiciar: cât e de fapt și ce plătești online | eGhiseul.ro","78","651","Indexable",""
"https://eghiseul.ro/acte-necesare-certificat-de-nastere/","1","Acte Necesare Certificat de Naștere: Listă Completă pe Situații | eGhiseul.ro","77","679","Indexable",""
"https://eghiseul.ro/servicii/cazier-judiciar-online/piatra-neamt/","1","Cazier Judiciar Online Piatra Neamț — Fără Drum la IPJ Neamț | eGhiseul.ro","74","677","Indexable",""
"https://eghiseul.ro/servicii/cazier-judiciar-online/targu-mures/","1","Cazier Judiciar Online Târgu Mureș — Fără Drum la IPJ Mureș | eGhiseul.ro","73","665","Non-Indexable","noindex"
"https://eghiseul.ro/servicii/cazier-judiciar-online/resita/","1","Cazier Judiciar Online Reșița — Fără Drum la IPJ Caraș-Severin | eGhiseul.ro","76","677","Non-Indexable","noindex"
"https://eghiseul.ro/servicii/cazier-judiciar-online/bucuresti/","1","Cazier Judiciar Online București — Fără Drum la IPJ București | eGhiseul.ro","75","664","Non-Indexable","noindex"
"https://eghiseul.ro/servicii/cazier-judiciar-online/slatina/","1","Cazier Judiciar Online Slatina — Fără Drum la IPJ Olt | eGhiseul.ro","67","584","Non-Indexable","noindex"
"https://eghiseul.ro/servicii/cazier-judiciar-online/tulcea/","1","Cazier Judiciar Online Tulcea — Fără Drum la IPJ Tulcea | eGhiseul.ro","69","616","Non-Indexable","noindex"
"https://eghiseul.ro/servicii/cazier-judiciar-online/satu-mare/","1","Cazier Judiciar Online Satu Mare — Fără Drum la IPJ Satu Mare | eGhiseul.ro","75","680","Indexable",""
"https://eghiseul.ro/servicii/cazier-judiciar-online/buzau/","1","Cazier Judiciar Online Buzău — Fără Drum la IPJ Buzău | eGhiseul.ro","67","606","Non-Indexable","noindex"
"https://eghiseul.ro/servicii/cazier-judiciar-online/suceava/","1","Cazier Judiciar Online Suceava — Fără Drum la IPJ Suceava | eGhiseul.ro","71","648","Non-Indexable","noindex"
"https://eghiseul.ro/servicii/cazier-judiciar-online/turda/","1","Cazier Judiciar Online Turda — Fără Drum la IPJ Cluj | eGhiseul.ro","66","582","Non-Indexable","noindex"
"https://eghiseul.ro/servicii/cazier-judiciar-online/timisoara/","1","Cazier Judiciar Online Timișoara — Fără Drum la IPJ Timiș | eGhiseul.ro","71","636","Indexable",""
"https://eghiseul.ro/servicii/cazier-judiciar-online/bistrita/","1","Cazier Judiciar Online Bistrița — Fără Drum la IPJ Bistrița-Năsăud | eGhiseul.ro","80","698","Non-Indexable","noindex"
"https://eghiseul.ro/servicii/cazier-judiciar-online/cluj-napoca/","1","Cazier Judiciar Online Cluj-Napoca — Fără Drum la IPJ Cluj | eGhiseul.ro","72","638","Indexable",""
"https://eghiseul.ro/servicii/cazier-judiciar-online/alexandria/","1","Cazier Judiciar Online Alexandria — Fără Drum la IPJ Teleorman | eGhiseul.ro","76","688","Non-Indexable","noindex"
"https://eghiseul.ro/servicii/cazier-judiciar-online/sibiu/","1","Cazier Judiciar Online Sibiu — Fără Drum la IPJ Sibiu | eGhiseul.ro","67","584","Non-Indexable","noindex"
"https://eghiseul.ro/servicii/cazier-judiciar-online/ramnicu-valcea/","1","Cazier Judiciar Online Râmnicu Vâlcea — Fără Drum la IPJ Vâlcea | eGhiseul.ro","77","701","Indexable",""
"https://eghiseul.ro/servicii/cazier-judiciar-online/braila/","1","Cazier Judiciar Online Brăila — Fără Drum la IPJ Brăila | eGhiseul.ro","69","598","Non-Indexable","noindex"
"https://eghiseul.ro/servicii/cazier-judiciar-online/onesti/","1","Cazier Judiciar Online Onești — Fără Drum la IPJ Bacău | eGhiseul.ro","68","609","Non-Indexable","noindex"
"https://eghiseul.ro/servicii/cazier-judiciar-online/oradea/","1","Cazier Judiciar Online Oradea — Fără Drum la IPJ Bihor | eGhiseul.ro","68","607","Non-Indexable","noindex"
"https://eghiseul.ro/servicii/cazier-judiciar-online/miercurea-ciuc/","1","Cazier Judiciar Online Miercurea Ciuc — Fără Drum la IPJ Harghita | eGhiseul.ro","79","707","Non-Indexable","noindex"
"https://eghiseul.ro/servicii/cazier-judiciar-online/targu-jiu/","1","Cazier Judiciar Online Târgu Jiu — Fără Drum la IPJ Gorj | eGhiseul.ro","70","617","Non-Indexable","noindex"
"https://eghiseul.ro/servicii/cazier-judiciar-online/alba-iulia/","1","Cazier Judiciar Online Alba Iulia — Fără Drum la IPJ Alba | eGhiseul.ro","71","618","Non-Indexable","noindex"
"https://eghiseul.ro/servicii/cazier-judiciar-online/brasov/","1","Cazier Judiciar Online Brașov — Fără Drum la IPJ Brașov | eGhiseul.ro","69","618","Non-Indexable","noindex"
"https://eghiseul.ro/servicii/cazier-judiciar-online/constanta/","1","Cazier Judiciar Online Constanța — Fără Drum la IPJ Constanța | eGhiseul.ro","75","680","Indexable",""
"https://eghiseul.ro/servicii/cazier-judiciar-online/vaslui/","1","Cazier Judiciar Online Vaslui — Fără Drum la IPJ Vaslui | eGhiseul.ro","69","606","Non-Indexable","noindex"
"https://eghiseul.ro/servicii/cazier-judiciar-online/giurgiu/","1","Cazier Judiciar Online Giurgiu — Fără Drum la IPJ Giurgiu | eGhiseul.ro","71","624","Non-Indexable","noindex"
"https://eghiseul.ro/servicii/cazier-judiciar-online/sfantu-gheorghe/","1","Cazier Judiciar Online Sfântu Gheorghe — Fără Drum la IPJ Covasna | eGhiseul.ro","79","724","Non-Indexable","noindex"
"https://eghiseul.ro/servicii/cazier-judiciar-online/lugoj/","1","Cazier Judiciar Online Lugoj — Fără Drum la IPJ Timiș | eGhiseul.ro","67","595","Non-Indexable","noindex"
"https://eghiseul.ro/servicii/cazier-judiciar-online/pitesti/","1","Cazier Judiciar Online Pitești — Fără Drum la IPJ Argeș | eGhiseul.ro","69","606","Non-Indexable","noindex"
"https://eghiseul.ro/servicii/cazier-judiciar-online/zalau/","1","Cazier Judiciar Online Zalău — Fără Drum la IPJ Sălaj | eGhiseul.ro","67","590","Non-Indexable","noindex"
"https://eghiseul.ro/servicii/cazier-judiciar-online/slobozia/","1","Cazier Judiciar Online Slobozia — Fără Drum la IPJ Ialomița | eGhiseul.ro","73","645","Non-Indexable","noindex"
"https://eghiseul.ro/servicii/cazier-judiciar-online/sebes/","1","Cazier Judiciar Online Sebeș — Fără Drum la IPJ Alba | eGhiseul.ro","66","591","Non-Indexable","noindex"
"https://eghiseul.ro/servicii/cazier-judiciar-online/targoviste/","1","Cazier Judiciar Online Târgoviște — Fără Drum la IPJ Dâmbovița | eGhiseul.ro","76","688","Non-Indexable","noindex"
"https://eghiseul.ro/servicii/cazier-judiciar-online/baia-mare/","1","Cazier Judiciar Online Baia Mare — Fără Drum la IPJ Maramureș | eGhiseul.ro","75","689","Non-Indexable","noindex"
"https://eghiseul.ro/servicii/cazier-judiciar-online/focsani/","1","Cazier Judiciar Online Focșani — Fără Drum la IPJ Vrancea | eGhiseul.ro","71","639","Indexable",""
"https://eghiseul.ro/servicii/cazier-judiciar-online/bacau/","1","Cazier Judiciar Online Bacău — Fără Drum la IPJ Bacău | eGhiseul.ro","67","606","Non-Indexable","noindex"
"https://eghiseul.ro/servicii/cazier-judiciar-online/ploiesti/","1","Cazier Judiciar Online Ploiești — Fără Drum la IPJ Prahova | eGhiseul.ro","72","637","Non-Indexable","noindex"
"https://eghiseul.ro/servicii/cazier-judiciar-online/calarasi/","1","Cazier Judiciar Online Călărași — Fără Drum la IPJ Călărași | eGhiseul.ro","73","642","Non-Indexable","noindex"
"https://eghiseul.ro/servicii/cazier-judiciar-online/barlad/","1","Cazier Judiciar Online Bârlad — Fără Drum la IPJ Vaslui | eGhiseul.ro","69","608","Non-Indexable","noindex"
"https://eghiseul.ro/servicii/cazier-judiciar-online/galati/","1","Cazier Judiciar Online Galați — Fără Drum la IPJ Galați | eGhiseul.ro","69","602","Non-Indexable","noindex"
"https://eghiseul.ro/servicii/cazier-judiciar-online/iasi/","1","Cazier Judiciar Online Iași — Fără Drum la IPJ Iași | eGhiseul.ro","65","558","Indexable",""
"https://eghiseul.ro/servicii/cazier-judiciar-online/drobeta-turnu-severin/","1","Cazier Judiciar Online Drobeta-Turnu Severin — Fără Drum la IPJ Mehedinți | eGhiseul.ro","87","786","Non-Indexable","noindex"
"https://eghiseul.ro/servicii/cazier-judiciar-online/craiova/","1","Cazier Judiciar Online Craiova — Fără Drum la IPJ Dolj | eGhiseul.ro","68","598","Non-Indexable","noindex"
"https://eghiseul.ro/servicii/cazier-judiciar-online/botosani/","1","Cazier Judiciar Online Botoșani — Fără Drum la IPJ Botoșani | eGhiseul.ro","73","652","Non-Indexable","noindex"
"https://eghiseul.ro/servicii/cazier-judiciar-online/medias/","1","Cazier Judiciar Online Mediaș — Fără Drum la IPJ Sibiu | eGhiseul.ro","68","605","Non-Indexable","noindex"
"https://eghiseul.ro/servicii/cazier-judiciar-online/arad/","1","Cazier Judiciar Online Arad — Fără Drum la IPJ Arad | eGhiseul.ro","65","580","Non-Indexable","noindex"
"https://eghiseul.ro/calculator/grad-indatorare/","1","Calculator Grad de Îndatorare (DTI) 2026 | eGhiseul.ro","54","477","Indexable",""
"https://eghiseul.ro/calculator/zile-concediu-odihna/","1","Calculator Zile Concediu de Odihnă — Proporțional | eGhiseul.ro","63","564","Indexable",""
"https://eghiseul.ro/calculator/diurna/","1","Calculator Diurnă 2026 — Plafon Neimpozabil Delegație | eGhiseul.ro","67","610","Indexable",""
"https://eghiseul.ro/calculator/concediu-paternal/","1","Calculator Concediu Paternal 2026 | eGhiseul.ro","47","425","Indexable",""
"https://eghiseul.ro/calculator/cost-cadastru-intabulare/","1","Cât Costă Cadastrul și Intabularea? Calculator 2026 | eGhiseul.ro","65","575","Indexable",""
"https://eghiseul.ro/calculator/zile-lucratoare/","1","Calculator Zile Lucrătoare 2026 | eGhiseul.ro","45","396","Indexable",""
"https://eghiseul.ro/calculator/calculator-data/","1","Calculator Dată — Adună sau Scade Zile | eGhiseul.ro","52","472","Indexable",""
"https://eghiseul.ro/calculator/dobanda-legala/","1","Calculator Dobândă Legală 2026 (Penalizatoare) | eGhiseul.ro","60","548","Indexable",""
"https://eghiseul.ro/calculator/concediu-maternitate/","1","Calculator Concediu Maternitate 2026 — Indemnizație | eGhiseul.ro","65","596","Indexable",""
"https://eghiseul.ro/calculator/pensie-invaliditate/","1","Calculator Pensie Invaliditate 2026 — Gradele I, II, III | eGhiseul.ro","70","575","Indexable",""
"https://eghiseul.ro/servicii/cazier-judiciar-online/deva/","1","Cazier Judiciar Online Deva — Fără Drum la IPJ Hunedoara | eGhiseul.ro","70","639","Non-Indexable","noindex"
"https://eghiseul.ro/servicii/cazier-judiciar-online/ilfov/","1","Cazier Judiciar Online Ilfov — Fără Drum la IPJ Ilfov | eGhiseul.ro","67","572","Non-Indexable","noindex"
"https://eghiseul.ro/calculator/spor-salarial/","1","Calculator Spor Noapte și Ore Suplimentare 2026 | eGhiseul.ro","61","554","Indexable",""
"https://eghiseul.ro/calculator/inflatie/","1","Calculator Inflație — Puterea de Cumpărare a Banilor | eGhiseul.ro","66","586","Indexable",""
"https://eghiseul.ro/calculator/calculator-indemnizatie-crestere-copil/","1","Calculator Indemnizație Creștere Copil 2026 (ICC) | eGhiseul.ro","63","559","Indexable",""
"https://eghiseul.ro/cat-poti-construi-pe-teren/","1","Cât Poți Construi pe Terenul Tău? POT și CUT explicate simplu | eGhiseul.ro","75","674","Indexable",""
"https://eghiseul.ro/radiere-firma-srl-ghid/","1","Radierea unei firme (SRL): etape, acte, durată și greșeli de evitat (2026) | eGhiseul.ro","88","752","Indexable",""
"https://eghiseul.ro/certificat-de-celibat-pentru-casatorie-in-strainatate/","1","Certificat de Celibat pentru Căsătorie în Străinătate: Apostilă și Traducere | eGhiseul.ro","90","773","Indexable",""
"https://eghiseul.ro/certificat-de-nastere-din-strainatate/","1","Certificat de naștere din străinătate — cum îl obții fără să vii în țară | eGhiseul.ro","86","712","Indexable",""
"https://eghiseul.ro/calculator/penalitati-anaf/","1","Calculator Penalități și Dobânzi ANAF — Întârziere la Plată | eGhiseul.ro","73","635","Indexable",""
"https://eghiseul.ro/cum-vor-arata-documentele-de-stare-civila-2025/","1","Cum Vor Arăta Noile Documente de Stare Civilă (2025) | eGhiseul.ro","66","604","Indexable",""
"https://eghiseul.ro/calculator/vechime-in-munca/","1","Calculator Vechime în Muncă — Ani, Luni, Zile | eGhiseul.ro","59","521","Indexable",""
"https://eghiseul.ro/model-certificat-de-casatorie/","1","Model Certificat de Căsătorie: Cum Arată și Ce Conține | eGhiseul.ro","68","606","Indexable",""
"https://eghiseul.ro/certificat-constatator-de-baza/","1","Certificat constatator de bază: preț, ce conține, cum îl obții în minute | eGhiseul.ro","86","725","Indexable",""
"https://eghiseul.ro/eliberare-certificat-constatator-onrc-ghid/","1","Eliberare Certificat Constatator de la ONRC: Ghid Complet | eGhiseul.ro","71","632","Indexable",""
"https://eghiseul.ro/cele-4-tipuri-de-certificat-constatator-online/","1","Tipurile de certificat constatator online: ghid actualizat | eGhiseul.ro","72","603","Indexable",""
"https://eghiseul.ro/certificat-constatator-cu-istoric/","1","Certificat constatator cu istoric: ce conține, preț, cum îl obții | eGhiseul.ro","79","647","Indexable",""
"https://eghiseul.ro/certificat-constatator-pfa/","1","Certificat constatator PFA: cum îl obții online, preț, ce conține | eGhiseul.ro","79","662","Indexable",""
"https://eghiseul.ro/rolul-si-atributiile-onrc-romania/","1","Ce face ONRC, de fapt: registrul, înmatriculările și certificatul constatator | eGhiseul.ro","91","765","Indexable",""
"https://eghiseul.ro/certificat-constatator-insolventa/","1","Certificat constatator pentru insolvență: preț și eliberare online | eGhiseul.ro","80","676","Indexable",""
"https://eghiseul.ro/servicii/extras-de-carte-funciara/bucuresti/","1","Extras de Carte Funciară Online București — 89 RON, Fără Drum la OCPI | eGhiseul.ro","83","753","Indexable",""
"https://eghiseul.ro/servicii/extras-de-carte-funciara/salaj/","1","Extras de Carte Funciară Online Sălaj — 89 RON, Fără Drum la OCPI | eGhiseul.ro","79","713","Indexable",""
"https://eghiseul.ro/calculator/rambursare-anticipata/","1","Calculator Rambursare Anticipată Credit — Dobândă Economisită | eGhiseul.ro","75","696","Indexable",""
"https://eghiseul.ro/embed/ancpi/","1","Starea sistemelor ANCPI — monitorizare live eGhișeul.ro","55","504","Non-Indexable","noindex"
"https://eghiseul.ro/ancpi-nu-functioneaza/?utm_source=embed&utm_medium=widget&utm_campaign=ancpi-status","1","ANCPI / Cadastru: ce funcționează azi — status live | eGhiseul.ro","65","574","Non-Indexable","Canonicalised"
