termen,campanie,clicuri,cost_ron,conversii,valoare_conv_ron
cazier judiciar online,OPT- Cazier Judiciar Online,135045,308062.28,2987.62,0
extras de carte funciara,Extras CF - SEARCH CAMPAIGN,19641,93993.81,2323.92,0
certificat constatator online,OPT - Certificat Constatator,9700,88489.0,1185.58,0
extras carte funciara online,Extras CF - SEARCH CAMPAIGN,7653,38912.25,825.61,0
cazier fiscal online,OTP - CAZIER FISCAL,16411,28344.08,772.13,0
cazier judiciar online,ASSISTENTA NOU,2320,5681.15,639.57,0
cazier online,OPT- Cazier Judiciar Online,33716,43750.72,401.13,0
onrc,OPT - Certificat Constatator,8250,25193.18,370.53,0
cf online,Extras CF - SEARCH CAMPAIGN,4195,18950.6,361.71,0
extras de carte funciara online,Extras CF - SEARCH CAMPAIGN,3273,16245.11,332.25,0
carte funciara,Extras CF - SEARCH CAMPAIGN,4504,14807.91,320.54,0
cazier judiciar,OPT- Cazier Judiciar Online,15717,33402.57,306.44,0
cazier fiscal,OTP - CAZIER FISCAL,6280,10768.23,256.16,0
ancpi online,Extras CF - SEARCH CAMPAIGN,2809,5551.5,226.05,0
cazier online,ASSISTENTA NOU,1244,2082.05,224.08,0
certificat constatator,OPT - Certificat Constatator,1870,17122.74,196.52,0
cazier fiscal online,ASSISTENTA NOU,798,1610.89,182.37,0
certificat constatator onrc,OPT - Certificat Constatator,1778,15198.84,163.23,0
certificat constatator,OPT - Certificat Constatator,2107,8018.8,159.58,0
cazier judiciar persoane juridice,OPT- Cazier Judiciar Online,4375,16942.23,155.12,0
ghiseul ro cazier,OPT- Cazier Judiciar Online,12571,8956.41,137.75,0
ghiseul ro cazier,ASSISTENTA NOU,625,981.05,133.52,0
program cadastru timisoara,Extras CF - SEARCH CAMPAIGN,15,18.54,130.0,0
cazier judiciar online gratuit,ASSISTENTA NOU,629,923.95,125.17,0
cazier judiciar online,ASSISTENTA NOU,6703,9792.22,123.05,0
ghiseul ro cazier judiciar,OPT- Cazier Judiciar Online,6307,15135.2,113.63,0
cazier judiciar,ASSISTENTA NOU,1587,3203.0,112.34,0
extras cf online,Extras CF - SEARCH CAMPAIGN,373,1374.4,108.42,0
ghiseul ro cazier,OPT- Cazier Judiciar Online,6233,12150.82,98.61,0
ghiseul ro cazier,OPT- Cazier Judiciar Online,7007,9115.09,97.01,0
certificat fiscal online,OTP - CAZIER FISCAL,3464,3599.18,91.64,0
eliberare certificat constatator,OPT - Certificat Constatator,924,5486.97,81.53,0
eliberare cazier judiciar online,OPT- Cazier Judiciar Online,4423,8762.27,80.83,0
extras carte funciara online,Extras CF - SEARCH CAMPAIGN,337,1263.44,79.5,0
extras carte funciara,Extras CF - SEARCH CAMPAIGN,269,1021.82,78.83,0
extras carte funciara cluj,Extras CF - SEARCH CAMPAIGN,649,2625.3,72.98,0
certificat constatator onrc,OPT - Certificat Constatator,848,2976.43,70.48,0
certificat constatator,OPT - Certificat Constatator,874,6795.48,69.48,0
cazier fiscal anaf online,OTP - CAZIER FISCAL,1550,2406.61,67.94,0
onrc online,OPT - Certificat Constatator,1323,5113.71,66.7,0
cazier fiscal,ASSISTENTA NOU,382,816.05,63.0,0
onrc portal,OPT - Certificat Constatator,2040,5075.38,58.87,0
cazier fiscal persoana fizica,OPT- Cazier Judiciar Online,987,4363.98,56.67,0
extras de carte funciara online,Extras CF - SEARCH CAMPAIGN,333,1628.63,55.98,0
cazier fiscal online,ASSISTENTA NOU,1138,2668.13,55.01,0
anaf cazier fiscal online,OTP - CAZIER FISCAL,1650,2065.72,53.2,0
certificat constatator registrul comertului,OPT - Certificat Constatator,590,4230.07,52.63,0
obtinere cazier judiciar online,OPT- Cazier Judiciar Online,2437,4974.95,52.59,0
eliberare cazier judiciar,OPT- Cazier Judiciar Online,3851,6822.34,49.96,0
ghiseul ro cazier judiciar,OPT- Cazier Judiciar Online,3172,3543.88,48.35,0
certificat fiscal,OTP - CAZIER FISCAL,1590,1798.14,47.48,0
extras carte funciara,PMAX- GENERAL,966,2276.29,46.84,0
cf online timisoara,Extras CF - SEARCH CAMPAIGN,361,1620.61,45.01,0
cazier fiscal persoana fizica online,OTP - CAZIER FISCAL,765,1450.02,44.46,0
certificat fiscal anaf online,OTP - CAZIER FISCAL,1614,1696.01,44.41,0
certificat fiscal anaf,OTP - CAZIER FISCAL,1427,1366.54,43.56,0
cadastru cluj,Extras CF - SEARCH CAMPAIGN,698,1554.12,43.0,0
cazier fiscal persoana fizica,OTP - CAZIER FISCAL,826,1360.96,41.77,0
extras carte funciara bucuresti,Extras CF - SEARCH CAMPAIGN,312,1403.18,41.51,0
onrc bucuresti,OPT - Certificat Constatator,1028,2992.75,41.44,0
ocpi ilfov,Extras CF - SEARCH CAMPAIGN,487,1375.95,41.23,0
ghiseul ro,OPT- Cazier Judiciar Online,2906,7126.03,40.88,0
cazier judiciar online romania,OPT- Cazier Judiciar Online,1097,4798.86,40.17,0
eliberare cazier judiciar online,ASSISTENTA NOU,158,298.48,40.08,0
extras carte funciara online,Extras CF - SEARCH CAMPAIGN,514,2834.23,38.75,0
eliberare certificat constatator online,OPT - Certificat Constatator,417,2432.19,38.66,0
extras de carte funciara cluj,Extras CF - SEARCH CAMPAIGN,378,1841.26,38.53,0
extras cf online,PMAX- GENERAL,602,1775.99,38.5,0
extras de carte funciara pentru buletin,Extras CF - SEARCH CAMPAIGN,473,1376.01,38.2,0
certificat constatator onrc online,OPT - Certificat Constatator,327,2402.06,37.94,0
ghiseul ro cazier judiciar online,ASSISTENTA NOU,238,345.11,37.58,0
cf online,Extras CF - SEARCH CAMPAIGN,345,959.41,37.5,0
act constitutiv online,OPT - Certificat Constatator,514,1795.66,36.5,0
eliberare certificat constatator onrc,OPT - Certificat Constatator,396,2576.91,36.11,0
cazier online ghiseul ro,OPT- Cazier Judiciar Online,1601,3125.86,35.73,0
extras carte funciara,PMAX-Vanzari,399,1943.64,35.51,0
extras carte funciara brasov,Extras CF - SEARCH CAMPAIGN,476,1926.0,35.44,0
certificat constatator extins,OPT - Certificat Constatator,389,2506.29,33.42,0
cazier fiscal,ASSISTENTA NOU,666,1598.78,33.33,0
cazier online gratuit,ASSISTENTA NOU,168,219.17,32.83,0
certificat de cazier fiscal,OTP - CAZIER FISCAL,741,1203.64,32.65,0
cazier,OPT- Cazier Judiciar Online,2575,3987.8,31.93,0
extras de carte funciara constanta,Extras CF - SEARCH CAMPAIGN,210,835.91,31.9,0
caziere online,OPT- Cazier Judiciar Online,1185,2649.18,31.46,0
constatator online,OPT - Certificat Constatator,212,2509.0,30.99,0
cadastru sibiu,Extras CF - SEARCH CAMPAIGN,299,637.79,30.66,0
cazier judiciar persoane fizice,OPT- Cazier Judiciar Online,818,2923.77,30.17,0
ghiseul ro cazier judiciar,ASSISTENTA NOU,105,182.18,30.0,0
hub mai gov ro cazier judiciar,ASSISTENTA NOU,24,85.12,30.0,0
ancpi ro,Extras CF - SEARCH CAMPAIGN,733,1485.02,29.83,0
certificat de cazier fiscal online,OTP - CAZIER FISCAL,545,1072.24,29.65,0
cf online cluj,Extras CF - SEARCH CAMPAIGN,215,919.27,29.5,0
certificat de cazier judiciar,OPT- Cazier Judiciar Online,844,2544.67,29.06,0
cazier judiciar firma,OPT- Cazier Judiciar Online,502,1427.7,28.3,0
extras cf online timisoara,Extras CF - SEARCH CAMPAIGN,189,794.14,28.0,0
eliberare certificat fiscal online,OTP - CAZIER FISCAL,1446,1304.71,27.94,0
certificat constatator extins online,OPT - Certificat Constatator,210,1676.81,27.84,0
cazier judiciar romania,OPT- Cazier Judiciar Online,285,1510.14,27.68,0
ghiseul ro cazier judiciar online,OPT- Cazier Judiciar Online,2440,4347.03,27.52,0
ocpi iasi,Extras CF - SEARCH CAMPAIGN,353,961.97,27.02,0
extras carte funciara timisoara,Extras CF - SEARCH CAMPAIGN,265,1286.51,27.0,0
ancpi cluj,Extras CF - SEARCH CAMPAIGN,369,864.69,27.0,0
cf online,Extras CF - SEARCH CAMPAIGN,196,681.41,27.0,0
cazier judiciar persoane juridice,ASSISTENTA NOU,119,393.23,27.0,0
ancpi extras cf,Extras CF - SEARCH CAMPAIGN,676,1489.17,26.88,0
onrc,OPT - Certificat Constatator,742,2083.58,26.01,0
eliberare cf online,Extras CF - SEARCH CAMPAIGN,300,1134.17,26.0,0
ancpi brasov,Extras CF - SEARCH CAMPAIGN,408,1040.67,26.0,0
extras cf online,PMAX-Vanzari,363,1860.01,25.99,0
certificat onrc,OPT - Certificat Constatator,448,3389.36,25.67,0
cazier fiscal anaf,OTP - CAZIER FISCAL,800,1133.67,25.67,0
cadastru timisoara,Extras CF - SEARCH CAMPAIGN,398,857.93,25.33,0
eliberare cf online,Extras CF - SEARCH CAMPAIGN,216,932.6,25.0,0
extras cf online sibiu,Extras CF - SEARCH CAMPAIGN,323,1532.45,24.98,0
eliberare cazier judiciar,ASSISTENTA NOU,299,495.62,24.95,0
cazier judiciar online,ASSISTENTA NOU,1322,1740.37,24.66,0
registrul comertului timisoara,OPT - Certificat Constatator,347,1221.16,24.01,0
onrc constanta,OPT - Certificat Constatator,489,1469.52,24.0,0
certificat fiscal pentru cadastru si intabulare,Extras CF - SEARCH CAMPAIGN,41,68.42,24.0,0
extras de carte funciara gratuit,Extras CF - SEARCH CAMPAIGN,585,1728.52,23.96,0
certificat cazier fiscal online,OTP - CAZIER FISCAL,338,644.12,23.82,0
cazier judiciar online gratis,OPT- Cazier Judiciar Online,497,1464.88,23.68,0
ocpi,Extras CF - SEARCH CAMPAIGN,581,1241.66,23.5,0
ocpi brasov,Extras CF - SEARCH CAMPAIGN,391,942.76,22.99,0
extras de carte funciara ilfov,Extras CF - SEARCH CAMPAIGN,211,986.7,22.52,0
obtinere certificat constatator online,OPT - Certificat Constatator,188,1387.11,22.5,0
extras de carte funciară online,Extras CF - SEARCH CAMPAIGN,231,1255.89,22.44,0
cazier,OPT- Cazier Judiciar Online,2211,2512.58,22.01,0
extras onrc,OPT - Certificat Constatator,489,1956.96,22.01,0
oficiul de cadastru și publicitate imobiliară,Extras CF - SEARCH CAMPAIGN,396,888.53,22.0,0
extras carte funciara gratuit,Extras CF - SEARCH CAMPAIGN,619,1542.74,21.89,0
extras de carte funciara pentru informare,Extras CF - SEARCH CAMPAIGN,155,639.52,21.85,0
registru comertului,OPT - Certificat Constatator,444,1273.05,21.68,0
cartea funciara,Extras CF - SEARCH CAMPAIGN,728,1656.13,21.67,0
oficiul de cadastru cluj,Extras CF - SEARCH CAMPAIGN,198,542.94,21.51,0
cazier judiciar persoana juridica,OPT- Cazier Judiciar Online,698,3152.53,21.36,0
cazier fiscal online,OPT- Cazier Judiciar Online,523,662.02,21.34,0
cf online oradea,Extras CF - SEARCH CAMPAIGN,339,1522.61,21.24,0
cazier judiciar firma online,OPT- Cazier Judiciar Online,264,2155.3,21.11,0
cazier juridic online,OPT- Cazier Judiciar Online,1099,2770.68,21.06,0
extrase cf online,Extras CF - SEARCH CAMPAIGN,238,1114.5,21.0,0
eliberare carte funciara,Extras CF - SEARCH CAMPAIGN,208,683.3,20.83,0
certificat constatator firma,OPT - Certificat Constatator,189,1040.22,20.7,0
registrul comertului bucuresti,OPT - Certificat Constatator,499,1458.36,20.5,0
registrul comertului online,OPT - Certificat Constatator,377,1360.58,20.04,0
cadastru oradea,Extras CF - SEARCH CAMPAIGN,357,815.01,20.01,0
cazier judiciar romania,ASSISTENTA NOU,157,636.95,19.52,0
recom,OPT - Certificat Constatator,535,1204.99,19.51,0
cazier judiciar online pret,OPT- Cazier Judiciar Online,443,1111.73,19.33,0
ghiseul ro cazier judiciar persoane fizice,ASSISTENTA NOU,64,96.96,19.33,0
ghiseul ro cazier judiciar,OPT- Cazier Judiciar Online,1956,2039.5,19.19,0
extras de carte funciara de informare,Extras CF - SEARCH CAMPAIGN,212,904.9,19.16,0
certificat de integritate comportamentala,ASSISTENTA NOU,373,544.98,19.0,0
obtinere cazier judiciar online,ASSISTENTA NOU,45,74.68,19.0,0
cadastru arad,Extras CF - SEARCH CAMPAIGN,390,846.34,18.84,0
cazier judiciar online ghiseul ro,OPT- Cazier Judiciar Online,965,2361.81,18.57,0
certificat cazier judiciar online,OPT- Cazier Judiciar Online,494,1460.99,18.51,0
extras carte funciara arad,Extras CF - SEARCH CAMPAIGN,218,919.07,18.5,0
cazier judiciar societate,OPT- Cazier Judiciar Online,404,1890.16,18.37,0
cf,Extras CF - SEARCH CAMPAIGN,229,694.76,18.27,0
registrul comertului cluj,OPT - Certificat Constatator,351,1221.7,18.02,0
certificat constatator online onrc,OPT - Certificat Constatator,147,982.53,17.99,0
cazier online,ASSISTENTA NOU,1823,2146.63,17.92,0
extras de carte funciara iasi,Extras CF - SEARCH CAMPAIGN,205,711.38,17.92,0
eliberare cazier fiscal online,OTP - CAZIER FISCAL,377,558.93,17.64,0
certificat de integritate comportamentala,OPT- Cazier Judiciar Online,1063,1719.46,17.58,0
extras de carte funciară,Extras CF - SEARCH CAMPAIGN,460,1355.7,17.2,0
onrc brasov,OPT - Certificat Constatator,383,1212.24,17.02,0
eliberare extras de carte funciara,Extras CF - SEARCH CAMPAIGN,185,728.3,17.0,0
carte funciara timisoara,Extras CF - SEARCH CAMPAIGN,199,647.28,17.0,0
ancpi,Extras CF - SEARCH CAMPAIGN,206,311.04,17.0,0
cazier online romania,OPT- Cazier Judiciar Online,418,1820.28,16.98,0
eliberare cazier online,OPT- Cazier Judiciar Online,1089,1883.01,16.84,0
cazier constanta,OPT- Cazier Judiciar Online,1168,1425.54,16.68,0
cadastru,Extras CF - SEARCH CAMPAIGN,380,777.79,16.51,0
certificat onrc,OPT - Certificat Constatator,175,593.45,16.25,0
cazierul judiciar online,OPT- Cazier Judiciar Online,817,2264.71,16.17,0
cazier angajare online,ASSISTENTA NOU,8,14.81,16.07,0
acte necesare extras carte funciara,Extras CF - SEARCH CAMPAIGN,567,649.15,16.02,0
carte funciara cluj,Extras CF - SEARCH CAMPAIGN,263,891.78,16.01,0
cartea funciară,Extras CF - SEARCH CAMPAIGN,385,711.1,16.01,0
extras registrul comertului,OPT - Certificat Constatator,190,943.83,16.0,0
extras cf online cluj,Extras CF - SEARCH CAMPAIGN,208,877.72,16.0,0
obtinere cazier judiciar,OPT- Cazier Judiciar Online,1008,2358.48,15.88,0
cazier juridic online,OPT- Cazier Judiciar Online,919,1841.33,15.84,0
extras carte funciara constanta,Extras CF - SEARCH CAMPAIGN,156,670.44,15.66,0
extras cf online gratuit,Extras CF - SEARCH CAMPAIGN,165,379.6,15.5,0
carte funciara online,PMAX-Vanzari,186,732.92,15.32,0
ghiseul,OPT- Cazier Judiciar Online,1204,2413.55,15.18,0
cazier judiciar online persoane juridice,OPT- Cazier Judiciar Online,271,1321.89,15.14,0
eliberare cazier fiscal online persoane fizice,OTP - CAZIER FISCAL,585,653.42,15.07,0
obtinere certificat constatator,OPT - Certificat Constatator,178,1058.09,15.01,0
extras de carte funciara ancpi,Extras CF - SEARCH CAMPAIGN,102,331.74,15.01,0
ancpi extras de carte funciara,Extras CF - SEARCH CAMPAIGN,414,1018.8,14.98,0
eliberare extras de carte funciara,Extras CF - SEARCH CAMPAIGN,249,843.83,14.84,0
cerere cazier judiciar online,OPT- Cazier Judiciar Online,779,1421.26,14.67,0
cazier cluj,OPT- Cazier Judiciar Online,813,1301.88,14.59,0
cartea funciara online,Extras CF - SEARCH CAMPAIGN,246,926.3,14.5,0
ghiseul ro cazier judiciar persoane fizice,OPT- Cazier Judiciar Online,646,1531.57,14.47,0
cazier judiciar online,SEARCH-NEW-2026,1903,3056.98,14.33,0
cazier judiciar persoane juridice online,OPT- Cazier Judiciar Online,598,2702.73,14.14,0
cazier online brasov,ASSISTENTA NOU,56,83.72,14.03,0
certificat constatator online,OTP - CERTIFICAT DE NASTERE,61,432.23,14.01,0
registrul comertului constanta,OPT - Certificat Constatator,325,961.2,14.0,0
eliberare extras carte funciara,Extras CF - SEARCH CAMPAIGN,131,509.99,14.0,0
ocpi cluj,Extras CF - SEARCH CAMPAIGN,175,390.71,14.0,0
ancpi constanta,Extras CF - SEARCH CAMPAIGN,132,283.8,14.0,0
caziere online,ASSISTENTA NOU,59,116.67,14.0,0
extras cf timisoara,Extras CF - SEARCH CAMPAIGN,153,642.91,13.85,0
cazier fiscal online,OPT- Cazier Judiciar Online,193,234.19,13.83,0
ghiseul cazier,OPT- Cazier Judiciar Online,453,953.59,13.56,0
registrul comertului brasov,OPT - Certificat Constatator,290,943.92,13.5,0
certificat cazier fiscal,OTP - CAZIER FISCAL,449,718.4,13.5,0
cazier,ASSISTENTA NOU,93,138.78,13.5,0
carte funciara brasov,Extras CF - SEARCH CAMPAIGN,161,477.11,13.49,0
extras carte funciara iasi,Extras CF - SEARCH CAMPAIGN,154,635.7,13.48,0
cazier judiciar firma,OPT- Cazier Judiciar Online,310,1646.51,13.37,0
ghiseul ro cazier,ASSISTENTA NOU,789,1021.74,13.33,0
onrc certificat constatator online,OPT - Certificat Constatator,179,725.82,13.0,0
cf online timis,Extras CF - SEARCH CAMPAIGN,113,516.95,13.0,0
cf online,Extras CF - SEARCH CAMPAIGN,149,470.31,13.0,0
cf,Extras CF - SEARCH CAMPAIGN,123,334.88,13.0,0
cazier judiciar ghiseul ro,OPT- Cazier Judiciar Online,786,1823.82,12.98,0
solicitare extras cf online,Extras CF - SEARCH CAMPAIGN,79,342.89,12.98,0
cazier judiciar romania,OPT- Cazier Judiciar Online,568,2698.2,12.96,0
cazier juridic,OPT- Cazier Judiciar Online,467,1027.47,12.96,0
obtinere cazier fiscal online,OTP - CAZIER FISCAL,453,684.83,12.71,0
extras de carte funciara targu mures,Extras CF - SEARCH CAMPAIGN,127,339.89,12.67,0
cazier fiscal persoana fizica,PMAX-Vanzari,227,494.75,12.51,0
extras cf online arad,Extras CF - SEARCH CAMPAIGN,159,583.42,12.5,0
cazier fiscal online anaf,OTP - CAZIER FISCAL,405,738.19,12.48,0
cazier fiscal online gratuit,ASSISTENTA NOU,69,212.92,12.19,0
cazier judiciar romania online,OPT- Cazier Judiciar Online,231,2028.34,12.04,0
cazier romania,OPT- Cazier Judiciar Online,214,1239.39,12.01,0
onrc cluj,OPT - Certificat Constatator,386,1289.08,12.0,0
cazier judiciar persoane juridice,ASSISTENTA NOU,272,932.14,12.0,0
registrul comertului certificat constatator,OPT - Certificat Constatator,136,878.24,12.0,0
cf online arad,Extras CF - SEARCH CAMPAIGN,175,742.82,12.0,0
extras de carte funciara online gratis,Extras CF - SEARCH CAMPAIGN,189,544.16,12.0,0
ancpi iasi,Extras CF - SEARCH CAMPAIGN,231,538.25,12.0,0
ocpi galati,Extras CF - SEARCH CAMPAIGN,144,307.52,12.0,0
extras de carte funciara galati,Extras CF - SEARCH CAMPAIGN,210,740.17,11.99,0
cazier judiciar online,Asistenta Obtinere Cazier,478,501.9,11.98,0
cazier fiscal persoana fizica,OPT- Cazier Judiciar Online,238,733.5,11.75,0
cazier judiciar ghiseul ro,OPT- Cazier Judiciar Online,322,628.25,11.73,0
epay ancpi ro,Extras CF - SEARCH CAMPAIGN,266,740.06,11.61,0
anaf cazier fiscal,OTP - CAZIER FISCAL,462,583.36,11.55,0
cazier judiciar online,CAMPANIE V4 - MINIMALIST + AI,1501,2390.49,11.5,0
registrul comertului iasi,OPT - Certificat Constatator,237,847.19,11.5,0
certificat de cazier judiciar,ASSISTENTA NOU,38,86.78,11.5,0
certificat de cazier judiciar online,OPT- Cazier Judiciar Online,238,707.03,11.33,0
cazier cluj,OPT- Cazier Judiciar Online,1097,1198.72,11.19,0
cazier timisoara,OPT- Cazier Judiciar Online,1004,1261.18,11.03,0
cazier financiar,OTP - CAZIER FISCAL,114,131.73,11.01,0
cazier fiscal online,CAMPANIE V4 - MINIMALIST + AI,184,650.92,11.0,0
cazier judiciar online ghiseul ro,OPT- Cazier Judiciar Online,402,605.72,11.0,0
registrul comertului suceava,OPT - Certificat Constatator,134,470.89,11.0,0
eliberare cazier fiscal,OTP - CAZIER FISCAL,284,438.85,11.0,0
extras cf sibiu,Extras CF - SEARCH CAMPAIGN,94,339.27,11.0,0
extras carte funciara apartament,Extras CF - SEARCH CAMPAIGN,96,238.83,11.0,0
carte funciara mures,Extras CF - SEARCH CAMPAIGN,66,208.3,11.0,0
cazier sibiu,ASSISTENTA NOU,19,46.85,11.0,0
cazier fiscal persoana fizica,OTP - CAZIER FISCAL,502,977.82,10.98,0
cazier judiciar online gratuit,OTP - CAZIER FISCAL,605,1039.69,10.96,0
certificat fiscal persoana fizica,OTP - CAZIER FISCAL,314,499.36,10.86,0
certificat constatator online gratuit,OPT - Certificat Constatator,222,878.53,10.85,0
cf online 20 lei,Extras CF - SEARCH CAMPAIGN,335,734.79,10.83,0
cazier romania online,OPT- Cazier Judiciar Online,198,1083.38,10.82,0
eliberare certificat fiscal online anaf,OTP - CAZIER FISCAL,439,397.36,10.78,0
ancpi extras carte funciara,Extras CF - SEARCH CAMPAIGN,346,744.82,10.67,0
declaratie beneficiar real,OPT - Certificat Constatator,204,606.92,10.67,0
oficiul național al registrului comerțului,OPT - Certificat Constatator,336,1127.16,10.66,0
certificat judiciar firma,OPT- Cazier Judiciar Online,150,621.67,10.65,0
extras carte funciară,Extras CF - SEARCH CAMPAIGN,96,327.32,10.57,0
cazier judiciar firma online,OPT- Cazier Judiciar Online,129,510.81,10.54,0
ocpi sibiu,Extras CF - SEARCH CAMPAIGN,369,900.11,10.5,0
cazier judiciar persoana fizica,OPT- Cazier Judiciar Online,188,782.77,10.5,0
caziere online,OPT- Cazier Judiciar Online,600,452.53,10.5,0
cazier judiciar firma online,ASSISTENTA NOU,67,293.86,10.5,0
anaf cazier fiscal,ASSISTENTA NOU,21,31.84,10.5,0
cazier judiciar online brasov,OPT- Cazier Judiciar Online,437,970.11,10.33,0
act constatator firma,OPT - Certificat Constatator,99,733.72,10.33,0
cazier fiscal online,OPT- Cazier Judiciar Online,324,477.8,10.33,0
extrase carte funciara,Extras CF - SEARCH CAMPAIGN,44,166.34,10.33,0
cerere certificat fiscal anaf online,OTP - CAZIER FISCAL,243,200.85,10.27,0
cazier iasi,OPT- Cazier Judiciar Online,711,1204.13,10.01,0
onrc timis,OPT - Certificat Constatator,267,915.67,10.0,0
onrc dolj,OPT - Certificat Constatator,189,676.16,10.0,0
onrc iasi,OPT - Certificat Constatator,169,571.56,10.0,0
constatator online,OPT - Certificat Constatator,110,569.88,10.0,0
extras carte funciara online,PMAX-Vanzari,78,526.37,10.0,0
cadastru mures,Extras CF - SEARCH CAMPAIGN,177,378.3,10.0,0
ocpi arad,Extras CF - SEARCH CAMPAIGN,170,376.92,10.0,0
extras carte funciara ancpi,Extras CF - SEARCH CAMPAIGN,125,353.8,10.0,0
extract de carte funciara,Extras CF - SEARCH CAMPAIGN,95,338.54,10.0,0
extras de carte funciara,PMAX- GENERAL,152,304.3,10.0,0
cazier fiscal persoane fizice online,OTP - CAZIER FISCAL,105,188.28,10.0,0
certificat fiscal,ASSISTENTA NOU,106,176.29,10.0,0
cazier judiciar firma,ASSISTENTA NOU,50,167.32,10.0,0
extrase carte funciara online,Extras CF - SEARCH CAMPAIGN,39,158.25,10.0,0
cazier,ASSISTENTA NOU,77,112.93,10.0,0
cazier online ghiseul ro,ASSISTENTA NOU,54,74.4,10.0,0
ancpi sector 1,Extras CF - SEARCH CAMPAIGN,12,26.78,10.0,0
cadastru satu mare,Extras CF - SEARCH CAMPAIGN,179,340.09,9.99,0
obtinere extras de carte funciara,Extras CF - SEARCH CAMPAIGN,112,532.35,9.97,0
cazier judiciar firma online,ASSISTENTA NOU,125,519.94,9.83,0
ocpi extras de carte funciara,Extras CF - SEARCH CAMPAIGN,76,235.24,9.76,0
extras de carte funciara colectiva,Extras CF - SEARCH CAMPAIGN,92,188.32,9.74,0
eliberare cazier fiscal online persoane fizice,ASSISTENTA NOU,19,32.06,9.62,0
eliberare certificat fiscal anaf online,OTP - CAZIER FISCAL,282,341.1,9.6,0
ghiseul ro cazier judiciar online,OPT- Cazier Judiciar Online,684,606.59,9.55,0
oficiul de cadastru,Extras CF - SEARCH CAMPAIGN,232,652.17,9.5,0
emitere certificat constatator,OPT - Certificat Constatator,78,619.99,9.5,0
cadastru bistrita,Extras CF - SEARCH CAMPAIGN,107,204.18,9.5,0
certificat constatator punct de lucru,OPT - Certificat Constatator,170,625.06,9.49,0
cazier fiscal online gratuit,OTP - CAZIER FISCAL,246,373.7,9.42,0
cazier online ghiseul ro,OPT- Cazier Judiciar Online,623,1038.08,9.37,0
ancpi carte funciara,Extras CF - SEARCH CAMPAIGN,227,444.85,9.33,0
certificat constatator emis de onrc,OPT - Certificat Constatator,41,273.43,9.33,0
scoatere cazier online,OPT- Cazier Judiciar Online,450,875.67,9.27,0
ghiseul ro extras carte funciara,Extras CF - SEARCH CAMPAIGN,84,410.11,9.15,0
certificat constatator registrul comertului online,OPT - Certificat Constatator,91,405.65,9.15,0
certificat onrc,OPT - Certificat Constatator,97,836.96,9.04,0
certificat constatator extins,OPT - Certificat Constatator,196,507.54,9.01,0
cazier fiscal,SEARCH-NEW-2026,199,779.58,9.0,0
obtinere cf online,Extras CF - SEARCH CAMPAIGN,145,546.69,9.0,0
onrc sibiu,OPT - Certificat Constatator,153,494.24,9.0,0
ancpi arad,Extras CF - SEARCH CAMPAIGN,146,337.89,9.0,0
cadastru iasi,Extras CF - SEARCH CAMPAIGN,155,335.64,9.0,0
extras de carte funciara online iasi,Extras CF - SEARCH CAMPAIGN,67,320.27,9.0,0
cazier fiscal persoana fizica,ASSISTENTA NOU,123,312.72,9.0,0
extras cf online 20 lei,Extras CF - SEARCH CAMPAIGN,120,309.96,9.0,0
ocpi dambovita,Extras CF - SEARCH CAMPAIGN,105,269.01,9.0,0
cerere cf online,Extras CF - SEARCH CAMPAIGN,59,256.27,9.0,0
extras cf online cluj napoca,Extras CF - SEARCH CAMPAIGN,33,148.04,9.0,0
extras carte funciara cluj online,Extras CF - SEARCH CAMPAIGN,37,145.47,9.0,0
cazierul judiciar online,ASSISTENTA NOU,87,140.75,9.0,0
certificat beneficiar real,OPT - Certificat Constatator,39,129.32,9.0,0
scoatere cazier online,ASSISTENTA NOU,20,36.6,9.0,0
certificat cazier fiscal online,ASSISTENTA NOU,24,30.85,9.0,0
eliberare cazier online,ASSISTENTA NOU,24,22.76,9.0,0
ghiseul ro cazier online,ASSISTENTA NOU,17,16.04,9.0,0
extras cf online oradea,Extras CF - SEARCH CAMPAIGN,121,526.15,8.99,0
extras de carte funciara online,PMAX- GENERAL,89,287.0,8.99,0
cum obtin extras de carte funciara,Extras CF - SEARCH CAMPAIGN,116,365.16,8.97,0
extras carte funciara valabilitate,Extras CF - SEARCH CAMPAIGN,119,222.21,8.9,0
carte funciara online,PMAX- GENERAL,292,678.55,8.85,0
certificat constatator forma extinsa,OPT - Certificat Constatator,130,729.62,8.83,0
extras de carte funciara satu mare,Extras CF - SEARCH CAMPAIGN,112,380.45,8.83,0
certificat de atestare fiscala online,OTP - CAZIER FISCAL,400,550.9,8.74,0
extras carte funciara online,PMAX- GENERAL,202,560.19,8.67,0
carte funciara arad,Extras CF - SEARCH CAMPAIGN,77,212.05,8.67,0
certificat registrul comertului,OPT - Certificat Constatator,62,479.51,8.58,0
cazier fiscal online cluj,OTP - CAZIER FISCAL,77,132.82,8.58,0
cartea funciara timisoara,Extras CF - SEARCH CAMPAIGN,146,352.94,8.52,0
certificat constatator in forma extinsa,OPT - Certificat Constatator,96,547.54,8.5,0
cartea funciara,Extras CF - SEARCH CAMPAIGN,168,275.73,8.5,0
ocpi suceava,Extras CF - SEARCH CAMPAIGN,99,254.99,8.5,0
cazier judiciar cluj,OPT- Cazier Judiciar Online,499,1234.09,8.38,0
certificat cazier judiciar,OPT- Cazier Judiciar Online,413,968.05,8.34,0
constatator online,OPT - Certificat Constatator,45,481.86,8.33,0
certificat judiciar online,OPT- Cazier Judiciar Online,184,352.61,8.33,0
carte funciara online,Extras CF - SEARCH CAMPAIGN,109,295.35,8.33,0
certificat fiscal anaf online persoane fizice,OTP - CAZIER FISCAL,359,452.95,8.16,0
cazier fiscal,PMAX-Vanzari,618,1357.0,8.06,0
certificat constatator extins,OPT - Certificat Constatator,113,856.29,8.01,0
certificat judiciar online,OPT- Cazier Judiciar Online,138,393.16,8.01,0
cazier judiciar online,SEARCH-NEW-2026,541,931.06,8.0,0
extras carte funciara sibiu,Extras CF - SEARCH CAMPAIGN,182,620.44,8.0,0
cazier fiscal online,CAMPANIE V4 - MINIMALIST + AI,134,548.04,8.0,0
cazier judiciar online,ASSISTENTA NOU,249,543.52,8.0,0
certificat carte funciara,Extras CF - SEARCH CAMPAIGN,112,494.76,8.0,0
scoatere cf online,Extras CF - SEARCH CAMPAIGN,108,478.12,8.0,0
extras carte funciara braila,Extras CF - SEARCH CAMPAIGN,144,438.58,8.0,0
cartea funciara cluj,Extras CF - SEARCH CAMPAIGN,131,395.02,8.0,0
extras carte funciara online gratuit,Extras CF - SEARCH CAMPAIGN,120,367.7,8.0,0
ancpi sibiu,Extras CF - SEARCH CAMPAIGN,149,301.82,8.0,0
registrul comertului tulcea,OPT - Certificat Constatator,74,288.78,8.0,0
cerere extras carte funciara,Extras CF - SEARCH CAMPAIGN,112,269.17,8.0,0
extrase carte funciara,Extras CF - SEARCH CAMPAIGN,44,265.47,8.0,0
extras de carte funciara braila,Extras CF - SEARCH CAMPAIGN,86,206.88,8.0,0
extras de carte funciara sector 6,Extras CF - SEARCH CAMPAIGN,62,203.83,8.0,0
cum obtin extras de carte funciara,Extras CF - SEARCH CAMPAIGN,53,195.52,8.0,0
cerere carte funciara online,Extras CF - SEARCH CAMPAIGN,34,147.05,8.0,0
certificat cadastru online,Extras CF - SEARCH CAMPAIGN,58,144.27,8.0,0
extras de carte funciara sector 4,Extras CF - SEARCH CAMPAIGN,38,137.71,8.0,0
extras cf online gratuit,Extras CF - SEARCH CAMPAIGN,57,119.68,8.0,0
cum obtin extras carte funciara,Extras CF - SEARCH CAMPAIGN,29,80.42,8.0,0
scoate cf online,Extras CF - SEARCH CAMPAIGN,20,72.61,8.0,0
ancpi ialomita,Extras CF - SEARCH CAMPAIGN,48,66.21,8.0,0
certificat carte funciara,Extras CF - SEARCH CAMPAIGN,27,64.98,8.0,0
certificat de atestare fiscala online,ASSISTENTA NOU,46,60.0,8.0,0
cazier judiciar online brasov,ASSISTENTA NOU,21,58.38,8.0,0
certificat de cazier judiciar online,Asistenta Obtinere Cazier,9,12.19,8.0,0
cazier online galati,ASSISTENTA NOU,4,3.43,8.0,0
cf online ancpi,Extras CF - SEARCH CAMPAIGN,109,393.17,7.99,0
extras din cartea funciara,Extras CF - SEARCH CAMPAIGN,71,204.74,7.99,0
ghiseul ro cazier online,OPT- Cazier Judiciar Online,259,552.61,7.83,0
cf oradea,Extras CF - SEARCH CAMPAIGN,92,316.15,7.76,0
ghișeul ro cazier,OPT- Cazier Judiciar Online,285,405.04,7.7,0
