pages,question
48,"Cât durează eliberarea cazierului judiciar?"
48,"Cât este valabil cazierul judiciar?"
48,"Documentul este oficial și acceptat?"
48,"Plata și datele mele sunt în siguranță?"
42,"Cât durează obținerea extrasului de carte funciară online?"
42,"Ce conține extrasul de carte funciară?"
42,"Care e diferența dintre extrasul de informare și cel de autentificare?"
42,"Documentul este oficial?"
20,"Cât durează eliberarea?"
14,"Am nevoie de cont ANCPI?"
9,"Cum primesc documentul?"
7,"Nu știu numărul cadastral. Ce fac?"
4,"Cu ce diferă de extrasul de carte funciară?"
3,"Cum aflu numărul cadastral după adresă?"
3,"Ce acte îmi trebuie ca să comand?"
3,"Cu ce diferă de extrasul de plan cadastral pe ortofotoplan?"
2,"Ce acte îmi trebuie pentru un duplicat de certificat de naștere?"
2,"Cât durează cadastrul și intabularea?"
2,"Ce este gradul de îndatorare?"
2,"Cât e valabil cazierul judiciar?"
2,"Cât este valabil cazierul fiscal?"
2,"Ce este certificatul constatator?"
2,"Ce este certificatul de integritate comportamentală?"
2,"Care este diferența față de cazierul judiciar?"
2,"Cât costă serviciul?"
2,"Nu știu numărul de carte funciară. Ce fac?"
2,"De ce aveți nevoie de datele mele personale?"
2,"Cum verific cazierul fiscal?"
2,"Câte zile durează procesarea?"
2,"Cu ce diferă de planul de amplasament și delimitare?"
2,"Care e diferența dintre duplicat și copie legalizată?"
2,"Trebuie să fac programare pentru eliberarea duplicatului?"
2,"Cât este valabil certificatul de celibat?"
2,"Cât este valabil extrasul de carte funciară?"
2,"Înlocuiește traducerea și apostila?"
2,"Cât costă extrasul multilingv?"
2,"Când am nevoie de extrasul multilingv?"
2,"De unde se eliberează și cine depune cererea?"
2,"Cât durează și cum primesc documentul?"
2,"Ce primesc concret?"
2,"Cât durează?"
1,"Cu cât timp înainte trebuie depusă declarația de căsătorie?"
1,"Certificatul medical prenupțial este obligatoriu?"
1,"Ce acte trebuie să depună un cetățean străin care se căsătorește în România?"
1,"Pot depune declarația de căsătorie prin împuternicit?"
1,"Am nevoie de certificat de celibat ca să mă căsătoresc în România?"
1,"Ce acte sunt necesare pentru certificatul de naștere al unui nou-născut?"
1,"În cât timp trebuie înregistrat nou-născutul?"
1,"Ce acte trebuie dacă cer certificatul din străinătate sau din altă localitate?"
1,"Cât este amenda pentru lipsa rovinietei în 2026?"
1,"Pot plăti jumătate din amenda de rovinietă?"
1,"Unde pot plăti amenda de rovinietă?"
1,"Care este termenul de contestație pentru amenda de rovinietă?"
1,"Cât costă rovinieta în 2026?"
1,"De ce nu funcționează ANCPI?"
1,"Ce s-a întâmplat cu datele din cartea funciară? Sunt în pericol?"
1,"De ce nu funcționează e-Terra?"
1,"Până când e picat ANCPI?"
1,"Migrarea în Cloudul Guvernamental s-a terminat pe 22 iulie. De ce tot nu funcționează?"
1,"Datele mele din cartea funciară au fost afectate?"
1,"Pot obține un extras de carte funciară în această perioadă?"
1,"Cum primesc extrasul CF fără să urmăresc eu revenirea ANCPI?"
1,"Ce se întâmplă cu tranzacțiile imobiliare programate?"
1,"Am comandat un extras CF pe eGhișeul înainte de cădere. Ce se întâmplă cu el?"
1,"Extrasul CF pe care îl am deja mai e valabil?"
1,"Am antecontract cu termen de semnare care expiră în această perioadă. Ce fac?"
1,"Am credit ipotecar aprobat. Se pierde aprobarea?"
1,"Notarul mi-a anulat programarea. Trebuie să reiau toată procedura?"
1,"De ce durează atât reinstalarea? Nu aveau backup?"
1,"Am citit că e-Terra a repornit. De ce tot nu-mi pot lua extrasul?"
1,"Cum aflu în secunda în care revine ANCPI?"
1,"Anii lucrați în străinătate se pun la pensie în România?"
1,"Primesc o singură pensie sau mai multe?"
1,"Unde depun cererea de pensionare dacă locuiesc în alt stat membru?"
1,"Ce documente sunt necesare pentru recunoașterea anilor lucrați în străinătate?"
1,"Unde se plătește pensia?"
1,"Ce este apostila de la Haga?"
1,"Unde se aplică apostila în România?"
1,"Cât durează obținerea apostilei?"
1,"Am nevoie de apostilă pentru actele folosite în Uniunea Europeană?"
1,"Se apostilează originalul sau traducerea?"
1,"Ce fac dacă statul de destinație nu e membru al Convenției de la Haga?"
1,"Cât este un punct-amendă în 2026?"
1,"Cât e amenda pentru depășirea de viteză?"
1,"Pot plăti jumătate din amendă?"
1,"Când mi se suspendă permisul pentru puncte?"
1,"Cum sunt împărțite amenzile pe clase?"
1,"De la ce dată se aplică valoarea de 432,50 lei pe punct?"
1,"Punctele de penalizare afectează cazierul auto sau cel judiciar?"
1,"Ce se întâmplă dacă nu plătesc amenda în termen?"
1,"Pot contesta procesul-verbal de amendă?"
1,"Ce face acest calculator de dată?"
1,"Pot calcula doar zilele lucrătoare?"
1,"Cum aflu câte zile sunt între două date?"
1,"La ce este util un calculator de dată?"
1,"Rezultatul este oficial?"
1,"Cum se numără un termen pe luni sau pe ani?"
1,"Ce se întâmplă dacă termenul cade într-o zi de sărbătoare legală?"
1,"Pot calcula vârsta exactă a unei persoane?"
1,"Cum se calculează impozitul auto în 2026?"
1,"Mașinile electrice plătesc impozit?"
1,"De ce diferă suma față de ce plătesc eu?"
1,"Contează vârsta mașinii?"
1,"Cum aflu norma de poluare Euro a mașinii mele?"
1,"Plătesc impozit dacă mașina e nefolosită sau în reparații?"
1,"Când se plătește impozitul auto și există reduceri?"
1,"Cât este indemnizația de creștere a copilului în 2026?"
1,"Care este indemnizația minimă și maximă?"
1,"Se reține ceva din indemnizație?"
1,"Ce este stimulentul de inserție?"
1,"Câte luni de venituri se iau în calcul?"
1,"Cât primește efectiv o persoană cu venitul net mediu de 4.000 lei?"
1,"Indemnizația de creștere a copilului se cumulează cu alocația de stat?"
1,"Până la ce vârstă a copilului se acordă indemnizația?"
1,"Cât este stimulentul de inserție dacă mă întorc la muncă?"
1,"Poate tatăl să ia concediul de creștere a copilului?"
1,"Ce acte trebuie la dosarul de indemnizație?"
1,"Cum calculez X% dintr-o valoare?"
1,"Cum aflu cât la sută reprezintă un număr din altul?"
1,"Cum calculez creșterea sau scăderea procentuală?"
1,"Cum aplic o reducere de X% la un preț?"
1,"Cum aflu prețul inițial dinainte de o majorare?"
1,"De ce o creștere de 50% urmată de o scădere de 50% nu mă aduce la valoarea inițială?"
1,"Cum calculez procentul dintr-un total când am mai multe valori?"
1,"Care e diferența dintre puncte procentuale și procent?"
1,"Pot calcula mai multe reduceri aplicate una după alta?"
1,"Ce este POT (procentul de ocupare a terenului)?"
1,"Ce este CUT (coeficientul de utilizare a terenului)?"
1,"De unde aflu POT-ul și CUT-ul terenului meu?"
1,"Care este POT-ul maxim în zonele rezidențiale?"
1,"Ce intră în suprafața construită la calculul POT?"
1,"Pot construi 300 mp pe un teren de 500 mp?"
1,"Diferă POT-ul de la o localitate la alta?"
1,"Am nevoie de certificat de urbanism ca să cumpăr un teren?"
1,"Suprafața din acte diferă de cea măsurată. Pe care o folosesc?"
1,"Terenul e măsurat în ari sau jugăre. Cum calculez?"
1,"Cât durează concediul de maternitate în 2026?"
1,"Cât este indemnizația de maternitate?"
1,"Indemnizația de maternitate se impozitează?"
1,"Care este diferența dintre concediul de maternitate și cel de creștere a copilului?"
1,"Cine plătește indemnizația de maternitate?"
1,"Ce se întâmplă dacă venitul meu brut depășește plafonul?"
1,"Cum se calculează indemnizația dacă am avut luni cu venit incomplet?"
1,"Pot beneficia de indemnizație fără stagiu de asigurare?"
1,"Cât la sută din salariu primesc pe concediu medical în 2026?"
1,"Se plătește prima zi de concediu medical?"
1,"Cum se calculează baza?"
1,"Procentul de 55/65/75% se aplică pe toate zilele sau progresiv?"
1,"Există un plafon al indemnizației de concediu medical?"
1,"Accidentele de muncă au aceleași reguli ca boala obișnuită?"
1,"Din indemnizația de concediu medical se rețin impozit și contribuții?"
1,"Cine plătește indemnizația — angajatorul sau CNAS?"
1,"De câte luni de stagiu am nevoie ca să primesc indemnizația?"
1,"Câte zile de concediu paternal am dreptul în 2026?"
1,"În ce interval pot lua concediul paternal?"
1,"Cine plătește concediul paternal?"
1,"Cum obțin cele 5 zile suplimentare?"
1,"Concediul paternal se acordă în zile lucrătoare sau calendaristice?"
1,"Concediul paternal afectează concediul de odihnă anual?"
1,"Pot lua concediul paternal fracționat, în mai multe tranșe?"
1,"Tatăl adoptiv are dreptul la concediu paternal?"
1,"Ce contribuții plătește o PFA în 2026?"
1,"Care sunt plafoanele pentru CAS și CASS?"
1,"Dacă sunt și salariat, mai plătesc CASS la PFA?"
1,"Când se depune Declarația Unică?"
1,"Ce înseamnă plafonul de 6, 12, 24, 60 sau 72 de salarii minime?"
1,"Cum se calculează impozitul de 10% la PFA?"
1,"Plătesc CAS dacă am venituri mici la PFA?"
1,"Care e diferența între sistem real și normă de venit?"
1,"Pe ce bază se calculează CAS dacă venitul e între 12 și 24 de salarii minime?"
1,"Cât costă cadastrul pentru un apartament?"
1,"Cât costă cadastrul și intabularea pentru o casă cu teren?"
1,"Cât costă intabularea după cumpărarea unui imobil?"
1,"Cine plătește taxa de intabulare la vânzare-cumpărare?"
1,"Cât costă regimul de urgență la ANCPI?"
1,"De ce onorariile topografilor diferă atât de mult?"
1,"Ce documente îmi trebuie pentru cadastru și intabulare?"
1,"E obligatoriu să fac cadastrul?"
1,"Taxa ANCPI diferă de la un județ la altul?"
1,"Cum se calculează rata lunară la un credit ipotecar?"
1,"Ce înseamnă totalul de plată și dobânda totală?"
1,"Calculatorul include comisioanele și DAE?"
1,"De ce diferă rata calculată aici de oferta băncii?"
1,"Cum influențează perioada rata și costul total?"
1,"Avansul mai mare reduce rata lunară?"
1,"Pot rambursa anticipat ca să plătesc mai puțină dobândă?"
1,"Cât este diurna neimpozabilă în țară în 2026?"
1,"Cum se calculează diurna în străinătate?"
1,"Ce taxe se aplică pe partea impozabilă a diurnei?"
1,"Cum funcționează plafonul de 3 salarii de bază?"
1,"Diurna pe o deplasare mai scurtă de 12 ore se reduce?"
1,"Se cumulează diurna în țară cu cea din străinătate în aceeași lună?"
1,"Diurna neimpozabilă este venit net pentru angajat?"
1,"De unde vine valoarea de 23 lei folosită la calculul intern?"
1,"Ce se întâmplă dacă firma nu acordă deloc diurnă?"
1,"Cât este impozitul pe dividende în 2026?"
1,"Se plătește CASS pe dividende?"
1,"CASS se plătește chiar dacă am deja salariu?"
1,"Cum se calculează suma netă din dividende?"
1,"Contează data distribuirii sau data plății dividendelor?"
1,"CASS de pe dividende este deductibil sau îl recuperez?"
1,"Plătesc CASS dacă scot dividende dintr-un singur SRL, dar am și chirii?"
1,"Când se declară și se plătește CASS-ul pe dividende?"
1,"Se plătește impozit pe dividende dacă firma nu distribuie profitul?"
1,"Cât este dobânda legală penalizatoare în 2026?"
1,"Ce dobândă se aplică între profesioniști (B2B)?"
1,"Care este diferența dintre dobânda remuneratorie și cea penalizatoare?"
1,"Cum se calculează concret suma dobânzii?"
1,"Se aplică o reducere pentru persoanele fizice?"
1,"De unde provine rata de referință BNR de 6,50%?"
1,"Pot părțile să stabilească prin contract o altă dobândă?"
1,"Dobânda legală se calculează la suma cu sau fără TVA?"
1,"Cum se calculează pensia în 2026?"
1,"Cât este valoarea punctului de referință în 2026?"
1,"Ce sunt punctele de stabilitate?"
1,"Cât de exactă este estimarea?"
1,"De ce nu crește pensia mea în 2026?"
1,"Salariul peste media pe economie îmi crește pensia?"
1,"Stagiul sub 25 de ani aduce puncte de stabilitate?"
1,"Care este gradul maxim de îndatorare permis în 2026?"
1,"Cum se calculează gradul de îndatorare?"
1,"De ce am un plafon de 45% și nu 40%?"
1,"Intră toate creditele în calculul gradului de îndatorare?"
1,"Ce este testul de stres aplicat de bancă?"
1,"Pot avea două plafoane diferite în același timp?"
1,"Cum îmi pot reduce gradul de îndatorare înainte de a cere creditul?"
1,"Cum se calculează impozitul pe casă în 2026?"
1,"Ce reduceri se aplică pentru clădirile vechi?"
1,"De ce a crescut impozitul pe casă în 2026?"
1,"Cât este cota de impozitare?"
1,"Cum aflu coeficientul de corecție al casei mele?"
1,"Se cumulează reducerea pentru vechime cu indexarea din 2026?"
1,"Plătesc impozit dacă am mai multe locuințe?"
1,"Până când și cum se plătește impozitul pe casă?"
1,"Cum se schimbă impozitul după ce extind sau modific casa?"
1,"Cât este impozitul pe chirie în 2026?"
1,"Plătesc CASS pentru veniturile din chirie?"
1,"Cine plătește impozitul dacă închiriez unei firme?"
1,"Până când depun Declarația Unică pentru chirie?"
1,"Cum se calculează CASS dacă am chirie și alte venituri pasive?"
1,"Pot deduce cheltuieli reale în loc de cota forfetară?"
1,"Trebuie să înregistrez contractul de închiriere la ANAF?"
1,"Cum împart impozitul dacă apartamentul are doi proprietari?"
1,"Cât este impozitul pe pensie în 2026?"
1,"Se plătește CASS pe pensie în 2026?"
1,"Cum se calculează pensia netă?"
1,"Pensiile mici sunt impozitate?"
1,"De ce CASS se calculează înaintea impozitului?"
1,"Pensia de invaliditate sau de urmaș se impozitează la fel?"
1,"Cine reține impozitul și CASS din pensie?"
1,"O pensie de exact 3.001 lei cât plătește?"
1,"Pensiile private de la Pilonul II și III intră în acest calcul?"
1,"Se modifică pragul de 3.000 lei în fiecare an?"
1,"Cât este indemnizația de șomaj în 2026?"
1,"Cât timp se acordă șomajul?"
1,"Se reține ceva din indemnizația de șomaj?"
1,"Care este indemnizația minimă de șomaj?"
1,"Absolvenții primesc indemnizație de șomaj?"
1,"Cum se calculează stagiul de cotizare pentru șomaj?"
1,"Cum influențează salariul mediu brut cuantumul indemnizației?"
1,"Pot lucra în timp ce primesc indemnizație de șomaj?"
1,"Ce obligații am cât timp primesc șomaj?"
1,"Cum se calculează efectul inflației?"
1,"Ce rată a inflației folosește calculatorul?"
1,"De ce în unii ani inflația este negativă?"
1,"Care este diferența dintre rata anuală a inflației și factorul cumulat?"
1,"Inflația din calculator este aceeași cu cea resimțită de mine?"
1,"Pot folosi acest calculator pentru a actualiza o sumă dintr-un contract sau o pensie?"
1,"De ce contează atât de mult anii 2022 și 2023 în rezultat?"
1,"Ce se întâmplă dacă intervalul include ani de deflație?"
1,"Cât e un jugăr în metri pătrați?"
1,"Câți stânjeni are un jugăr?"
1,"Cât e o falce în metri pătrați?"
1,"Cât e un pogon în metri pătrați?"
1,"Care e diferența dintre jugărul cadastral și jugărul unguresc?"
1,"Cum transform stânjenii dintr-un CF vechi în metri pătrați?"
1,"De ce cărțile funciare vechi folosesc jugăre și stânjeni?"
1,"Un hectar câte jugăre are?"
1,"Există jugăr moldovenesc?"
1,"Cât e un stânjen?"
1,"Cât este dobânda de întârziere la ANAF?"
1,"Care e diferența între penalitatea de întârziere și cea de nedeclarare?"
1,"Se poate reduce penalitatea de nedeclarare?"
1,"Din ce zi încep să curgă accesoriile?"
1,"Se calculează accesorii și pentru sume sub 100 de lei?"
1,"Cum aflu suma exactă de plată a penalităților?"
1,"Se calculează accesorii și pe perioada eșalonării la plată?"
1,"Plata parțială reduce accesoriile pentru zilele următoare?"
1,"Cine datorează penalitatea de nedeclarare de 0,08%/zi?"
1,"Cât este pensia alimentară pentru un copil în 2026?"
1,"La ce venit se aplică procentul?"
1,"Cum se calculează pensia dacă părintele nu are venituri?"
1,"Se poate stabili pensia alimentară la notar?"
1,"Până la ce vârstă se plătește pensia alimentară?"
1,"Se poate modifica pensia alimentară?"
1,"Ce se întâmplă cu pensia dacă mai am alți copii dintr-o altă relație?"
1,"Pensia alimentară se calculează din venitul net sau brut?"
1,"Se plătește pensie alimentară dacă există custodie comună sau program egal de vizitare?"
1,"Care sunt gradele de invaliditate?"
1,"Cum se calculează pensia de invaliditate?"
1,"Ce este indemnizația de însoțitor?"
1,"Ce este stagiul potențial?"
1,"Se poate cumula pensia de invaliditate cu un salariu?"
1,"Ce se întâmplă cu pensia de invaliditate la vârsta de pensionare?"
1,"Cum afectează gradul de invaliditate cuantumul pensiei?"
1,"Ce este mai avantajos: să reduc perioada sau rata?"
1,"Se plătește comision la rambursarea anticipată?"
1,"Cum se calculează dobânda economisită?"
1,"Pot rambursa anticipat doar o parte din credit?"
1,"Trebuie să anunț banca înainte de a plăti anticipat?"
1,"Merită să rambursez anticipat sau să economisesc banii?"
1,"După cât timp se șterge cazierul judiciar?"
1,"Ce diferență e între reabilitarea de drept și cea judecătorească?"
1,"Ce se întâmplă după reabilitare?"
1,"De când începe să curgă termenul de reabilitare?"
1,"O nouă infracțiune oprește termenul de reabilitare?"
1,"Reabilitarea șterge condamnarea din cazierul cerut de instituții?"
1,"Trebuie să plătesc o taxă pentru cererea de reabilitare judecătorească?"
1,"Reabilitarea de drept și cea judecătorească au aceeași dată de start a termenului?"
1,"Ce rețineri se aplică la salariu în 2026?"
1,"Cât e salariul minim brut în 2026?"
1,"Ce este deducerea personală?"
1,"Mai există scutirea de impozit pentru IT?"
1,"Cât costă angajatorul un salariat în 2026?"
1,"Cât e salariul net la salariul minim în 2026?"
1,"De ce diferă netul meu de cel calculat aici?"
1,"Cât este sporul de noapte conform Codului Muncii?"
1,"Cum se plătesc orele suplimentare?"
1,"Cât primesc dacă lucrez de sărbătorile legale?"
1,"Pot fi sporurile mai mari decât minimele din lege?"
1,"Ce înseamnă munca de noapte?"
1,"Cum se calculează tariful orar pentru sporuri?"
1,"Se pot cumula sporul de noapte și cel pentru ore suplimentare?"
1,"Cum se calculează taxa de timbru pentru o cerere evaluabilă în bani?"
1,"Cât este taxa de timbru pentru divorț?"
1,"Se indexează taxa de timbru cu inflația?"
1,"Cât plătesc dacă fac apel?"
1,"Cum se calculează taxa pentru partaj (ieșire din indiviziune)?"
1,"Ce se întâmplă dacă greșesc suma taxei de timbru?"
1,"Există cereri scutite de taxa judiciară de timbru?"
1,"Unde se plătește taxa judiciară de timbru?"
1,"Cum se calculează onorariul notarial în 2026?"
1,"Cine plătește taxele notariale la vânzarea unui imobil?"
1,"Cât este impozitul pe vânzarea unui imobil în 2026?"
1,"Cât costă intabularea în cartea funciară?"
1,"Se plătește impozit pe donație sau pe moștenire?"
1,"Cât costă în plus actul dacă cumpăr cu credit ipotecar?"
1,"Ce este extrasul de carte funciară și cât costă?"
1,"Cine plătește intabularea la persoane juridice?"
1,"Sunt aceste sume exacte?"
1,"Ce impozit plătește o microîntreprindere în 2026?"
1,"Când e mai bine impozit pe profit decât micro?"
1,"Cât plătesc dacă scot profitul ca dividende?"
1,"Care este plafonul de TVA în 2026?"
1,"O firmă fără salariat mai poate fi microîntreprindere?"
1,"Pot lăsa profitul în firmă ca să nu plătesc impozit pe dividende?"
1,"Cum se schimbă calculul dacă firma depășește 100.000 EUR?"
1,"Cum se calculează un termen pe zile?"
1,"Există diferență între termenele civile și cele penale?"
1,"Cum se calculează termenele pe luni sau ani?"
1,"Ce se întâmplă dacă termenul se împlinește în weekend sau de sărbătoare?"
1,"Actul trimis prin poștă sau e-mail în ultima zi este în termen?"
1,"De când începe să curgă termenul pentru apel?"
1,"Cum dovedesc că am depus actul în termen prin poștă?"
1,"Termenul de un an care începe pe 29 februarie când se împlinește?"
1,"Cât este TVA standard în România în 2026?"
1,"Cum extrag TVA dintr-un preț care include TVA?"
1,"Mai există cota de 9%?"
1,"Ce factor folosesc ca să scot rapid TVA-ul dintr-un preț de 121 lei cu TVA 21%?"
1,"TVA se calculează la prețul cu sau fără TVA?"
1,"Cota de TVA depinde de produs sau de serviciu?"
1,"De la ce plafon devin plătitor de TVA?"
1,"Ce diferență e între plătitor și neplătitor de TVA pe factură?"
1,"Cum calculez prețul cu TVA dacă vând în 2026 cu cota standard?"
1,"Cât e valabil cazierul fiscal?"
1,"Cât e valabil extrasul de carte funciară?"
1,"Cât e valabil certificatul constatator?"
1,"Cât e valabil certificatul de integritate comportamentală?"
1,"Documentul expiră fix la termen sau la sfârșitul lunii?"
1,"Pot prelungi un document expirat?"
1,"Instituția mi-a cerut document „nu mai vechi de 30 de zile”, dar al meu e legal valabil 6 luni. Cine are dreptate?"
1,"Care este vârsta de pensionare în România în 2026?"
1,"Cât este stagiul complet de cotizare?"
1,"Pot ieși la pensie mai devreme?"
1,"De ce vârsta de pensionare diferă pe luni?"
1,"Ce se întâmplă dacă nu am stagiul minim de 15 ani?"
1,"Femeile se pot pensiona la aceeași vârstă ca bărbații?"
1,"Stagiul peste cel complet îmi crește pensia?"
1,"Cum se calculează vechimea în muncă?"
1,"La ce îmi folosește vechimea în muncă?"
1,"Vechimea se calculează în zile lucrătoare sau calendaristice?"
1,"Câți ani de vechime îmi trebuie pentru pensie?"
1,"Vechimea în muncă este același lucru cu stagiul de cotizare?"
1,"Concediile (medical, creștere copil, fără plată) intră în vechime?"
1,"Dacă am avut două contracte de muncă în același timp, vechimea se dublează?"
1,"Perioada de studii sau de șomaj contează la vechime?"
1,"De unde verific oficial vechimea și stagiul meu de cotizare?"
1,"Câte zile de concediu de odihnă am pe an?"
1,"Cum se calculează concediul proporțional?"
1,"Ce se întâmplă cu zilele neefectuate?"
1,"Pot reporta zilele de concediu în anul următor?"
1,"Sărbătorile legale și weekendul se scad din zilele de concediu?"
1,"Câte zile de concediu am dacă m-am angajat la jumătatea anului?"
1,"Cum se calculează indemnizația de concediu pe care o primesc?"
1,"Ce se întâmplă cu concediul dacă lucrez cu fracțiune de normă (part-time)?"
1,"Concediul fără plată reduce zilele de concediu de odihnă?"
1,"Câte zile lucrătoare are anul 2026?"
1,"Ce este o zi lucrătoare?"
1,"Ce sărbători legale se exclud din calcul?"
1,"De ce diferă numărul de zile lucrătoare de la an la an?"
1,"Sărbătorile care cad în weekend se recuperează?"
1,"Câte zile lucrătoare are o lună obișnuită?"
1,"Zilele de concediu se scad în zile lucrătoare sau calendaristice?"
1,"Calculatorul ține cont de sărbătorile mobile precum Paștele?"
1,"Cine plătește intabularea la vânzare-cumpărare?"
1,"E obligatoriu cadastrul?"
1,"Pot vinde un imobil fără intabulare?"
1,"Cât costă cadastrul la un apartament?"
1,"Ce este PAD-ul (planul de amplasament și delimitare)?"
1,"Taxa ANCPI e aceeași în toată țara?"
1,"Cât pot construi pe un teren de 500 mp?"
1,"Unde găsesc POT-ul și CUT-ul terenului meu?"
1,"Ce se întâmplă dacă depășesc POT-ul?"
1,"Certificatul de urbanism îmi dă dreptul să construiesc?"
1,"Balconul și terasa intră în POT?"
1,"Pot cere un POT mai mare decât cel din zonă?"
1,"Se poate scoate cazier fiscal online?"
1,"Cum obțin cazierul fiscal din SPV?"
1,"Ce formular se folosește pentru cazierul fiscal?"
1,"Ce este formularul 502?"
1,"Cât durează eliberarea cazierului fiscal prin SPV?"
1,"Cazierul fiscal online este gratuit?"
1,"Cum îmi fac cont SPV dacă sunt plecat din țară?"
1,"Pot scoate cazier fiscal fără cont SPV?"
1,"Cazierul fiscal primit în SPV este valabil fără ștampilă?"
1,"Pot cere din SPV-ul meu cazierul fiscal al firmei?"
1,"Ce este cazierul fiscal pentru persoană juridică?"
1,"Cum obțin cazierul fiscal pentru firmă online?"
1,"Am nevoie de cazier fiscal la înființarea unei firme?"
1,"Cazierul fiscal pentru SRL este același cu cel pentru PFA?"
1,"Ce se întâmplă cu cazierul fiscal al unei firme inactive?"
1,"Dacă am cazier fiscal pot fi asociat sau administrator?"
1,"Ce acte sunt necesare pentru cazier fiscal persoane juridice?"
1,"Se cere cazier fiscal la înființarea unei asociații?"
1,"Cazierul fiscal se cere la prelungirea sau schimbarea sediului social?"
1,"Cât este valabil certificatul de cazier fiscal pentru persoană juridică?"
1,"Ce este cazierul fiscal al persoanei fizice?"
1,"Cine are cazier fiscal?"
1,"Ce fapte se înscriu în cazierul fiscal?"
1,"Când se șterg faptele din cazierul fiscal?"
1,"Cine eliberează cazierul fiscal pentru persoane fizice?"
1,"Cât costă cazierul fiscal?"
1,"Se poate scoate cazierul fiscal online?"
1,"Care este diferența dintre cazierul fiscal și certificatul de atestare fiscală?"
1,"Am nevoie de cazier fiscal ca să înființez o firmă?"
1,"Cazierul judiciar online este într-adevăr gratuit?"
1,"Ce îmi trebuie ca să scot cazierul gratuit prin ghiseul.ro?"
1,"Dar prin HUB MAI?"
1,"Pot obține gratuit online cazierul judiciar pentru firmă?"
1,"Sunt cetățean străin cu ședere în România. Pot folosi ruta gratuită online?"
1,"Locuiesc în străinătate. Merge ruta gratuită?"
1,"Certificatul electronic e valabil peste tot? Îl pot printa?"
1,"Cât este valabil certificatul de cazier judiciar?"
1,"Am antecedente. Îl primesc tot pe loc?"
1,"Pot obține ambele documente simultan?"
1,"Cât durează eliberarea certificatului online?"
1,"Se poate refuza eliberarea certificatului de integritate?"
1,"Certificatul are valabilitate internațională?"
1,"Este obligatoriu pentru voluntariat în România?"
1,"Ce diferență este între cazierul judiciar și certificatul de integritate comportamentală?"
1,"Cât sunt valabile cele două documente?"
1,"Trebuie să le depun din nou la fiecare 6 luni dacă sunt deja angajat?"
1,"Pot depune dosarul de titularizare sau suplinire fără certificatul de integritate?"
1,"Cum le obțin rapid dacă nu ajung la ghișeu?"
1,"Ce este un plan cadastral?"
1,"Ce conține planul cadastral?"
1,"Care e diferența dintre planul cadastral și releveu?"
1,"Ce este extrasul de plan cadastral pe ortofotoplan?"
1,"Cum obțin un plan cadastral online?"
1,"Plan cadastral și extras de carte funciară — am nevoie de amândouă?"
1,"Ce înseamnă releveu?"
1,"Ce este un releveu de apartament?"
1,"Cine face releveul?"
1,"Cât costă un releveu?"
1,"Care e diferența dintre releveu și planul cadastral?"
1,"Cum obțin o copie a releveului?"
1,"Câte tipuri de certificat constatator există?"
1,"Ce tip de certificat constatator îmi trebuie?"
1,"Cât costă certificatul constatator online?"
1,"Cât durează eliberarea certificatului constatator?"
1,"Ce este certificatul constatator cu istoric?"
1,"Cât costă certificatul constatator cu istoric?"
1,"Când am nevoie de istoric și când ajunge certificatul de bază?"
1,"Ce îmi trebuie ca să îl comand?"
1,"Cât costă certificatul constatator de bază?"
1,"Ce conține certificatul constatator de bază?"
1,"Ce valabilitate are certificatul constatator de bază?"
1,"E valabil certificatul electronic, fără ștampilă?"
1,"Pot obține certificat constatator de bază pentru orice firmă?"
1,"Ce este certificatul constatator pentru insolvență?"
1,"Unde se cere certificatul de insolvență?"
1,"Cât costă și cât durează?"
1,"Nu văd starea de insolvență și în certificatul de bază?"
1,"Pot verifica gratuit dacă o firmă e în insolvență?"
1,"Ce valabilitate are certificatul?"
1,"De ce îmi cere banca un certificat constatator?"
1,"Ce versiune de certificat constatator îmi trebuie pentru bancă?"
1,"De câte zile trebuie să fie certificatul ca să fie acceptat de bancă?"
1,"Banca îmi cere certificatul „în original”. PDF-ul e-semnat este valabil?"
1,"Pot obține certificatul constatator pentru bancă fără să merg la ONRC?"
1,"De ce îmi cere finanțatorul un certificat constatator?"
1,"Ce tip de certificat constatator îmi trebuie pentru fonduri europene?"
1,"Certificatul emis online este acceptat la dosarul de finanțare?"
1,"Cât costă un certificat constatator pentru un dosar APIA sau AFIR?"
1,"CAEN-ul din certificat trebuie să corespundă activității finanțate?"
1,"Certificatul constatator în format PDF este acceptat în SEAP/SICAP?"
1,"Cu cât timp înainte de licitație trebuie emis certificatul constatator?"
1,"Ce tip de certificat constatator îmi trebuie pentru o licitație?"
1,"Ce dovedește certificatul constatator în fața autorității contractante?"
1,"Cât durează să obțin certificatul constatator online?"
1,"Ce tip de certificat constatator îmi cere notarul?"
1,"Cât de vechi poate fi certificatul constatator acceptat de notar?"
1,"Certificatul constatator în PDF e-semnat este acceptat de notar?"
1,"Care este diferența dintre certificatul de bază și raportul istoric?"
1,"Pot obține certificatul constatator pentru notar fără să merg la ONRC?"
1,"Cum obții certificat constatator pentru PFA?"
1,"Cât costă certificatul constatator pentru PFA?"
1,"Ce conține certificatul constatator de persoană fizică?"
1,"Unde se cere certificatul constatator de PFA?"
1,"CNP-ul meu e obligatoriu? De ce nu merge cu CUI?"
1,"Cât durează și când pot comanda?"
1,"De ce am nevoie de certificat de celibat ca să mă căsătoresc în străinătate?"
1,"Cine pune apostila pe certificatul de celibat?"
1,"Cât este valabil certificatul de celibat pentru străinătate?"
1,"Ce diferență este între certificatul de celibat și certificatul de cutumă?"
1,"Pot obține certificatul de celibat dacă sunt deja plecat din țară?"
1,"Există cu adevărat un „certificat de celibat”?"
1,"Cine eliberează Anexa 9?"
1,"Cât costă certificatul de celibat (Anexa 9)?"
1,"Pot obține Anexa 9 online, fără să merg la ghișeu?"
1,"Pentru ce se folosește, în practică, certificatul de celibat?"
1,"Pot obține certificatul de naștere din străinătate fără să vin în România?"
1,"Care e diferența dintre duplicatul certificatului și extrasul multilingv?"
1,"În ce țări e valabil extrasul multilingv fără apostilă?"
1,"Locuiesc în Marea Britanie, SUA sau Canada. Merge extrasul multilingv?"
1,"Cum funcționează procura specială dacă nu sunt în țară?"
1,"Cât durează pe ruta consulară?"
1,"Certificatul vechi, cu coperta veche, mai e valabil?"
1,"Trebuie certificat de naștere pentru buletin?"
1,"Se poate face buletin fără certificat de naștere?"
1,"Se poate schimba buletinul fără certificat de naștere?"
1,"Buletin provizoriu fără certificat de naștere se poate?"
1,"Trebuie certificat de naștere pentru pașaport?"
1,"Se poate face pașaport fără certificat de naștere?"
1,"Trebuie certificat de naștere la pașaport pentru copil?"
1,"Trebuie certificat de naștere pentru botez?"
1,"Am pierdut și certificatul de naștere, și buletinul. De unde încep?"
1,"Eliberare certificat de naștere fără buletin se poate?"
1,"Am pierdut certificatul de naștere. Ce trebuie să fac?"
1,"În cât timp se eliberează un certificat de naștere pierdut?"
1,"Cât costă eliberarea unui duplicat de certificat de naștere?"
1,"Pot obține duplicatul dacă am pierdut și buletinul?"
1,"Pot solicita duplicatul din altă localitate decât cea în care m-am născut?"
1,"Cum aflu numărul de carte funciară?"
1,"Care e diferența dintre numărul cadastral și numărul de carte funciară?"
1,"Unde găsesc numărul cadastral într-un extras de carte funciară?"
1,"Cum localizez terenul pe hartă după numărul cadastral?"
1,"Am numărul cadastral, dar nu apare nimic pe geoportal. De ce?"
1,"Cât costă identificarea imobilului dacă nu am numărul de carte funciară?"
1,"Pot solicita un certificat de naștere online pentru copilul meu minor?"
1,"Certificatul de căsătorie digital poate fi folosit în străinătate?"
1,"Cum pot solicita certificatul de naștere prin eGhișeul?"
1,"Cum primesc suport dacă am întrebări sau probleme tehnice?"
1,"Noile certificate de stare civilă sunt valabile în toate țările?"
1,"La ce oră se publică cursul BNR?"
1,"De ce cursul de la bancă este diferit de cursul BNR?"
1,"Ce curs se folosește în weekend?"
1,"Cursul de pe această pagină este oficial și actualizat?"
1,"Cum obțin un duplicat al certificatului de căsătorie?"
1,"Cât durează eliberarea unui duplicat de certificat de căsătorie?"
1,"Cât costă duplicatul certificatului de căsătorie?"
1,"Pot obține duplicatul fără să fie prezenți ambii soți?"
1,"Mi-am schimbat numele după căsătorie. Am nevoie de duplicat?"
1,"De unde pot cere duplicatul certificatului de naștere?"
1,"În cât timp se eliberează duplicatul?"
1,"Cât costă un duplicat de certificat de naștere?"
1,"Ce acte îmi trebuie pentru duplicat?"
1,"Care e diferența dintre „duplicat\"" și „certificat pierdut\""?"
1,"Care este valabilitatea certificatului constatator?"
1,"Ce trebuie să fac în cazul în care informațiile din certificatul constatator sunt inexacte?"
1,"Pot solicita un certificat constatator online?"
1,"Cât timp durează obținerea certificatului constatator?"
1,"Care sunt costurile implicate în obținerea certificatului constatator?"
1,"Este gratuit extrasul de carte funciară?"
1,"Ce documente sunt gratuite prin MyTerra?"
1,"Cât durează să obții extrasul gratuit prin MyTerra?"
1,"Pot obține extrasul gratuit fără cont MyTerra?"
1,"Extrasul gratuit de informare e valabil la notar?"
1,"Pot scoate extrasul de carte funciară noaptea sau în weekend?"
1,"Ce este programul Casa Verde?"
1,"Ce înseamnă un Extras de Carte Funciară?"
1,"Cine poate să aplice pentru Casa Verde?"
1,"Cât este valabil un Extras de Carte Funciară?"
1,"Care sunt criteriile de eligibilitate pentru Programul Casa Verde?"
1,"Cine are nevoie de acest certificat?"
1,"Cât timp este valabil certificatul de integritate comportamentală?"
1,"Cum obțin certificatul online?"
1,"Cât durează obținerea unui cazier judiciar online?"
1,"Pot obține documente dacă sunt în străinătate?"
1,"Documentele obținute prin eGhișeul sunt legale și oficiale?"
1,"Cine procesează cererile și ce înseamnă „avocat colaborator\""?"
1,"Ce metode de plată acceptați?"
1,"Cum funcționează livrarea documentelor?"
1,"Ce fac dacă am nevoie de traducere legalizată?"
1,"Cât timp este valabil certificatul de cazier judiciar?"
1,"Este valabil cazierul judiciar românesc în străinătate?"
1,"Care este diferența dintre cazier judiciar și certificat de integritate?"
1,"Ce este extrasul de carte funciară și când am nevoie de el?"
1,"Ce este cazierul fiscal și cine are nevoie de el?"
1,"Pentru ce am nevoie de certificat de celibat?"
1,"Ce documente sunt necesare pentru a solicita documente online?"
1,"Ce este certificatul constatator și când este necesar?"
1,"Care este diferența dintre cazierul auto și cazierul judiciar?"
1,"Cât timp se păstrează faptele în cazierul auto?"
1,"Influențează cazierul auto prima de asigurare?"
1,"Pot solicita cazierul auto dacă am permisul suspendat?"
1,"Cât durează pentru titularii de permise străine?"
1,"În cât timp trebuie înregistrată nașterea copilului?"
1,"Unde se înregistrează nașterea?"
1,"Cât costă primul certificat de naștere al copilului?"
1,"Ce acte îmi trebuie ca să înregistrez nașterea?"
1,"Ce se întâmplă dacă am depășit termenul de 30 de zile?"
1,"Există un model PDF de certificat de căsătorie de descărcat?"
1,"Ce date conține certificatul de căsătorie?"
1,"Cum obțin un exemplar oficial dacă nu am certificatul?"
1,"Cât durează radierea unei firme?"
1,"Se poate radia o firmă cu datorii?"
1,"Ce acte trebuie pentru radiere?"
1,"Ce se întâmplă cu banii și bunurile rămase în firmă?"
1,"Care este rolul ONRC în economia României?"
1,"Ce proceduri implică înregistrarea unei societăți comerciale la ONRC?"
1,"Cum pot accesa serviciile ONRC?"
1,"Care sunt documentele necesare pentru obținerea unui certificat constatator de la ONRC?"
1,"Cât durează eliberarea unui certificat constatator?"
1,"Mai este valabil un certificat de naștere vechi?"
1,"Cum schimb un certificat de naștere vechi cu unul nou?"
1,"Trebuie să predau certificatul vechi?"
1,"Pot schimba certificatul vechi dacă locuiesc în altă localitate sau în străinătate?"
1,"Ce acte trebuie pentru schimbarea sediului social?"
1,"Cât durează schimbarea sediului la ONRC?"
1,"Trebuie să anunț ANAF după schimbarea sediului?"
1,"Ce se întâmplă dacă sediul social a expirat și nu îl prelungesc?"
1,"Ce presupune actualizarea adresei în cartea funciară?"
1,"Când am nevoie de această actualizare?"
1,"Ce acte sunt necesare?"
1,"Cât durează actualizarea adresei?"
1,"Cine poate cere actualizarea adresei?"
1,"Ce primesc la final?"
1,"Ce este cazierul auto?"
1,"Ce acte îmi trebuie pentru a comanda?"
1,"Cât durează să primesc cazierul auto?"
1,"Am permis emis în străinătate. Pot obține cazierul auto din România?"
1,"Care e diferența dintre cazierul auto și cazierul judiciar?"
1,"Care e diferența dintre cazierul auto și istoricul vehiculului?"
1,"Cât este valabil cazierul auto?"
1,"Îmi trebuie cazier auto pentru atestatul profesional?"
1,"Cât costă cazierul auto?"
1,"Cum primesc cazierul auto?"
1,"Trebuie să merg personal la Poliția Rutieră?"
1,"Pot vedea punctele mele de penalizare în cazierul auto?"
1,"Ce este cazierul fiscal?"
1,"Care este diferența dintre cazier fiscal și cazier judiciar?"
1,"Pot cere cazier fiscal pentru o firmă?"
1,"Cazierul fiscal este gratuit?"
1,"Care e diferența dintre cazierul fiscal și certificatul de atestare fiscală?"
1,"Pot obține cazierul fiscal fără cont SPV?"
1,"Unde se eliberează cazierul judiciar în Alba Iulia?"
1,"Pot obține cazierul din Alba Iulia fără să stau la coadă?"
1,"Unde se eliberează cazierul judiciar în Alexandria?"
1,"Pot obține cazierul din Alexandria fără deplasare?"
1,"Unde și când se eliberează cazierul judiciar în Arad?"
1,"Pot cere cazierul în Arad fără să mă deplasez?"
1,"Unde se eliberează cazierul judiciar în Bacău?"
1,"Pot cere cazierul în Bacău dacă lucrez în străinătate?"
1,"Unde se eliberează cazierul judiciar în Baia Mare?"
1,"Pot obține cazierul din Baia Mare pentru muncă în străinătate?"
1,"Unde obțin cazierul judiciar dacă locuiesc în Bârlad?"
1,"Pot obține cazierul din Bârlad fără drum la Vaslui?"
1,"Unde se eliberează cazierul judiciar în Bistrița?"
1,"Pot obține cazierul din Bistrița fără deplasare?"
1,"Unde se eliberează cazierul judiciar în Botoșani?"
1,"Pot obține cazierul din Botoșani fără să stau la coadă?"
1,"Unde se eliberează cazierul judiciar în Brăila?"
1,"Pot obține cazierul din Brăila fără deplasare?"
1,"Unde și când se eliberează cazierul judiciar în Brașov?"
1,"Pot obține cazierul în Brașov fără să stau la coadă?"
1,"Unde se eliberează cazierul judiciar în București?"
1,"Pot obține cazierul în București fără să merg la secția de poliție?"
1,"Unde se eliberează cazierul judiciar în Buzău?"
1,"Pot obține cazierul din Buzău fără să mă deplasez?"
1,"Unde se eliberează cazierul judiciar în Călărași?"
1,"Pot obține cazierul din Călărași fără să stau la coadă?"
1,"Unde se eliberează cazierul judiciar în Cluj-Napoca?"
1,"Pot obține cazierul din Cluj dacă lucrez în străinătate?"
1,"Care este adresa ghișeului de cazier judiciar în Constanța?"
1,"Am nevoie de cazier pentru îmbarcare pe navă — îl pot obține online din Constanța?"
1,"Unde se eliberează cazierul judiciar în Craiova?"
1,"Cât durează cazierul judiciar obținut online din Craiova?"
1,"Unde se eliberează cazierul judiciar în Deva?"
1,"Pot obține cazierul din Deva fără deplasare?"
1,"Unde se eliberează cazierul judiciar în Drobeta-Turnu Severin?"
1,"Pot obține cazierul fără să merg la ghișeu?"
1,"Unde se eliberează cazierul judiciar în Focșani?"
1,"Pot obține cazierul din Focșani fără să mă deplasez?"
1,"Unde se eliberează cazierul judiciar în Galați?"
1,"Cât durează cazierul obținut online din Galați?"
1,"Unde se eliberează cazierul judiciar în Giurgiu?"
1,"Sunt șofer profesionist — pot obține cazierul din Giurgiu online?"
1,"Unde se obține cazierul judiciar în Iași?"
1,"Pot cere cazierul în Iași pentru altcineva din familie?"
1,"Unde se eliberează cazierul judiciar pentru locuitorii din Ilfov?"
1,"Locuiesc în Ilfov — pot obține cazierul fără să merg până la ghișeu?"
1,"Unde obțin cazierul judiciar dacă locuiesc în Lugoj?"
1,"Pot obține cazierul din Lugoj fără drum la Timișoara?"
1,"Unde obțin cazierul judiciar dacă locuiesc în Mediaș?"
1,"Pot obține cazierul din Mediaș fără drum la Sibiu?"
1,"Unde se eliberează cazierul judiciar în Miercurea Ciuc?"
1,"Pot obține cazierul din Miercurea Ciuc fără deplasare?"
1,"Unde obțin cazierul judiciar dacă locuiesc în Onești?"
1,"Pot obține cazierul din Onești fără drum la Bacău?"
1,"Unde se eliberează cazierul judiciar în Oradea?"
1,"Pot obține cazierul din Oradea pentru a lucra în Ungaria sau UE?"
1,"Ce este Cazierul Judiciar?"
1,"Care e diferența dintre Cazier Judiciar și Cazier Fiscal?"
1,"De ce aveți nevoie de datele părinților?"
1,"Cât timp este valabil Cazierul Judiciar?"
1,"Pot cere cazier pentru altcineva?"
1,"Ce se întâmplă dacă am antecedente penale?"
1,"Ce este Cazierul Judiciar pentru Persoană Juridică?"
1,"Ce firmă poate solicita cazier judiciar?"
1,"Cum funcționează auto-completarea CUI?"
1,"Cine poate solicita cazierul pentru firmă?"
1,"Ce se întâmplă dacă firma are antecedente?"
1,"Este valabil pentru licitații SEAP?"
1,"Unde obțin cazierul judiciar în Piatra Neamț?"
1,"Pot obține cazierul din Piatra Neamț dacă sunt plecat din oraș?"
1,"Unde se eliberează cazierul judiciar în Pitești?"
1,"Am nevoie de cazier pentru angajare la Dacia — îl pot obține online?"
1,"Unde se eliberează cazierul judiciar în Ploiești?"
1,"Pot obține cazierul din Ploiești fără să stau la coadă?"
1,"Unde se eliberează cazierul judiciar în Râmnicu Vâlcea?"
1,"Pot obține cazierul din Râmnicu Vâlcea fără să mă deplasez?"
1,"Unde se eliberează cazierul judiciar în Reșița?"
1,"Pot obține cazierul din Reșița fără deplasare?"
1,"Unde obțin cazierul judiciar în Satu Mare?"
1,"Pot obține cazierul din Satu Mare pentru un loc de muncă în străinătate?"
1,"Unde obțin cazierul judiciar dacă locuiesc în Sebeș?"
1,"Pot obține cazierul din Sebeș fără drum la Alba Iulia?"
1,"Unde se eliberează cazierul judiciar în Sfântu Gheorghe?"
1,"Pot obține cazierul din Sfântu Gheorghe fără să mă deplasez?"
1,"Unde se obține cazierul judiciar în Sibiu?"
1,"Pot obține cazierul din Sibiu dacă sunt plecat în străinătate?"
1,"Unde se eliberează cazierul judiciar în Slatina?"
1,"Cât durează să obțin cazierul în Slatina prin eGhișeul.ro?"
1,"Unde se eliberează cazierul judiciar în Slobozia?"
1,"Pot obține cazierul din Slobozia fără deplasare?"
1,"Unde se eliberează cazierul judiciar în Suceava?"
1,"Pot obține cazierul din Suceava fără să mă deplasez?"
1,"Unde se eliberează cazierul judiciar în Târgoviște?"
1,"Pot obține cazierul din Târgoviște fără să stau la coadă?"
1,"Unde se eliberează cazierul judiciar în Târgu Jiu?"
1,"Care e programul cu publicul pentru cazier la IPJ Gorj?"
1,"Unde se eliberează cazierul judiciar în Târgu Mureș?"
1,"Pot cere cazierul în Târgu Mureș pentru angajare în sănătate?"
1,"Care este programul ghișeului de cazier judiciar în Timișoara?"
1,"Cât durează eliberarea cazierului în Timișoara?"
1,"Unde se eliberează cazierul judiciar în Tulcea?"
1,"Pot obține cazierul din Tulcea fără deplasare?"
1,"Unde obțin cazierul judiciar dacă locuiesc în Turda?"
1,"Pot evita drumul până la Cluj-Napoca pentru cazier?"
1,"Unde se eliberează cazierul judiciar în Vaslui?"
1,"Pot obține cazierul din Vaslui fără deplasare?"
1,"Unde se eliberează cazierul judiciar în Zalău?"
1,"Pot cere cazierul în Zalău pentru angajare la Michelin?"
1,"Cât durează obținerea cazierului judiciar online?"
1,"Care este prețul cazierului judiciar online în 2026?"
1,"Care este valabilitatea cazierului judiciar?"
1,"Ce documente sunt necesare pentru a obține cazierul judiciar prin eGhișeul.ro?"
1,"Pot obține cazier judiciar online dacă locuiesc în străinătate?"
1,"Trebuie să mă deplasez la Poliție sau la altă instituție?"
1,"Cazierul judiciar online este același document ca cel obținut la ghișeu?"
1,"Ce conține cazierul judiciar?"
1,"Pot obține cazier judiciar dacă am condamnări?"
1,"Pot folosi cazierul judiciar în străinătate?"
1,"Cum se face plata și cât de sigură este?"
1,"Pot anula sau obține restituire?"
1,"Care este diferența dintre cazier judiciar și certificat de integritate comportamentală?"
1,"Eliberez cazier pentru o firmă (persoană juridică) — ce ar trebui să știu?"
1,"Acceptați plata cu cardul firmei pentru o cerere personală?"
1,"Documentul se livrează doar pe email sau și pe hârtie?"
1,"Am pierdut sau am uitat să descarc documentul. Pot să-l descarc din nou?"
1,"Pot obține cazierul judiciar gratuit?"
1,"Cum se face eliberarea cazierului judiciar online?"
1,"Cât costă cazierul judiciar și unde se plătește taxa?"
1,"Pot obține certificatul constatator noaptea sau în weekend?"
1,"Ce tipuri de certificat constatator pot comanda?"
1,"Certificatul constatator este la zi?"
1,"Cum verific dacă o persoană este asociat sau administrator într-o firmă?"
1,"Cât costă un certificat constatator?"
1,"De unde obțin certificatul constatator?"
1,"Care e diferența dintre certificatul de bază și cel extins?"
1,"Ce e diferit la certificatul pentru fonduri IMM și la cel de insolvență?"
1,"Am PFA sau întreprindere individuală — ce certificat primesc?"
1,"E acceptat la bancă și la notar?"
1,"Se poate obține gratuit certificatul constatator?"
1,"Pot obține certificat pentru orice firmă?"
1,"Este valabil pentru licitații publice?"
1,"Cât este valabil certificatul constatator?"
1,"Când este obligatoriu?"
1,"Cât este valabil certificatul?"
1,"Pot obține certificatul de integritate comportamentală online, fără să merg la Poliție?"
1,"Certificatul de integritate comportamentală este gratuit?"
1,"Pot obține certificatul în Cluj, București sau alt oraș?"
1,"„Adeverința de integritate comportamentală” este același lucru cu certificatul?"
1,"Ce atestă certificatul privind deținerea de imobile?"
1,"Care e diferența dintre certificatul de deținere și cel de nedeținere?"
1,"Ce date îmi trebuie pentru a comanda?"
1,"Pe ce zonă se face verificarea?"
1,"Apar și imobilele neintabulate sau din cărți funciare vechi?"
1,"Cât costă?"
1,"La ce dosare este cerut?"
1,"Ce sunt sarcinile unui imobil?"
1,"Ce conține certificatul de sarcini?"
1,"Cât durează eliberarea certificatului de sarcini?"
1,"Cât costă certificatul de sarcini?"
1,"Certificatul de sarcini este valabil la notar și la bancă?"
1,"Cine poate cere un certificat de sarcini?"
1,"Ce este certificatul de urbanism?"
1,"Cât costă obținerea certificatului de urbanism prin eGhișeul?"
1,"Cât durează până primesc certificatul?"
1,"Cât timp este valabil certificatul de urbanism?"
1,"Certificatul de urbanism ține loc de autorizație de construire?"
1,"Care e diferența dintre certificatul pentru informare și cel pentru construire?"
1,"Este obligatoriu certificatul de urbanism la vânzarea unui teren?"
1,"Ce înseamnă POT și CUT?"
1,"Funcționează pentru orice localitate din România?"
1,"Ce documente pot obține din arhiva OCPI?"
1,"Ce este o copie certificată?"
1,"Cât costă copia din arhiva OCPI?"
1,"Nu știu exact ce piesă îmi trebuie. Cum procedez?"
1,"Pot folosi copia într-un dosar la instanță sau la notar?"
1,"Ce este copia cărții funciare in extenso?"
1,"Cu ce diferă de extrasul de carte funciară de informare?"
1,"Ce conțin părțile A, B și C ale cărții funciare?"
1,"Când am nevoie de copia in extenso?"
1,"Cine poate cere copia in extenso?"
1,"Cât costă copia cărții funciare in extenso?"
1,"Nu știu numărul cadastral sau de carte funciară. Ce fac?"
1,"Ce valabilitate are copia in extenso?"
1,"Ce conține copia contractului de vânzare-cumpărare?"
1,"Cine poate cere o copie a contractului?"
1,"Ce fac dacă nu sunt proprietarul imobilului?"
1,"Cât costă copia contractului?"
1,"Nu știu numărul de carte funciară sau cadastral. Ce fac?"
1,"Care este valabilitatea copiei contractului?"
1,"Ce este intabularea?"
1,"Ce conține copia de intabulare?"
1,"La ce îmi folosește copia de intabulare?"
1,"Cât costă copia de intabulare?"
1,"Este valabilă la notar și la bancă?"
1,"Ce este sistemul de proiecție Stereo 70?"
1,"Ce conține inventarul de coordonate?"
1,"Cui îi folosește inventarul de coordonate?"
1,"Cât costă copia inventarului de coordonate?"
1,"În ce format primesc inventarul de coordonate?"
1,"Ce este copia planului cadastral?"
1,"Ce conține documentul?"
1,"La ce îmi folosește?"
1,"Cât costă copia planului cadastral?"
1,"Cât timp este valabilă copia?"
1,"Ce este planul de încadrare în zonă?"
1,"La ce îmi folosește planul de încadrare?"
1,"Cât costă copia planului de încadrare?"
1,"În ce format primesc planul de încadrare?"
1,"Ce este releveul unui apartament?"
1,"Ce conține copia după releveu?"
1,"La ce folosește releveul la vânzarea unui apartament?"
1,"Am nevoie de releveu pentru creditul ipotecar?"
1,"Cu ce diferă releveul de planul cadastral?"
1,"Cât costă copia după releveu?"
1,"Nu știu numărul cadastral al apartamentului. Ce fac?"
1,"Am nevoie de cont ANCPI? În ce format primesc releveul?"
1,"Ce este certificatul de căsătorie?"
1,"Am pierdut certificatul de căsătorie. Ce fac?"
1,"Pot obține certificatul dintr-o altă localitate sau din străinătate?"
1,"Cât este valabil certificatul de căsătorie?"
1,"Cine poate cere un duplicat?"
1,"Ce este certificatul de căsătorie digital sau în format 2025?"
1,"Ce acte îmi trebuie pentru un duplicat de certificat de căsătorie?"
1,"Ce este certificatul de celibat?"
1,"Certificatul de celibat este același cu adeverința de celibat?"
1,"Pot folosi certificatul de celibat pentru căsătoria în străinătate?"
1,"Am nevoie de apostilă pe certificatul de celibat?"
1,"Cât durează eliberarea certificatului de celibat?"
1,"Cine poate cere certificatul de celibat?"
1,"Pot obține certificatul de celibat din altă localitate sau din diaspora?"
1,"Cât costă certificatul de celibat în România?"
1,"Ce este certificatul de naștere?"
1,"Cum obțin un certificat de naștere pierdut?"
1,"Pot obține certificatul din altă localitate sau din străinătate?"
1,"Cât timp este valabil certificatul de naștere?"
1,"Pot cere certificatul pentru altcineva?"
1,"Pot obține certificatul de naștere dintr-o altă localitate, fără să mă deplasez?"
1,"Sunt cetățean român plecat din țară — pot cere certificatul din diaspora?"
1,"Ce este extrasul de carte funciară colectivă?"
1,"Cu ce diferă de extrasul de carte funciară individuală?"
1,"Ce conține extrasul CF colectivă?"
1,"Ce sunt părțile comune și cotele indivize?"
1,"De ce am nevoie de extrasul colectiv la vânzarea apartamentului?"
1,"Cât costă extrasul CF colectivă?"
1,"Nu știu numărul CF colectivă. Ce fac?"
1,"Trebuie să merg la OCPI Alba?"
1,"Trebuie să merg la OCPI Arad?"
1,"Trebuie să merg la OCPI Argeș?"
1,"Imobilul e în Mioveni sau Ștefănești — pot cere extrasul online?"
1,"Unde depun cererea la OCPI Argeș dacă totuși vreau la ghișeu?"
1,"Trebuie să merg la OCPI Bacău?"
1,"Trebuie să merg la OCPI Bihor?"
1,"Pot obține extras pentru un apartament din Băile Felix?"
1,"Casele vechi din Bihor apar în cartea funciară?"
1,"Trebuie să merg la OCPI Bistrița-Năsăud?"
1,"Trebuie să merg la OCPI Botoșani?"
1,"Trebuie să merg la OCPI Brăila?"
1,"Trebuie să merg la OCPI Brașov?"
1,"Pot cere extras pentru o cabană din Râșnov sau un apartament din Predeal?"
1,"Imobilele vechi din Brașov au carte funciară?"
1,"Trebuie să merg la OCPI București?"
1,"Pot obține extras de carte funciară pentru orice sector din București?"
1,"Unde este sediul OCPI București?"
1,"Trebuie să merg la OCPI Buzău?"
1,"Trebuie să merg la OCPI Călărași?"
1,"Trebuie să merg la OCPI Caraș-Severin?"
1,"Trebuie să merg la OCPI Cluj?"
1,"Pot cere extras pentru un apartament din Florești sau Turda?"
1,"Trebuie să ajung la sediul OCPI Cluj de pe Alexandru Vaida Voevod?"
1,"Trebuie să merg la OCPI Constanța?"
1,"Pot obține extras pentru un apartament din Mamaia sau Năvodari?"
1,"Cumpăr un apartament de vacanță pe litoral. Ce verific în extras?"
1,"Trebuie să merg la OCPI Covasna?"
1,"Trebuie să merg la OCPI Dâmbovița?"
1,"Trebuie să merg la OCPI Dolj?"
1,"Imobilul e în Cârcea sau Podari — pot cere extrasul online?"
1,"Unde este OCPI Dolj și trebuie să ajung acolo?"
1,"Trebuie să merg la OCPI Galați?"
1,"Pot cere extras pentru un imobil din Tecuci sau Matca?"
1,"Unde este OCPI Galați?"
1,"Trebuie să merg la OCPI Giurgiu?"
1,"Trebuie să merg la OCPI Gorj?"
1,"Trebuie să merg la OCPI Harghita?"
1,"Trebuie să merg la OCPI Hunedoara?"
1,"Trebuie să merg la OCPI Ialomița?"
1,"Trebuie să merg la OCPI Iași?"
1,"Imobilul e în Miroslava sau Valea Lupului — merge online?"
1,"Unde este OCPI Iași și trebuie să ajung acolo?"
1,"Trebuie să merg la OCPI Ilfov?"
1,"Imobilul e în Popești-Leordeni, Bragadiru sau altă localitate din Ilfov — merge online?"
1,"De ce OCPI Ilfov are sediul în București?"
1,"Trebuie să merg la OCPI Maramureș?"
1,"Trebuie să merg la OCPI Mehedinți?"
1,"Trebuie să merg la OCPI Mureș?"
1,"Pot cere extras pentru un imobil din Sighișoara sau Reghin?"
1,"Ce program are OCPI Mureș dacă vreau totuși la ghișeu?"
1,"Trebuie să merg la OCPI Neamț?"
1,"Trebuie să merg la OCPI Olt?"
1,"Trebuie să merg la OCPI Prahova?"
1,"Pot cere extras pentru un apartament din Sinaia sau Bușteni?"
1,"Cumpăr o proprietate în Prahova, dar locuiesc în alt județ. Contează?"
1,"Trebuie să merg la OCPI Sălaj?"
1,"Trebuie să merg la OCPI Satu Mare?"
1,"Trebuie să merg la OCPI Sibiu?"
1,"Pot cere extras pentru un imobil din Șelimbăr sau Cisnădie?"
1,"Casele vechi din Sibiu au carte funciară?"
1,"Trebuie să merg la OCPI Suceava?"
1,"Pot obține extras pentru o pensiune din Gura Humorului sau Vatra Dornei?"
1,"Unde este OCPI Suceava?"
1,"Trebuie să merg la OCPI Teleorman?"
1,"Trebuie să merg la OCPI Timiș?"
1,"Imobilul e în Dumbrăvița sau Giroc — pot cere extrasul online?"
1,"Imobilele vechi din Timiș au carte funciară?"
1,"Trebuie să merg la OCPI Tulcea?"
1,"Trebuie să merg la OCPI Vâlcea?"
1,"Trebuie să merg la OCPI Vaslui?"
1,"Trebuie să merg la OCPI Vrancea?"
1,"Pot obține extrasul de carte funciară noaptea sau în weekend?"
1,"Ce este Extrasul de Carte Funciară?"
1,"Ce înseamnă extras de carte funciară?"
1,"De unde se scoate extrasul de carte funciară?"
1,"Cine poate scoate un extras de carte funciară?"
1,"Ce acte trebuie pentru extras de carte funciară?"
1,"Cât costă un extras de carte funciară?"
1,"Se poate obține gratuit extrasul de carte funciară?"
1,"Am nevoie de numărul cadastral?"
1,"Este necesar pentru vânzarea unui imobil?"
1,"Cum verific dacă ipoteca a fost radiată din cartea funciară?"
1,"Pentru reînnoirea cărții de identitate am nevoie de extras de carte funciară?"
1,"Ce este programul Casa Verde și ce extras îmi trebuie?"
1,"Extrasul de carte funciară se actualizează automat?"
1,"Pot verifica intabularea unui imobil online?"
1,"Care e diferența dintre extrasul gratuit de la ANCPI și cel de la eGhișeul?"
1,"Pot obține extrasul pentru un imobil din alt județ?"
1,"Extrasul de carte funciară este același lucru cu cadastrul?"
1,"Ce este extrasul multilingv de pe certificatul de căsătorie?"
1,"Pot comanda și certificatul de căsătorie împreună cu extrasul?"
1,"Ce este extrasul multilingv de pe certificatul de naștere?"
1,"Pot comanda și certificatul de naștere împreună cu extrasul?"
1,"Ce este extrasul de plan cadastral?"
1,"Cum localizez terenul după numărul cadastral?"
1,"Care e diferența între harta cadastrală online de pe geoportalul ANCPI și extrasul de plan cadastral?"
1,"Pot vedea cadastrul online pentru un imobil?"
1,"Cum verific dacă un teren este înscris în cadastru?"
1,"Cât costă planul cadastral?"
1,"Cum aflu numărul de carte funciară după adresă?"
1,"Pot localiza un teren după numărul cadastral?"
1,"Cum fac o verificare de cadastru online?"
1,"Cât costă identificarea imobilului?"
1,"Funcționează pentru apartamente?"
1,"Ce se întâmplă dacă imobilul nu poate fi identificat?"
1,"Pot identifica imobilul și după proprietar?"
1,"Cum căutați imobilele după numele proprietarului?"
1,"Ce date îmi trebuie pentru căutare?"
1,"Căutarea acoperă tot județul sau toată țara?"
1,"Pot căuta și o firmă (persoană juridică)?"
1,"Este legal? Cum respectați protecția datelor (GDPR)?"
1,"Ce este planul de amplasament și delimitare?"
1,"Ce conține planul de amplasament și delimitare?"
1,"Cât costă planul de amplasament și delimitare?"
1,"Planul este valabil pentru o autorizație de construire?"
1,"Pot folosi planul la vânzarea terenului?"
1,"Cum cumpăr rovinieta online?"
1,"Plata rovinietei online este sigură?"
1,"Cât durează până se activează rovinieta?"
1,"Ce categorie de rovinietă îmi trebuie?"
1,"Pot verifica dacă rovinieta este validă?"
1,"Ce risc dacă circul fără rovinietă validă?"
1,"Am primit SMS că am amendă de la Ministerul Transporturilor. E real?"
1,"Cum recunosc SMS-ul fals cu amendă?"
1,"Am dat click și am introdus datele cardului. Ce fac?"
1,"Cum verific dacă am cu adevărat o amendă de circulație?"
1,"Care e diferența dintre Ghișeul.ro și eGhișeul.ro?"
1,"Plata redusă a amenzii în 15 zile există cu adevărat?"
1,"Cât timp poate fi suspendată o firmă?"
1,"Ce obligații rămân în perioada de suspendare?"
1,"Se poate emite factură în timpul suspendării?"
1,"Cum se reia activitatea firmei?"
1,"Ce este pensia anticipată pentru femei?"
1,"Care sunt condițiile principale pentru pensia anticipată?"
1,"Cum citesc tabelul de pensionare anticipată?"
1,"Pot beneficia femeile de reduceri suplimentare ale vârstei de pensionare?"
1,"Ce se întâmplă cu pensia anticipată la împlinirea vârstei standard de pensionare?"
1,"Cât costă cazierul judiciar la ghișeu?"
1,"Atunci ce plătesc dacă îl cer online?"
1,"Pot obține cazier judiciar pentru altcineva?"
1,"Pot plăti cu cardul?"
1,"Cum verific rovinieta online?"
1,"Pot verifica rovinieta fără seria de șasiu?"
1,"Am fost prins fără rovinietă în România, ce fac?"
1,"Am nevoie de rovinietă pentru remorcă?"
1,"În ce monedă se plătește rovinieta în România?"
1,"De unde pot cumpăra fizic rovinieta în România?"
1,"Verificarea rovinietei este gratuită?"
1,"Ce este cartea funciară colectivă?"
1,"Care este diferența dintre un extras de carte funciară și un extras de carte funciară colectivă?"
1,"Ce fac dacă datele din extras nu sunt actualizate?"
1,"Când e nevoie de carte funciară colectivă?"
1,"De ce informații am nevoie pentru a scoate un extras de carte funciară colectivă?"
1,"Ce este transcrierea certificatului de căsătorie?"
1,"Este obligatorie transcrierea?"
1,"Ce acte îmi trebuie pentru transcriere?"
1,"Unde se depune cererea de transcriere?"
1,"Ce este transcrierea certificatului de naștere?"
1,"Am nevoie de apostilă pentru transcrierea certificatului de naștere?"
1,"Cât durează transcrierea certificatului de naștere?"
1,"De ce este obligatorie transcrierea?"
1,"Transcrierea certificatului de naștere este diferită de cea a căsătoriei?"
1,"Pot semna acum un antecontract ca să prind TVA de 9%?"
1,"Ce trebuie să se întâmple până pe 31 iulie 2026, mai exact?"
1,"Care sunt condițiile complete pentru cota de 9%?"
1,"Cât pierd concret dacă ratez termenul?"
1,"ANCPI e picat și notarul nu poate autentifica. Se prelungește termenul?"
1,"Am antecontract din iunie 2025 fără avans de 20%. Mai am dreptul la 9%?"
1,"Locuința costă 620.000 lei fără TVA. Se aplică 9% până la plafon și 21% peste?"
1,"Contează data actului autentic sau data înscrierii în cartea funciară?"
1,"Cine suportă diferența dacă dezvoltatorul întârzie livrarea?"
1,"Cum obțin extras de carte funciară cât timp e-Terra e picat?"
1,"De ce este valabil 6 luni în România, dar doar 90 de zile în străinătate?"
1,"De la ce dată se calculează valabilitatea?"
1,"Ce verific la autoritatea care îmi cere certificatul de celibat?"
1,"Pot obține certificatul de celibat din străinătate, fără să mă întorc în țară?"
1,"Se poate prelungi valabilitatea unui extras de carte funciară?"
1,"Ce se întâmplă dacă folosesc un extras de carte funciară expirat într-o tranzacție?"
1,"Cât timp este valabil un extras de carte funciară pentru informare?"
1,"Cum verific valabilitatea unui extras de carte funciară?"
1,"Se poate face verificare cazier fiscal online?"
1,"Ce conține cazierul fiscal?"
1,"Cum arată cazierul fiscal?"
1,"Cât este valabil un cazier fiscal?"
1,"Cazierul fiscal se folosește o singură dată?"
1,"Cum verific dacă un certificat de cazier fiscal este autentic?"
1,"Când se șterge o faptă din cazierul fiscal?"
1,"Pot verifica cazierul fiscal al unui partener de afaceri?"
1,"Cazierul fiscal arată dacă am datorii la ANAF?"
1,"Cum aflu cine este proprietarul unui imobil?"
1,"Pot afla proprietarul doar după adresă?"
1,"Este legal să verific cine e proprietarul unui imobil?"
1,"Cât costă să afli proprietarul unui imobil?"
1,"Terenul nu are carte funciară. Cum aflu al cui e?"
1,"Pot vedea toate proprietățile unei persoane?"
1,"Sistemele ANCPI sunt picate. Mai pot verifica proprietarul?"
