route,class,inSitemap,words,bodyWords,titleLen,descLen,ldTypes,firstCommit,dateSource,datePublishedDeclared,lastCommit,commits,indexable,title
/,homepage,true,2080,2626,54,181,Organization|ImageObject|PostalAddress|Country|ContactPoint|WebSite|WebPage|ItemList|ListItem|FAQPage|Question|Answer,2025-12-16,page.tsx add,,2026-06-23,11,,"eGhișeul.ro — Documente Online: Cazier, Carte Funciară"
/acte-necesare-casatorie,article/guide,true,1375,1720,71,223,Organization|PostalAddress|ContactPoint|WebSite|BreadcrumbList|ListItem|Article|WebPage|FAQPage|Question|Answer,2026-06-22,page.tsx add,2026-06-22,2026-06-22,1,,Acte Necesare Căsătorie: Dosarul Complet la Starea Civilă | eGhiseul.ro
/acte-necesare-certificat-de-nastere,article/guide,true,714,1059,77,134,Organization|PostalAddress|ContactPoint|WebSite|BreadcrumbList|ListItem|Article|WebPage|FAQPage|Question|Answer,2026-06-19,page.tsx add,2026-06-19,2026-08-07,7,,Acte Necesare Certificat de Naștere: Listă Completă pe Situații | eGhiseul.ro
/amenda-rovinieta-2025-tarife-plata-online-ghid-complet,article/guide,true,849,1194,72,183,Organization|PostalAddress|ContactPoint|WebSite|BreadcrumbList|ListItem|Article|WebPage|FAQPage|Question|Answer,2026-06-16,page.tsx add,2025-01-01,2026-07-31,5,,"Amendă Rovinietă 2026: Tarife, Plată Online și Contestație | eGhiseul.ro"
/ancpi-nu-functioneaza,article/guide,true,5827,6172,65,350,Organization|PostalAddress|ContactPoint|WebSite|BreadcrumbList|ListItem|Article|WebPage|FAQPage|Question|Answer,2026-07-15,page.tsx add,2026-07-15,2026-08-21,23,,ANCPI / Cadastru: ce funcționează azi — status live | eGhiseul.ro
/anii-lucrati-in-strainatate-se-pun-la-pensie-in-romania,article/guide,true,1049,1394,70,201,Organization|PostalAddress|ContactPoint|WebSite|BreadcrumbList|ListItem|Article|WebPage|FAQPage|Question|Answer,2026-06-16,page.tsx add,2024-01-01,2026-08-28,4,,Anii lucrați în străinătate se pun la pensie în România? | eGhiseul.ro
/apostila-de-la-haga-ghid-acte-obtinere,article/guide,true,1194,1539,89,194,Organization|PostalAddress|ContactPoint|WebSite|BreadcrumbList|ListItem|Article|WebPage|FAQPage|Question|Answer,2026-07-31,page.tsx add,2026-07-31,2026-07-31,2,,"Apostila de la Haga: pe ce acte se aplică, unde o obții și cât costă (2026) | eGhiseul.ro"
/blog,hub/index,true,1886,2231,54,173,,2026-06-16,page.tsx add,,2026-08-07,5,,Blog — Informații utile despre documente | eGhiseul.ro
/calculator,hub/index,true,521,866,61,145,,2026-06-21,page.tsx add,,2026-07-14,18,,Calculatoare Online Gratuite 2026 — eGhișeul.ro | eGhiseul.ro
/calculator/amenda-circulatie,calculator/tool,true,1472,1817,70,120,Organization|PostalAddress|ContactPoint|WebSite|BreadcrumbList|ListItem|WebApplication|Offer|WebPage|FAQPage|Question|Answer,2026-06-21,page.tsx add,,2026-06-22,6,,Calculator Amendă Circulație 2026 + Puncte de Penalizare | eGhiseul.ro
/calculator/calculator-data,calculator/tool,true,1459,1804,52,131,Organization|PostalAddress|ContactPoint|WebSite|BreadcrumbList|ListItem|WebApplication|Offer|WebPage|FAQPage|Question|Answer,2026-06-22,page.tsx add,,2026-06-22,3,,Calculator Dată — Adună sau Scade Zile | eGhiseul.ro
/calculator/calculator-impozit-auto,calculator/tool,true,1082,1427,59,126,Organization|PostalAddress|ContactPoint|WebSite|BreadcrumbList|ListItem|WebApplication|Offer|WebPage|FAQPage|Question|Answer,2026-06-21,page.tsx add,,2026-06-22,5,,Calculator Impozit Auto 2026 — Taxa pe Mașină | eGhiseul.ro
/calculator/calculator-indemnizatie-crestere-copil,calculator/tool,true,1820,2165,63,140,Organization|PostalAddress|ContactPoint|WebSite|BreadcrumbList|ListItem|WebApplication|Offer|WebPage|FAQPage|Question|Answer,2026-06-21,page.tsx add,,2026-07-31,7,,Calculator Indemnizație Creștere Copil 2026 (ICC) | eGhiseul.ro
/calculator/calculator-procente,calculator/tool,true,1481,1826,57,122,Organization|PostalAddress|ContactPoint|WebSite|BreadcrumbList|ListItem|WebApplication|Offer|WebPage|FAQPage|Question|Answer,2026-06-21,page.tsx add,,2026-06-23,7,,Calculator Procente Online — Cât e X% din Y | eGhiseul.ro
/calculator/cat-pot-construi,calculator/tool,true,1363,1708,62,169,Organization|PostalAddress|ContactPoint|WebSite|BreadcrumbList|ListItem|WebApplication|Offer|WebPage|FAQPage|Question|Answer,2026-07-14,page.tsx add,,2026-07-14,2,,Cât Pot Construi pe Teren? Calculator POT și CUT | eGhiseul.ro
/calculator/concediu-maternitate,calculator/tool,true,1335,1680,65,150,Organization|PostalAddress|ContactPoint|WebSite|BreadcrumbList|ListItem|WebApplication|Offer|WebPage|FAQPage|Question|Answer,2026-06-22,page.tsx add,,2026-06-22,3,,Calculator Concediu Maternitate 2026 — Indemnizație | eGhiseul.ro
/calculator/concediu-medical,calculator/tool,true,1534,1879,61,117,Organization|PostalAddress|ContactPoint|WebSite|BreadcrumbList|ListItem|WebApplication|Offer|WebPage|FAQPage|Question|Answer,2026-06-21,page.tsx add,,2026-06-22,6,,Calculator Concediu Medical 2026 — Indemnizație | eGhiseul.ro
/calculator/concediu-paternal,calculator/tool,true,1336,1681,47,146,Organization|PostalAddress|ContactPoint|WebSite|BreadcrumbList|ListItem|WebApplication|Offer|WebPage|FAQPage|Question|Answer,2026-06-22,page.tsx add,,2026-06-22,3,,Calculator Concediu Paternal 2026 | eGhiseul.ro
/calculator/contributii-pfa,calculator/tool,true,1550,1895,66,125,Organization|PostalAddress|ContactPoint|WebSite|BreadcrumbList|ListItem|WebApplication|Offer|WebPage|FAQPage|Question|Answer,2026-06-21,page.tsx add,,2026-06-22,6,,"Calculator Contribuții PFA 2026 (CAS, CASS, Impozit) | eGhiseul.ro"
/calculator/cost-cadastru-intabulare,calculator/tool,true,1462,1807,65,188,Organization|PostalAddress|ContactPoint|WebSite|BreadcrumbList|ListItem|WebApplication|Offer|WebPage|FAQPage|Question|Answer,2026-07-14,page.tsx add,,2026-07-14,1,,Cât Costă Cadastrul și Intabularea? Calculator 2026 | eGhiseul.ro
/calculator/credit-ipotecar,calculator/tool,true,1265,1610,59,146,Organization|PostalAddress|ContactPoint|WebSite|BreadcrumbList|ListItem|WebApplication|Offer|WebPage|FAQPage|Question|Answer,2026-06-22,page.tsx add,,2026-06-22,3,,Calculator Credit Ipotecar 2026 — Rata Lunară | eGhiseul.ro
/calculator/diurna,calculator/tool,true,1287,1632,67,139,Organization|PostalAddress|ContactPoint|WebSite|BreadcrumbList|ListItem|WebApplication|Offer|WebPage|FAQPage|Question|Answer,2026-06-22,page.tsx add,,2026-06-22,4,,Calculator Diurnă 2026 — Plafon Neimpozabil Delegație | eGhiseul.ro
/calculator/dividende,calculator/tool,true,1379,1724,61,146,Organization|PostalAddress|ContactPoint|WebSite|BreadcrumbList|ListItem|WebApplication|Offer|WebPage|FAQPage|Question|Answer,2026-06-22,page.tsx add,,2026-06-22,4,,Calculator Dividende 2026 — Impozit 16% și CASS | eGhiseul.ro
/calculator/dobanda-legala,calculator/tool,true,1245,1590,60,131,Organization|PostalAddress|ContactPoint|WebSite|BreadcrumbList|ListItem|WebApplication|Offer|WebPage|FAQPage|Question|Answer,2026-06-22,page.tsx add,,2026-06-22,3,,Calculator Dobândă Legală 2026 (Penalizatoare) | eGhiseul.ro
/calculator/estimare-pensie,calculator/tool,true,1171,1516,65,168,Organization|PostalAddress|ContactPoint|WebSite|BreadcrumbList|ListItem|WebApplication|Offer|WebPage|FAQPage|Question|Answer,2026-06-22,page.tsx add,,2026-06-22,3,,Calculator Estimare Pensie 2026 — Puncte și Cuantum | eGhiseul.ro
/calculator/grad-indatorare,calculator/tool,true,1469,1814,54,147,Organization|PostalAddress|ContactPoint|WebSite|BreadcrumbList|ListItem|WebApplication|Offer|WebPage|FAQPage|Question|Answer,2026-06-22,page.tsx add,,2026-06-23,4,,Calculator Grad de Îndatorare (DTI) 2026 | eGhiseul.ro
/calculator/impozit-casa,calculator/tool,true,1420,1765,55,139,Organization|PostalAddress|ContactPoint|WebSite|BreadcrumbList|ListItem|WebApplication|Offer|WebPage|FAQPage|Question|Answer,2026-06-22,page.tsx add,,2026-06-22,5,,Calculator Impozit pe Casă (Clădiri) 2026 | eGhiseul.ro
/calculator/impozit-chirie,calculator/tool,true,1299,1644,73,126,Organization|PostalAddress|ContactPoint|WebSite|BreadcrumbList|ListItem|WebApplication|Offer|WebPage|FAQPage|Question|Answer,2026-06-21,page.tsx add,,2026-06-22,6,,Calculator Impozit pe Chirie 2026 — Venituri din Închiriere | eGhiseul.ro
/calculator/impozit-pensie,calculator/tool,true,1474,1819,61,137,Organization|PostalAddress|ContactPoint|WebSite|BreadcrumbList|ListItem|WebApplication|Offer|WebPage|FAQPage|Question|Answer,2026-06-22,page.tsx add,,2026-06-22,4,,Calculator Impozit pe Pensie 2026 — Pensie Netă | eGhiseul.ro
/calculator/indemnizatie-somaj,calculator/tool,true,1337,1682,51,112,Organization|PostalAddress|ContactPoint|WebSite|BreadcrumbList|ListItem|WebApplication|Offer|WebPage|FAQPage|Question|Answer,2026-06-21,page.tsx add,,2026-06-22,6,,Calculator Indemnizație de Șomaj 2026 | eGhiseul.ro
/calculator/inflatie,calculator/tool,true,1473,1818,66,155,Organization|PostalAddress|ContactPoint|WebSite|BreadcrumbList|ListItem|WebApplication|Offer|WebPage|FAQPage|Question|Answer,2026-06-22,page.tsx add,,2026-06-22,4,,Calculator Inflație — Puterea de Cumpărare a Banilor | eGhiseul.ro
/calculator/jugar-stanjen-in-mp,calculator/tool,true,1372,1717,82,176,Organization|PostalAddress|ContactPoint|WebSite|BreadcrumbList|ListItem|WebApplication|Offer|WebPage|FAQPage|Question|Answer,2026-07-14,page.tsx add,,2026-07-14,1,,Convertor Jugăr și Stânjen în Metri Pătrați — Unități Vechi de Teren | eGhiseul.ro
/calculator/penalitati-anaf,calculator/tool,true,1568,1913,73,125,Organization|PostalAddress|ContactPoint|WebSite|BreadcrumbList|ListItem|WebApplication|Offer|WebPage|FAQPage|Question|Answer,2026-06-21,page.tsx add,,2026-06-22,6,,Calculator Penalități și Dobânzi ANAF — Întârziere la Plată | eGhiseul.ro
/calculator/pensie-alimentara,calculator/tool,true,1214,1559,73,156,Organization|PostalAddress|ContactPoint|WebSite|BreadcrumbList|ListItem|WebApplication|Offer|WebPage|FAQPage|Question|Answer,2026-06-22,page.tsx add,,2026-06-22,3,,Calculator Pensie Alimentară 2026 — Cât Trebuie să Plătești | eGhiseul.ro
/calculator/pensie-invaliditate,calculator/tool,true,1224,1569,70,161,Organization|PostalAddress|ContactPoint|WebSite|BreadcrumbList|ListItem|WebApplication|Offer|WebPage|FAQPage|Question|Answer,2026-06-22,page.tsx add,,2026-06-22,4,,"Calculator Pensie Invaliditate 2026 — Gradele I, II, III | eGhiseul.ro"
/calculator/rambursare-anticipata,calculator/tool,true,997,1342,75,157,Organization|PostalAddress|ContactPoint|WebSite|BreadcrumbList|ListItem|WebApplication|Offer|WebPage|FAQPage|Question|Answer,2026-06-22,page.tsx add,,2026-06-22,4,,Calculator Rambursare Anticipată Credit — Dobândă Economisită | eGhiseul.ro
/calculator/reabilitare,calculator/tool,true,1353,1698,72,136,Organization|PostalAddress|ContactPoint|WebSite|BreadcrumbList|ListItem|WebApplication|Offer|WebPage|FAQPage|Question|Answer,2026-06-21,page.tsx add,,2026-06-22,6,,Calculator Reabilitare Cazier — Când se Șterge Condamnarea | eGhiseul.ro
/calculator/salariu,calculator/tool,true,1035,1380,74,126,Organization|PostalAddress|ContactPoint|WebSite|BreadcrumbList|ListItem|WebApplication|Offer|WebPage|FAQPage|Question|Answer,2026-06-21,page.tsx add,,2026-07-13,7,,"Calculator Salariu Net 2026 — Brut în Net și Invers, Gratuit | eGhiseul.ro"
/calculator/spor-salarial,calculator/tool,true,1307,1652,61,148,Organization|PostalAddress|ContactPoint|WebSite|BreadcrumbList|ListItem|WebApplication|Offer|WebPage|FAQPage|Question|Answer,2026-06-22,page.tsx add,,2026-06-22,3,,Calculator Spor Noapte și Ore Suplimentare 2026 | eGhiseul.ro
/calculator/taxa-judiciara-de-timbru,calculator/tool,true,1451,1796,68,126,Organization|PostalAddress|ContactPoint|WebSite|BreadcrumbList|ListItem|WebApplication|Offer|WebPage|FAQPage|Question|Answer,2026-06-21,page.tsx add,,2026-06-22,6,,Calculator Taxă Judiciară de Timbru 2026 (OUG 80/2013) | eGhiseul.ro
/calculator/taxe-notariale,calculator/tool,true,1376,1721,75,157,Organization|PostalAddress|ContactPoint|WebSite|BreadcrumbList|ListItem|WebApplication|Offer|WebPage|FAQPage|Question|Answer,2026-06-22,page.tsx add,,2026-06-22,4,,"Calculator Taxe Notariale 2026 — Vânzare, Donație, Succesiune | eGhiseul.ro"
/calculator/taxe-srl,calculator/tool,true,1072,1417,68,148,Organization|PostalAddress|ContactPoint|WebSite|BreadcrumbList|ListItem|WebApplication|Offer|WebPage|FAQPage|Question|Answer,2026-06-22,page.tsx add,,2026-06-22,3,,"Calculator Taxe SRL 2026 — Micro 1%, Profit, Dividende | eGhiseul.ro"
/calculator/termene-judiciare,calculator/tool,true,1297,1642,72,166,Organization|PostalAddress|ContactPoint|WebSite|BreadcrumbList|ListItem|WebApplication|Offer|WebPage|FAQPage|Question|Answer,2026-06-22,page.tsx add,,2026-07-13,4,,"Calculator Termene Judiciare 2026 — Exact, Gratuit, pe Loc | eGhiseul.ro"
/calculator/tva,calculator/tool,true,1382,1727,70,115,Organization|PostalAddress|ContactPoint|WebSite|BreadcrumbList|ListItem|WebApplication|Offer|WebPage|FAQPage|Question|Answer,2026-06-21,page.tsx add,,2026-06-22,7,,"Calculator TVA 2026 — Adaugă sau Scoate TVA 21%, Gratuit | eGhiseul.ro"
/calculator/valabilitate-documente,calculator/tool,true,766,1111,98,224,Organization|PostalAddress|ContactPoint|WebSite|BreadcrumbList|ListItem|WebApplication|Offer|WebPage|FAQPage|Question|Answer,2026-07-14,page.tsx add,,2026-07-14,1,,"Mai E Valabil Documentul Meu? Verificare Valabilitate Cazier, Extras CF, Constatator | eGhiseul.ro"
/calculator/varsta-pensionare,calculator/tool,true,1222,1567,71,133,Organization|PostalAddress|ContactPoint|WebSite|BreadcrumbList|ListItem|WebApplication|Offer|WebPage|FAQPage|Question|Answer,2026-06-22,page.tsx add,,2026-06-22,3,,Calculator Vârstă de Pensionare 2026 — Când Ies la Pensie | eGhiseul.ro
/calculator/vechime-in-munca,calculator/tool,true,1325,1670,59,106,Organization|PostalAddress|ContactPoint|WebSite|BreadcrumbList|ListItem|WebApplication|Offer|WebPage|FAQPage|Question|Answer,2026-06-21,page.tsx add,,2026-06-22,6,,"Calculator Vechime în Muncă — Ani, Luni, Zile | eGhiseul.ro"
/calculator/zile-concediu-odihna,calculator/tool,true,1344,1689,63,116,Organization|PostalAddress|ContactPoint|WebSite|BreadcrumbList|ListItem|WebApplication|Offer|WebPage|FAQPage|Question|Answer,2026-06-21,page.tsx add,,2026-06-22,6,,Calculator Zile Concediu de Odihnă — Proporțional | eGhiseul.ro
/calculator/zile-lucratoare,calculator/tool,true,1203,1548,45,148,Organization|PostalAddress|ContactPoint|WebSite|BreadcrumbList|ListItem|WebApplication|Offer|WebPage|FAQPage|Question|Answer,2026-06-22,page.tsx add,,2026-06-22,3,,Calculator Zile Lucrătoare 2026 | eGhiseul.ro
/cat-costa-cadastrul-si-intabularea,article/guide,true,1577,1922,87,207,Organization|PostalAddress|ContactPoint|WebSite|BreadcrumbList|ListItem|Article|WebPage|FAQPage|Question|Answer,2026-07-14,page.tsx add,2026-07-14,2026-07-20,3,,Cât Costă Cadastrul și Intabularea în 2026? Prețuri reale + acte necesare | eGhiseul.ro
/cat-poti-construi-pe-teren,article/guide,true,1309,1654,75,211,Organization|PostalAddress|ContactPoint|WebSite|BreadcrumbList|ListItem|Article|WebPage|FAQPage|Question|Answer,2026-07-14,page.tsx add,2026-07-14,2026-07-14,3,,Cât Poți Construi pe Terenul Tău? POT și CUT explicate simplu | eGhiseul.ro
/cazier-fiscal-fara-spv,article/guide,true,1946,2291,76,217,Organization|PostalAddress|ContactPoint|WebSite|BreadcrumbList|ListItem|Article|WebPage|FAQPage|Question|Answer,2026-08-07,page.tsx add,2026-08-07,2026-08-07,2,,Cazier fiscal din SPV: cum îl ceri online și ce faci fără cont | eGhiseul.ro
/cazier-fiscal-firma,article/guide,true,1982,2327,74,271,Organization|PostalAddress|ContactPoint|WebSite|BreadcrumbList|ListItem|Article|WebPage|FAQPage|Question|Answer,2026-08-07,page.tsx add,2026-08-07,2026-08-07,2,,Cazier fiscal pentru firmă: când se cere și cine îl semnează | eGhiseul.ro
/cazier-fiscal-persoana-fizica,article/guide,true,1575,1920,96,209,Organization|PostalAddress|ContactPoint|WebSite|BreadcrumbList|ListItem|Article|WebPage|FAQPage|Question|Answer,2026-08-07,page.tsx add,2026-08-07,2026-08-07,5,,"Cazier fiscal pentru persoană fizică: ce este, cine îl cere și cum îl obții (2026) | eGhiseul.ro"
/cazier-judiciar-online-gratuit,article/guide,true,1513,1858,80,321,Organization|PostalAddress|ContactPoint|WebSite|BreadcrumbList|ListItem|Article|WebPage|FAQPage|Question|Answer,2026-07-26,page.tsx add,2026-07-26,2026-07-31,2,,"Cazier judiciar gratuit online — ghiseul.ro și HUB MAI, pas cu pas | eGhiseul.ro"
/cazier-judiciar-vs-certificat-integritate-comportamentala,article/guide,true,1414,1759,74,219,Organization|PostalAddress|ContactPoint|WebSite|BreadcrumbList|ListItem|Article|WebPage|FAQPage|Question|Answer,2026-06-16,page.tsx add,2024-01-01,2026-06-23,5,,Cazier Judiciar vs Certificat de Integritate Comportamentală | eGhiseul.ro
/cazier-si-certificat-de-integritate-pentru-profesori,article/guide,true,1335,1680,73,214,Organization|PostalAddress|ContactPoint|WebSite|BreadcrumbList|ListItem|Article|WebPage|FAQPage|Question|Answer,2026-07-29,page.tsx add,2026-07-29,2026-07-29,4,,Cazier și Certificat de Integritate pentru Profesori (Ghid) | eGhiseul.ro
/ce-este-planul-cadastral,article/guide,true,626,971,82,178,Organization|PostalAddress|ContactPoint|WebSite|BreadcrumbList|ListItem|Article|WebPage|FAQPage|Question|Answer,2026-06-25,page.tsx add,2026-06-25,2026-06-25,2,,Ce este planul cadastral (și diferența față de releveu și extras CF) | eGhiseul.ro
/ce-este-un-releveu,article/guide,true,704,1049,67,192,Organization|PostalAddress|ContactPoint|WebSite|BreadcrumbList|ListItem|Article|WebPage|FAQPage|Question|Answer,2026-06-25,page.tsx add,2026-06-25,2026-06-25,2,,"Ce este un releveu și cum îl obții (apartament, casă) | eGhiseul.ro"
/cele-4-tipuri-de-certificat-constatator-online,article/guide,true,1269,1614,72,257,Organization|PostalAddress|ContactPoint|WebSite|BreadcrumbList|ListItem|Article|WebPage|FAQPage|Question|Answer,2026-06-16,page.tsx add,2024-01-01,2026-08-28,13,,Tipurile de certificat constatator online: ghid actualizat | eGhiseul.ro
/certificat-constatator-cu-istoric,article/guide,true,810,1155,79,198,Organization|PostalAddress|ContactPoint|WebSite|BreadcrumbList|ListItem|Article|WebPage|FAQPage|Question|Answer,2026-07-13,page.tsx add,2026-07-13,2026-08-28,3,,"Certificat constatator cu istoric: ce conține, preț, cum îl obții | eGhiseul.ro"
/certificat-constatator-de-baza,article/guide,true,989,1334,86,205,Organization|PostalAddress|ContactPoint|WebSite|BreadcrumbList|ListItem|Article|WebPage|FAQPage|Question|Answer,2026-07-17,page.tsx add,2026-07-17,2026-08-28,3,,"Certificat constatator de bază: preț, ce conține, cum îl obții în minute | eGhiseul.ro"
/certificat-constatator-insolventa,article/guide,true,889,1234,80,221,Organization|PostalAddress|ContactPoint|WebSite|BreadcrumbList|ListItem|Article|WebPage|FAQPage|Question|Answer,2026-07-17,page.tsx add,2026-07-17,2026-09-02,4,,Certificat constatator pentru insolvență: preț și eliberare online | eGhiseul.ro
/certificat-constatator-pentru-banca,article/guide,true,1533,1878,80,174,Organization|PostalAddress|ContactPoint|WebSite|BreadcrumbList|ListItem|Article|WebPage|FAQPage|Question|Answer,2026-06-22,page.tsx add,2026-06-22,2026-08-07,3,,Certificat Constatator pentru Bancă: De Ce Îl Cere și Cum Îl Obții | eGhiseul.ro
/certificat-constatator-pentru-fonduri-europene,article/guide,true,1391,1736,82,155,Organization|PostalAddress|ContactPoint|WebSite|BreadcrumbList|ListItem|Article|WebPage|FAQPage|Question|Answer,2026-06-22,page.tsx add,2026-06-22,2026-06-23,2,,Certificat Constatator pentru Fonduri Europene și APIA: Ghid Complet | eGhiseul.ro
/certificat-constatator-pentru-licitatie,article/guide,true,1248,1593,80,185,Organization|PostalAddress|ContactPoint|WebSite|BreadcrumbList|ListItem|Article|WebPage|FAQPage|Question|Answer,2026-06-22,page.tsx add,2026-06-22,2026-06-23,3,,Certificat Constatator pentru Licitație (SEAP/SICAP): Ghid Complet | eGhiseul.ro
/certificat-constatator-pentru-notar,article/guide,true,1420,1765,82,184,Organization|PostalAddress|ContactPoint|WebSite|BreadcrumbList|ListItem|Article|WebPage|FAQPage|Question|Answer,2026-06-22,page.tsx add,2026-06-22,2026-06-23,3,,Certificat Constatator pentru Notar: Ce Tip Îți Cere și Cum Îl Obții | eGhiseul.ro
/certificat-constatator-pfa,article/guide,true,863,1208,79,199,Organization|PostalAddress|ContactPoint|WebSite|BreadcrumbList|ListItem|Article|WebPage|FAQPage|Question|Answer,2026-07-17,page.tsx add,2026-07-17,2026-08-28,3,,"Certificat constatator PFA: cum îl obții online, preț, ce conține | eGhiseul.ro"
/certificat-de-celibat,article/guide,true,1455,1800,70,170,Organization|PostalAddress|ContactPoint|WebSite|BreadcrumbList|ListItem|Article|WebPage|FAQPage|Question|Answer,2026-06-22,page.tsx add,2026-06-22,2026-08-07,4,,Certificat de Celibat (Anexa 9): Ce Este și Cum Îl Obții | eGhiseul.ro
/certificat-de-celibat-pentru-casatorie-in-strainatate,article/guide,true,1574,1919,90,164,Organization|PostalAddress|ContactPoint|WebSite|BreadcrumbList|ListItem|Article|WebPage|FAQPage|Question|Answer,2026-06-22,page.tsx add,2026-06-22,2026-07-31,3,,Certificat de Celibat pentru Căsătorie în Străinătate: Apostilă și Traducere | eGhiseul.ro
/certificat-de-nastere-din-strainatate,article/guide,true,1382,1727,86,224,Organization|PostalAddress|ContactPoint|WebSite|BreadcrumbList|ListItem|Article|WebPage|FAQPage|Question|Answer,2026-07-26,page.tsx add,2026-07-26,2026-07-31,2,,Certificat de naștere din străinătate — cum îl obții fără să vii în țară | eGhiseul.ro
/certificat-de-nastere-pentru-buletin-pasaport,article/guide,true,2293,2638,77,216,Organization|PostalAddress|ContactPoint|WebSite|BreadcrumbList|ListItem|Article|WebPage|FAQPage|Question|Answer,2026-08-07,page.tsx add,2026-08-07,2026-08-07,2,,Certificat de naștere pentru buletin sau pașaport: când se cere | eGhiseul.ro
/certificat-de-nastere-pierdut,article/guide,true,1277,1622,76,149,Organization|PostalAddress|ContactPoint|WebSite|BreadcrumbList|ListItem|Article|WebPage|FAQPage|Question|Answer,2026-06-19,page.tsx add,2026-06-19,2026-08-07,8,,Certificat de Naștere Pierdut: Ce Faci și Cum Obții Duplicatul | eGhiseul.ro
/contact,legal/trust,true,207,552,35,166,Organization|PostalAddress|ContactPoint|WebSite|BreadcrumbList|ListItem|ContactPage,2026-06-22,page.tsx add,,2026-07-28,4,,Contact — eGhișeul.ro | eGhiseul.ro
/cum-aflam-numarul-carte-functionara-si-nr-cadastral,article/guide,true,1585,1930,99,201,Organization|PostalAddress|ContactPoint|WebSite|BreadcrumbList|ListItem|Article|WebPage|FAQPage|Question|Answer,2026-06-16,page.tsx add,2023-12-01,2026-08-07,11,,Numărul cadastral și numărul de carte funciară: cum le afli și cum localizezi terenul | eGhiseul.ro
/cum-vor-arata-documentele-de-stare-civila-2025,article/guide,true,1005,1350,66,198,Organization|PostalAddress|ContactPoint|WebSite|BreadcrumbList|ListItem|Article|WebPage|FAQPage|Question|Answer,2026-06-16,page.tsx add,2025-01-01,2026-06-16,3,,Cum Vor Arăta Noile Documente de Stare Civilă (2025) | eGhiseul.ro
/curs-valutar,calculator/tool,true,487,832,76,164,FAQPage|Question|Answer,2026-06-22,page.tsx add,,2026-06-22,2,,"Curs Valutar BNR Azi — Euro, Dolar, Liră (Convertor + Grafice) | eGhiseul.ro"
/duplicat-certificat-de-casatorie,article/guide,true,1363,1708,74,173,Organization|PostalAddress|ContactPoint|WebSite|BreadcrumbList|ListItem|Article|WebPage|FAQPage|Question|Answer,2026-06-22,page.tsx add,2026-06-22,2026-06-22,1,,"Duplicat Certificat de Căsătorie: Acte, Cost și Cum Îl Obții | eGhiseul.ro"
/duplicat-certificat-de-nastere,article/guide,true,1348,1693,79,175,Organization|PostalAddress|ContactPoint|WebSite|BreadcrumbList|ListItem|Article|WebPage|FAQPage|Question|Answer,2026-06-22,page.tsx add,2026-06-22,2026-08-07,2,,Duplicat Certificat de Naștere: Cum Îl Obții de la Orice Primărie | eGhiseul.ro
/eliberare-certificat-constatator-onrc-ghid,article/guide,true,848,1193,71,195,Organization|PostalAddress|ContactPoint|WebSite|BreadcrumbList|ListItem|Article|WebPage|FAQPage|Question|Answer,2026-06-16,page.tsx add,2024-01-01,2026-06-22,4,,Eliberare Certificat Constatator de la ONRC: Ghid Complet | eGhiseul.ro
/extras-carte-funciara-gratuit,article/guide,true,1127,1472,75,206,Organization|PostalAddress|ContactPoint|WebSite|BreadcrumbList|ListItem|Article|WebPage|FAQPage|Question|Answer,2026-07-13,page.tsx add,2026-07-13,2026-08-07,4,,Extras de Carte Funciară Gratuit prin MyTerra — Ghid + Limite | eGhiseul.ro
/extras-de-carte-funciara-pentru-casa-verde,article/guide,true,1114,1459,76,227,Organization|PostalAddress|ContactPoint|WebSite|BreadcrumbList|ListItem|Article|WebPage|FAQPage|Question|Answer,2026-06-16,page.tsx add,2024-01-01,2026-06-23,5,,Extras de Carte Funciară pentru Casa Verde 2024 – Ghid Complet | eGhiseul.ro
/gdpr,legal/trust,true,213,558,38,98,BreadcrumbList|ListItem,2026-06-16,page.tsx add,,2026-06-27,3,,GDPR — Protecția Datelor | eGhiseul.ro
/ghid-complet-certificat-de-integritate-comportamentala,article/guide,true,685,1030,69,209,Organization|PostalAddress|ContactPoint|WebSite|BreadcrumbList|ListItem|Article|WebPage|FAQPage|Question|Answer,2026-06-16,page.tsx add,2024-01-01,2026-07-29,5,,Certificat de Integritate Comportamentală: Ghid Complet | eGhiseul.ro
/informatii-cazier-auto-online,article/guide,true,780,1125,56,183,Organization|PostalAddress|ContactPoint|WebSite|BreadcrumbList|ListItem|Article|WebPage|FAQPage|Question|Answer,2026-06-16,page.tsx add,2024-01-01,2026-07-28,5,,Cazier Auto Online: Tot Ce Trebuie Să Știi | eGhiseul.ro
/inregistrare-nastere-copil-nou-nascut,article/guide,true,1447,1792,81,170,Organization|PostalAddress|ContactPoint|WebSite|BreadcrumbList|ListItem|Article|WebPage|FAQPage|Question|Answer,2026-06-22,page.tsx add,2026-06-22,2026-08-07,2,,"Înregistrarea Nașterii Copilului: Termen, Acte și Primul Certificat | eGhiseul.ro"
/model-certificat-de-casatorie,article/guide,true,560,905,68,138,Organization|PostalAddress|ContactPoint|WebSite|BreadcrumbList|ListItem|Article|WebPage|FAQPage|Question|Answer,2026-06-20,page.tsx add,2026-06-20,2026-08-07,6,,Model Certificat de Căsătorie: Cum Arată și Ce Conține | eGhiseul.ro
/politica-cookies,legal/trust,true,374,719,36,117,BreadcrumbList|ListItem,2026-06-16,page.tsx add,,2026-07-15,5,,Politica de Cookie-uri | eGhiseul.ro
/politica-de-anulare,legal/trust,true,720,1065,47,155,BreadcrumbList|ListItem,2026-07-15,page.tsx add,,2026-07-15,4,,Politica de Anulare și Rambursare | eGhiseul.ro
/politica-de-confidentialitate,legal/trust,true,1119,1464,43,209,BreadcrumbList|ListItem,2026-06-16,page.tsx add,,2026-06-27,4,,Politica de Confidențialitate | eGhiseul.ro
/radiere-firma-srl-ghid,article/guide,true,933,1278,88,188,Organization|PostalAddress|ContactPoint|WebSite|BreadcrumbList|ListItem|Article|WebPage|FAQPage|Question|Answer,2026-07-31,page.tsx add,2026-07-31,2026-07-31,2,,"Radierea unei firme (SRL): etape, acte, durată și greșeli de evitat (2026) | eGhiseul.ro"
/rolul-si-atributiile-onrc-romania,article/guide,true,645,990,91,189,Organization|PostalAddress|ContactPoint|WebSite|BreadcrumbList|ListItem|Article|WebPage|FAQPage|Question|Answer,2026-06-16,page.tsx add,2024-01-01,2026-08-24,5,,"Ce face ONRC, de fapt: registrul, înmatriculările și certificatul constatator | eGhiseul.ro"
/schimbare-certificat-de-nastere-vechi,article/guide,true,830,1175,77,136,Organization|PostalAddress|ContactPoint|WebSite|BreadcrumbList|ListItem|Article|WebPage|FAQPage|Question|Answer,2026-06-19,page.tsx add,2026-06-19,2026-08-07,9,,Schimbare Certificat de Naștere Vechi cu Unul Nou: Ghid Complet | eGhiseul.ro
/schimbare-sediu-social-srl-ghid,article/guide,true,842,1187,93,185,Organization|PostalAddress|ContactPoint|WebSite|BreadcrumbList|ListItem|Article|WebPage|FAQPage|Question|Answer,2026-07-31,page.tsx add,2026-07-31,2026-07-31,2,,"Schimbarea sediului social la SRL: acte, pași la ONRC și ce urmează după (2026) | eGhiseul.ro"
/servicii,hub/index,true,808,1153,56,175,ItemList|ListItem|Service|Offer,2026-04-17,page.tsx add,,2026-07-07,7,,Servicii | Documente online pentru România | eGhiseul.ro
/servicii/actualizare-adresa-cf,service page,true,2311,2666,64,316,Organization|PostalAddress|ContactPoint|WebSite|BreadcrumbList|ListItem|Service|Country|Offer|Product|Brand|AggregateOffer|MerchantReturnPolicy|OfferShippingDetails|MonetaryAmount|DefinedRegion|AggregateRating|WebPage|Person|FAQPage|Question|Answer,2026-06-25,page.tsx add,2026-06-25,2026-08-05,5,,Actualizare Adresă în Cartea Funciară (OCPI/ANCPI) | eGhiseul.ro
/servicii/cazier-auto-online,service page,true,2969,3324,79,178,Organization|PostalAddress|ContactPoint|WebSite|BreadcrumbList|ListItem|Service|Country|Offer|Product|Brand|AggregateOffer|MerchantReturnPolicy|OfferShippingDetails|MonetaryAmount|DefinedRegion|AggregateRating|WebPage|Person|FAQPage|Question|Answer,2026-06-14,page.tsx add,2026-06-14,2026-07-28,19,,"Cazier Auto Online — Istoricul Sancțiunilor Rutiere, fără Drumuri | eGhiseul.ro"
/servicii/cazier-fiscal-online,service page,true,2633,2988,67,155,Organization|PostalAddress|ContactPoint|WebSite|BreadcrumbList|ListItem|Service|Country|Offer|Product|Brand|AggregateOffer|MerchantReturnPolicy|OfferShippingDetails|MonetaryAmount|DefinedRegion|AggregateRating|WebPage|Person|FAQPage|Question|Answer,2026-06-14,page.tsx add,2026-06-14,2026-08-07,18,,"Cazier Fiscal Online persoană fizică — ANAF, fără SPV | eGhiseul.ro"
/servicii/cazier-judiciar-online,service page,true,4650,5005,69,152,Organization|PostalAddress|ContactPoint|WebSite|BreadcrumbList|ListItem|Service|Country|Offer|Product|Brand|AggregateOffer|MerchantReturnPolicy|OfferShippingDetails|MonetaryAmount|DefinedRegion|AggregateRating|WebPage|Person|FAQPage|Question|Answer,2026-01-05,page.tsx add,2026-04-16,2026-08-31,29,,"Cazier Judiciar Online 2026 — Fără Drumuri, în 3-5 Zile | eGhiseul.ro"
/servicii/cazier-judiciar-online/alba-iulia,location: cazier oraș,false,1377,1722,71,162,Organization|PostalAddress|ContactPoint|WebSite|BreadcrumbList|ListItem|Service|City|Offer|FAQPage|Question|Answer,2026-06-21,data-entry (cities.ts/ocpi.ts),,,,false,Cazier Judiciar Online Alba Iulia — Fără Drum la IPJ Alba | eGhiseul.ro
/servicii/cazier-judiciar-online/alexandria,location: cazier oraș,false,1330,1675,76,167,Organization|PostalAddress|ContactPoint|WebSite|BreadcrumbList|ListItem|Service|City|Offer|FAQPage|Question|Answer,2026-06-21,data-entry (cities.ts/ocpi.ts),,,,false,Cazier Judiciar Online Alexandria — Fără Drum la IPJ Teleorman | eGhiseul.ro
/servicii/cazier-judiciar-online/arad,location: cazier oraș,false,1362,1707,65,156,Organization|PostalAddress|ContactPoint|WebSite|BreadcrumbList|ListItem|Service|City|Offer|FAQPage|Question|Answer,2026-06-21,data-entry (cities.ts/ocpi.ts),,,,false,Cazier Judiciar Online Arad — Fără Drum la IPJ Arad | eGhiseul.ro
/servicii/cazier-judiciar-online/bacau,location: cazier oraș,false,1345,1690,67,158,Organization|PostalAddress|ContactPoint|WebSite|BreadcrumbList|ListItem|Service|City|Offer|FAQPage|Question|Answer,2026-06-21,data-entry (cities.ts/ocpi.ts),,,,false,Cazier Judiciar Online Bacău — Fără Drum la IPJ Bacău | eGhiseul.ro
/servicii/cazier-judiciar-online/baia-mare,location: cazier oraș,false,1370,1715,75,166,Organization|PostalAddress|ContactPoint|WebSite|BreadcrumbList|ListItem|Service|City|Offer|FAQPage|Question|Answer,2026-06-21,data-entry (cities.ts/ocpi.ts),,,,false,Cazier Judiciar Online Baia Mare — Fără Drum la IPJ Maramureș | eGhiseul.ro
/servicii/cazier-judiciar-online/barlad,location: cazier oraș,false,1279,1624,69,160,Organization|PostalAddress|ContactPoint|WebSite|BreadcrumbList|ListItem|Service|City|Offer|FAQPage|Question|Answer,2026-06-22,data-entry (cities.ts/ocpi.ts),,,,false,Cazier Judiciar Online Bârlad — Fără Drum la IPJ Vaslui | eGhiseul.ro
/servicii/cazier-judiciar-online/bistrita,location: cazier oraș,false,1336,1681,80,171,Organization|PostalAddress|ContactPoint|WebSite|BreadcrumbList|ListItem|Service|City|Offer|FAQPage|Question|Answer,2026-06-21,data-entry (cities.ts/ocpi.ts),,,,false,Cazier Judiciar Online Bistrița — Fără Drum la IPJ Bistrița-Năsăud | eGhiseul.ro
/servicii/cazier-judiciar-online/botosani,location: cazier oraș,false,1342,1687,73,164,Organization|PostalAddress|ContactPoint|WebSite|BreadcrumbList|ListItem|Service|City|Offer|FAQPage|Question|Answer,2026-06-21,data-entry (cities.ts/ocpi.ts),,,,false,Cazier Judiciar Online Botoșani — Fără Drum la IPJ Botoșani | eGhiseul.ro
/servicii/cazier-judiciar-online/braila,location: cazier oraș,false,1347,1692,69,160,Organization|PostalAddress|ContactPoint|WebSite|BreadcrumbList|ListItem|Service|City|Offer|FAQPage|Question|Answer,2026-06-21,data-entry (cities.ts/ocpi.ts),,,,false,Cazier Judiciar Online Brăila — Fără Drum la IPJ Brăila | eGhiseul.ro
/servicii/cazier-judiciar-online/brasov,location: cazier oraș,false,1382,1727,69,160,Organization|PostalAddress|ContactPoint|WebSite|BreadcrumbList|ListItem|Service|City|Offer|FAQPage|Question|Answer,2026-06-20,data-entry (cities.ts/ocpi.ts),,,,false,Cazier Judiciar Online Brașov — Fără Drum la IPJ Brașov | eGhiseul.ro
/servicii/cazier-judiciar-online/bucuresti,location: cazier oraș,false,1346,1691,75,166,Organization|PostalAddress|ContactPoint|WebSite|BreadcrumbList|ListItem|Service|City|Offer|FAQPage|Question|Answer,2026-06-21,data-entry (cities.ts/ocpi.ts),,,,false,Cazier Judiciar Online București — Fără Drum la IPJ București | eGhiseul.ro
/servicii/cazier-judiciar-online/buzau,location: cazier oraș,false,1350,1695,67,158,Organization|PostalAddress|ContactPoint|WebSite|BreadcrumbList|ListItem|Service|City|Offer|FAQPage|Question|Answer,2026-06-21,data-entry (cities.ts/ocpi.ts),,,,false,Cazier Judiciar Online Buzău — Fără Drum la IPJ Buzău | eGhiseul.ro
/servicii/cazier-judiciar-online/calarasi,location: cazier oraș,false,1339,1684,73,164,Organization|PostalAddress|ContactPoint|WebSite|BreadcrumbList|ListItem|Service|City|Offer|FAQPage|Question|Answer,2026-06-21,data-entry (cities.ts/ocpi.ts),,,,false,Cazier Judiciar Online Călărași — Fără Drum la IPJ Călărași | eGhiseul.ro
/servicii/cazier-judiciar-online/cluj-napoca,location: cazier oraș,true,1359,1704,72,163,Organization|PostalAddress|ContactPoint|WebSite|BreadcrumbList|ListItem|Service|City|Offer|FAQPage|Question|Answer,2026-06-20,data-entry (cities.ts/ocpi.ts),,,,true,Cazier Judiciar Online Cluj-Napoca — Fără Drum la IPJ Cluj | eGhiseul.ro
/servicii/cazier-judiciar-online/constanta,location: cazier oraș,true,1373,1718,75,166,Organization|PostalAddress|ContactPoint|WebSite|BreadcrumbList|ListItem|Service|City|Offer|FAQPage|Question|Answer,2026-06-20,data-entry (cities.ts/ocpi.ts),,,,true,Cazier Judiciar Online Constanța — Fără Drum la IPJ Constanța | eGhiseul.ro
/servicii/cazier-judiciar-online/craiova,location: cazier oraș,false,1361,1706,68,159,Organization|PostalAddress|ContactPoint|WebSite|BreadcrumbList|ListItem|Service|City|Offer|FAQPage|Question|Answer,2026-06-21,data-entry (cities.ts/ocpi.ts),,,,false,Cazier Judiciar Online Craiova — Fără Drum la IPJ Dolj | eGhiseul.ro
/servicii/cazier-judiciar-online/deva,location: cazier oraș,false,1345,1690,70,161,Organization|PostalAddress|ContactPoint|WebSite|BreadcrumbList|ListItem|Service|City|Offer|FAQPage|Question|Answer,2026-06-21,data-entry (cities.ts/ocpi.ts),,,,false,Cazier Judiciar Online Deva — Fără Drum la IPJ Hunedoara | eGhiseul.ro
/servicii/cazier-judiciar-online/drobeta-turnu-severin,location: cazier oraș,false,1377,1722,87,178,Organization|PostalAddress|ContactPoint|WebSite|BreadcrumbList|ListItem|Service|City|Offer|FAQPage|Question|Answer,2026-06-21,data-entry (cities.ts/ocpi.ts),,,,false,Cazier Judiciar Online Drobeta-Turnu Severin — Fără Drum la IPJ Mehedinți | eGhiseul.ro
/servicii/cazier-judiciar-online/focsani,location: cazier oraș,true,1333,1678,71,162,Organization|PostalAddress|ContactPoint|WebSite|BreadcrumbList|ListItem|Service|City|Offer|FAQPage|Question|Answer,2026-06-21,data-entry (cities.ts/ocpi.ts),,,,true,Cazier Judiciar Online Focșani — Fără Drum la IPJ Vrancea | eGhiseul.ro
/servicii/cazier-judiciar-online/galati,location: cazier oraș,false,1355,1700,69,160,Organization|PostalAddress|ContactPoint|WebSite|BreadcrumbList|ListItem|Service|City|Offer|FAQPage|Question|Answer,2026-06-21,data-entry (cities.ts/ocpi.ts),,,,false,Cazier Judiciar Online Galați — Fără Drum la IPJ Galați | eGhiseul.ro
/servicii/cazier-judiciar-online/giurgiu,location: cazier oraș,false,1335,1680,71,162,Organization|PostalAddress|ContactPoint|WebSite|BreadcrumbList|ListItem|Service|City|Offer|FAQPage|Question|Answer,2026-06-21,data-entry (cities.ts/ocpi.ts),,,,false,Cazier Judiciar Online Giurgiu — Fără Drum la IPJ Giurgiu | eGhiseul.ro
/servicii/cazier-judiciar-online/iasi,location: cazier oraș,true,1375,1720,65,156,Organization|PostalAddress|ContactPoint|WebSite|BreadcrumbList|ListItem|Service|City|Offer|FAQPage|Question|Answer,2026-06-20,data-entry (cities.ts/ocpi.ts),,,,true,Cazier Judiciar Online Iași — Fără Drum la IPJ Iași | eGhiseul.ro
/servicii/cazier-judiciar-online/ilfov,location: cazier oraș,false,1367,1712,67,158,Organization|PostalAddress|ContactPoint|WebSite|BreadcrumbList|ListItem|Service|City|Offer|FAQPage|Question|Answer,2026-06-22,data-entry (cities.ts/ocpi.ts),,,,false,Cazier Judiciar Online Ilfov — Fără Drum la IPJ Ilfov | eGhiseul.ro
/servicii/cazier-judiciar-online/lugoj,location: cazier oraș,false,1274,1619,67,158,Organization|PostalAddress|ContactPoint|WebSite|BreadcrumbList|ListItem|Service|City|Offer|FAQPage|Question|Answer,2026-06-22,data-entry (cities.ts/ocpi.ts),,,,false,Cazier Judiciar Online Lugoj — Fără Drum la IPJ Timiș | eGhiseul.ro
/servicii/cazier-judiciar-online/medias,location: cazier oraș,false,1279,1624,68,159,Organization|PostalAddress|ContactPoint|WebSite|BreadcrumbList|ListItem|Service|City|Offer|FAQPage|Question|Answer,2026-06-22,data-entry (cities.ts/ocpi.ts),,,,false,Cazier Judiciar Online Mediaș — Fără Drum la IPJ Sibiu | eGhiseul.ro
/servicii/cazier-judiciar-online/miercurea-ciuc,location: cazier oraș,false,1353,1698,79,170,Organization|PostalAddress|ContactPoint|WebSite|BreadcrumbList|ListItem|Service|City|Offer|FAQPage|Question|Answer,2026-06-21,data-entry (cities.ts/ocpi.ts),,,,false,Cazier Judiciar Online Miercurea Ciuc — Fără Drum la IPJ Harghita | eGhiseul.ro
/servicii/cazier-judiciar-online/onesti,location: cazier oraș,false,1277,1622,68,159,Organization|PostalAddress|ContactPoint|WebSite|BreadcrumbList|ListItem|Service|City|Offer|FAQPage|Question|Answer,2026-06-22,data-entry (cities.ts/ocpi.ts),,,,false,Cazier Judiciar Online Onești — Fără Drum la IPJ Bacău | eGhiseul.ro
/servicii/cazier-judiciar-online/oradea,location: cazier oraș,false,1371,1716,68,159,Organization|PostalAddress|ContactPoint|WebSite|BreadcrumbList|ListItem|Service|City|Offer|FAQPage|Question|Answer,2026-06-21,data-entry (cities.ts/ocpi.ts),,,,false,Cazier Judiciar Online Oradea — Fără Drum la IPJ Bihor | eGhiseul.ro
/servicii/cazier-judiciar-online/persoana-fizica,service page,true,2188,2543,62,215,Organization|PostalAddress|ContactPoint|WebSite|BreadcrumbList|ListItem|Service|Country|Offer|Product|Brand|AggregateOffer|MerchantReturnPolicy|OfferShippingDetails|MonetaryAmount|DefinedRegion|AggregateRating|WebPage|Person|FAQPage|Question|Answer,2026-01-05,page.tsx add,2026-04-16,2026-07-28,22,,Cazier Judiciar Persoană Fizică Online — 198 RON | eGhiseul.ro
/servicii/cazier-judiciar-online/persoana-juridica,service page,true,2160,2515,72,200,Organization|PostalAddress|ContactPoint|WebSite|BreadcrumbList|ListItem|Service|Country|Offer|Product|Brand|AggregateOffer|MerchantReturnPolicy|OfferShippingDetails|MonetaryAmount|DefinedRegion|AggregateRating|WebPage|Person|FAQPage|Question|Answer,2026-01-05,page.tsx add,2026-04-16,2026-07-28,22,,Cazier Judiciar Firmă (Persoană Juridică) Online — 198 RON | eGhiseul.ro
/servicii/cazier-judiciar-online/piatra-neamt,location: cazier oraș,true,1375,1720,74,165,Organization|PostalAddress|ContactPoint|WebSite|BreadcrumbList|ListItem|Service|City|Offer|FAQPage|Question|Answer,2026-06-22,data-entry (cities.ts/ocpi.ts),,,,true,Cazier Judiciar Online Piatra Neamț — Fără Drum la IPJ Neamț | eGhiseul.ro
/servicii/cazier-judiciar-online/pitesti,location: cazier oraș,false,1361,1706,69,160,Organization|PostalAddress|ContactPoint|WebSite|BreadcrumbList|ListItem|Service|City|Offer|FAQPage|Question|Answer,2026-06-21,data-entry (cities.ts/ocpi.ts),,,,false,Cazier Judiciar Online Pitești — Fără Drum la IPJ Argeș | eGhiseul.ro
/servicii/cazier-judiciar-online/ploiesti,location: cazier oraș,false,1344,1689,72,163,Organization|PostalAddress|ContactPoint|WebSite|BreadcrumbList|ListItem|Service|City|Offer|FAQPage|Question|Answer,2026-06-21,data-entry (cities.ts/ocpi.ts),,,,false,Cazier Judiciar Online Ploiești — Fără Drum la IPJ Prahova | eGhiseul.ro
/servicii/cazier-judiciar-online/ramnicu-valcea,location: cazier oraș,true,1352,1697,77,168,Organization|PostalAddress|ContactPoint|WebSite|BreadcrumbList|ListItem|Service|City|Offer|FAQPage|Question|Answer,2026-06-21,data-entry (cities.ts/ocpi.ts),,,,true,Cazier Judiciar Online Râmnicu Vâlcea — Fără Drum la IPJ Vâlcea | eGhiseul.ro
/servicii/cazier-judiciar-online/resita,location: cazier oraș,false,1338,1683,76,167,Organization|PostalAddress|ContactPoint|WebSite|BreadcrumbList|ListItem|Service|City|Offer|FAQPage|Question|Answer,2026-06-21,data-entry (cities.ts/ocpi.ts),,,,false,Cazier Judiciar Online Reșița — Fără Drum la IPJ Caraș-Severin | eGhiseul.ro
/servicii/cazier-judiciar-online/satu-mare,location: cazier oraș,true,1382,1727,75,166,Organization|PostalAddress|ContactPoint|WebSite|BreadcrumbList|ListItem|Service|City|Offer|FAQPage|Question|Answer,2026-06-22,data-entry (cities.ts/ocpi.ts),,,,true,Cazier Judiciar Online Satu Mare — Fără Drum la IPJ Satu Mare | eGhiseul.ro
/servicii/cazier-judiciar-online/sebes,location: cazier oraș,false,1285,1630,66,157,Organization|PostalAddress|ContactPoint|WebSite|BreadcrumbList|ListItem|Service|City|Offer|FAQPage|Question|Answer,2026-06-22,data-entry (cities.ts/ocpi.ts),,,,false,Cazier Judiciar Online Sebeș — Fără Drum la IPJ Alba | eGhiseul.ro
/servicii/cazier-judiciar-online/sfantu-gheorghe,location: cazier oraș,false,1360,1705,79,170,Organization|PostalAddress|ContactPoint|WebSite|BreadcrumbList|ListItem|Service|City|Offer|FAQPage|Question|Answer,2026-06-21,data-entry (cities.ts/ocpi.ts),,,,false,Cazier Judiciar Online Sfântu Gheorghe — Fără Drum la IPJ Covasna | eGhiseul.ro
/servicii/cazier-judiciar-online/sibiu,location: cazier oraș,false,1344,1689,67,158,Organization|PostalAddress|ContactPoint|WebSite|BreadcrumbList|ListItem|Service|City|Offer|FAQPage|Question|Answer,2026-06-21,data-entry (cities.ts/ocpi.ts),,,,false,Cazier Judiciar Online Sibiu — Fără Drum la IPJ Sibiu | eGhiseul.ro
/servicii/cazier-judiciar-online/slatina,location: cazier oraș,false,1349,1694,67,158,Organization|PostalAddress|ContactPoint|WebSite|BreadcrumbList|ListItem|Service|City|Offer|FAQPage|Question|Answer,2026-06-22,data-entry (cities.ts/ocpi.ts),,,,false,Cazier Judiciar Online Slatina — Fără Drum la IPJ Olt | eGhiseul.ro
/servicii/cazier-judiciar-online/slobozia,location: cazier oraș,false,1329,1674,73,164,Organization|PostalAddress|ContactPoint|WebSite|BreadcrumbList|ListItem|Service|City|Offer|FAQPage|Question|Answer,2026-06-21,data-entry (cities.ts/ocpi.ts),,,,false,Cazier Judiciar Online Slobozia — Fără Drum la IPJ Ialomița | eGhiseul.ro
/servicii/cazier-judiciar-online/suceava,location: cazier oraș,false,1356,1701,71,162,Organization|PostalAddress|ContactPoint|WebSite|BreadcrumbList|ListItem|Service|City|Offer|FAQPage|Question|Answer,2026-06-21,data-entry (cities.ts/ocpi.ts),,,,false,Cazier Judiciar Online Suceava — Fără Drum la IPJ Suceava | eGhiseul.ro
/servicii/cazier-judiciar-online/targoviste,location: cazier oraș,false,1343,1688,76,167,Organization|PostalAddress|ContactPoint|WebSite|BreadcrumbList|ListItem|Service|City|Offer|FAQPage|Question|Answer,2026-06-21,data-entry (cities.ts/ocpi.ts),,,,false,Cazier Judiciar Online Târgoviște — Fără Drum la IPJ Dâmbovița | eGhiseul.ro
/servicii/cazier-judiciar-online/targu-jiu,location: cazier oraș,false,1372,1717,70,161,Organization|PostalAddress|ContactPoint|WebSite|BreadcrumbList|ListItem|Service|City|Offer|FAQPage|Question|Answer,2026-06-22,data-entry (cities.ts/ocpi.ts),,,,false,Cazier Judiciar Online Târgu Jiu — Fără Drum la IPJ Gorj | eGhiseul.ro
/servicii/cazier-judiciar-online/targu-mures,location: cazier oraș,false,1366,1711,73,164,Organization|PostalAddress|ContactPoint|WebSite|BreadcrumbList|ListItem|Service|City|Offer|FAQPage|Question|Answer,2026-06-21,data-entry (cities.ts/ocpi.ts),,,,false,Cazier Judiciar Online Târgu Mureș — Fără Drum la IPJ Mureș | eGhiseul.ro
/servicii/cazier-judiciar-online/timisoara,location: cazier oraș,true,1364,1709,71,162,Organization|PostalAddress|ContactPoint|WebSite|BreadcrumbList|ListItem|Service|City|Offer|FAQPage|Question|Answer,2026-06-20,data-entry (cities.ts/ocpi.ts),,,,true,Cazier Judiciar Online Timișoara — Fără Drum la IPJ Timiș | eGhiseul.ro
/servicii/cazier-judiciar-online/tulcea,location: cazier oraș,false,1350,1695,69,160,Organization|PostalAddress|ContactPoint|WebSite|BreadcrumbList|ListItem|Service|City|Offer|FAQPage|Question|Answer,2026-06-21,data-entry (cities.ts/ocpi.ts),,,,false,Cazier Judiciar Online Tulcea — Fără Drum la IPJ Tulcea | eGhiseul.ro
/servicii/cazier-judiciar-online/turda,location: cazier oraș,false,1282,1627,66,157,Organization|PostalAddress|ContactPoint|WebSite|BreadcrumbList|ListItem|Service|City|Offer|FAQPage|Question|Answer,2026-06-22,data-entry (cities.ts/ocpi.ts),,,,false,Cazier Judiciar Online Turda — Fără Drum la IPJ Cluj | eGhiseul.ro
/servicii/cazier-judiciar-online/vaslui,location: cazier oraș,false,1340,1685,69,160,Organization|PostalAddress|ContactPoint|WebSite|BreadcrumbList|ListItem|Service|City|Offer|FAQPage|Question|Answer,2026-06-21,data-entry (cities.ts/ocpi.ts),,,,false,Cazier Judiciar Online Vaslui — Fără Drum la IPJ Vaslui | eGhiseul.ro
/servicii/cazier-judiciar-online/zalau,location: cazier oraș,false,1340,1685,67,158,Organization|PostalAddress|ContactPoint|WebSite|BreadcrumbList|ListItem|Service|City|Offer|FAQPage|Question|Answer,2026-06-21,data-entry (cities.ts/ocpi.ts),,,,false,Cazier Judiciar Online Zalău — Fără Drum la IPJ Sălaj | eGhiseul.ro
/servicii/certificat-constatator-online,service page,true,3156,3511,76,179,Organization|PostalAddress|ContactPoint|WebSite|BreadcrumbList|ListItem|Service|Country|Offer|Product|Brand|AggregateOffer|MerchantReturnPolicy|OfferShippingDetails|MonetaryAmount|DefinedRegion|AggregateRating|WebPage|Person|FAQPage|Question|Answer,2026-06-14,page.tsx add,2026-06-14,2026-09-02,28,,Certificat Constatator Online în Câteva Minute — 89 RON (2026) | eGhiseul.ro
/servicii/certificat-de-integritate-comportamentala,service page,true,2573,2928,64,149,Organization|PostalAddress|ContactPoint|WebSite|BreadcrumbList|ListItem|Service|Country|Offer|Product|Brand|AggregateOffer|MerchantReturnPolicy|OfferShippingDetails|MonetaryAmount|DefinedRegion|AggregateRating|WebPage|Person|FAQPage|Question|Answer,2026-06-14,page.tsx add,2026-06-14,2026-07-28,18,,Certificat Integritate Comportamentală Online IGPR | eGhiseul.ro
/servicii/certificat-detineri-imobile,service page,true,2429,2784,71,263,Organization|PostalAddress|ContactPoint|WebSite|BreadcrumbList|ListItem|Service|Country|Offer|Product|Brand|AggregateOffer|MerchantReturnPolicy|OfferShippingDetails|MonetaryAmount|DefinedRegion|AggregateRating|WebPage|Person|FAQPage|Question|Answer,2026-06-25,page.tsx add,2026-06-25,2026-07-28,4,,Certificat privind Deținerea de Imobile — Adeverință OCPI | eGhiseul.ro
/servicii/certificat-sarcini,service page,true,2301,2656,75,216,Organization|PostalAddress|ContactPoint|WebSite|BreadcrumbList|ListItem|Service|Country|Offer|Product|Brand|AggregateOffer|MerchantReturnPolicy|OfferShippingDetails|MonetaryAmount|DefinedRegion|AggregateRating|WebPage|Person|FAQPage|Question|Answer,2026-06-25,page.tsx add,2026-06-25,2026-08-05,5,,Certificat de Sarcini — Verifică Grevările unui Imobil | OCPI | eGhiseul.ro
/servicii/certificat-urbanism-informare,service page,true,2230,2585,75,168,Organization|PostalAddress|ContactPoint|WebSite|BreadcrumbList|ListItem|Service|Country|Offer|Product|Brand|AggregateOffer|MerchantReturnPolicy|OfferShippingDetails|MonetaryAmount|DefinedRegion|AggregateRating|WebPage|Person|FAQPage|Question|Answer,2026-07-21,page.tsx add,2026-07-21,2026-08-05,3,,Certificat de Urbanism Online — Îl Obținem Noi de la Primărie | eGhiseul.ro
/servicii/copie-arhiva-ocpi,service page,true,2347,2702,73,252,Organization|PostalAddress|ContactPoint|WebSite|BreadcrumbList|ListItem|Service|Country|Offer|Product|Brand|AggregateOffer|MerchantReturnPolicy|OfferShippingDetails|MonetaryAmount|DefinedRegion|AggregateRating|WebPage|Person|FAQPage|Question|Answer,2026-06-25,page.tsx add,2026-06-25,2026-08-05,5,,Copie Certificată din Arhiva OCPI — Documentație Cadastrală | eGhiseul.ro
/servicii/copie-carte-funciara,service page,true,2335,2690,72,216,Organization|PostalAddress|ContactPoint|WebSite|BreadcrumbList|ListItem|Service|Country|Offer|Product|Brand|AggregateOffer|MerchantReturnPolicy|OfferShippingDetails|MonetaryAmount|DefinedRegion|AggregateRating|WebPage|Person|FAQPage|Question|Answer,2026-06-25,page.tsx add,2026-06-25,2026-07-28,5,,Copie Carte Funciară in extenso (integrală) — OCPI / ANCPI | eGhiseul.ro
/servicii/copie-contract-vanzare,service page,true,2246,2601,62,251,Organization|PostalAddress|ContactPoint|WebSite|BreadcrumbList|ListItem|Service|Country|Offer|Product|Brand|AggregateOffer|MerchantReturnPolicy|OfferShippingDetails|MonetaryAmount|DefinedRegion|AggregateRating|WebPage|Person|FAQPage|Question|Answer,2026-06-25,page.tsx add,2026-06-25,2026-08-05,5,,Copie Contract Vânzare-Cumpărare din Arhiva OCPI | eGhiseul.ro
/servicii/copie-intabulare,service page,true,2310,2665,64,183,Organization|PostalAddress|ContactPoint|WebSite|BreadcrumbList|ListItem|Service|Country|Offer|Product|Brand|AggregateOffer|MerchantReturnPolicy|OfferShippingDetails|MonetaryAmount|DefinedRegion|AggregateRating|WebPage|Person|FAQPage|Question|Answer,2026-06-25,page.tsx add,2026-06-25,2026-08-05,5,,Copie Act de Intabulare din Cartea Funciară (OCPI) | eGhiseul.ro
/servicii/copie-inventar-coordonate,service page,true,2308,2663,52,206,Organization|PostalAddress|ContactPoint|WebSite|BreadcrumbList|ListItem|Service|Country|Offer|Product|Brand|AggregateOffer|MerchantReturnPolicy|OfferShippingDetails|MonetaryAmount|DefinedRegion|AggregateRating|WebPage|Person|FAQPage|Question|Answer,2026-06-25,page.tsx add,2026-06-25,2026-08-05,5,,Copie Inventar de Coordonate Stereo 70 | eGhiseul.ro
/servicii/copie-plan-cadastral,service page,true,2227,2582,58,218,Organization|PostalAddress|ContactPoint|WebSite|BreadcrumbList|ListItem|Service|Country|Offer|Product|Brand|AggregateOffer|MerchantReturnPolicy|OfferShippingDetails|MonetaryAmount|DefinedRegion|AggregateRating|WebPage|Person|FAQPage|Question|Answer,2026-06-25,page.tsx add,2026-06-25,2026-07-28,5,,Copie Plan Cadastral din Arhiva OCPI (ANCPI) | eGhiseul.ro
/servicii/copie-plan-incadrare,service page,true,2203,2558,61,213,Organization|PostalAddress|ContactPoint|WebSite|BreadcrumbList|ListItem|Service|Country|Offer|Product|Brand|AggregateOffer|MerchantReturnPolicy|OfferShippingDetails|MonetaryAmount|DefinedRegion|AggregateRating|WebPage|Person|FAQPage|Question|Answer,2026-06-25,page.tsx add,2026-06-25,2026-08-05,5,,Copie Plan de Încadrare în Zonă din Arhiva OCPI | eGhiseul.ro
/servicii/copie-releveu,service page,true,2231,2586,64,216,Organization|PostalAddress|ContactPoint|WebSite|BreadcrumbList|ListItem|Service|Country|Offer|Product|Brand|AggregateOffer|MerchantReturnPolicy|OfferShippingDetails|MonetaryAmount|DefinedRegion|AggregateRating|WebPage|Person|FAQPage|Question|Answer,2026-06-25,page.tsx add,2026-06-25,2026-08-05,6,,Copie după Releveu Apartament — Plan de Nivel OCPI | eGhiseul.ro
/servicii/eliberare-certificat-de-casatorie,service page,true,2670,3025,75,155,Organization|PostalAddress|ContactPoint|WebSite|BreadcrumbList|ListItem|Service|Country|Offer|Product|Brand|AggregateOffer|MerchantReturnPolicy|OfferShippingDetails|MonetaryAmount|DefinedRegion|AggregateRating|WebPage|Person|FAQPage|Question|Answer,2026-06-14,page.tsx add,2026-06-14,2026-09-01,26,,Certificat de Căsătorie Online — Duplicat de la Starea Civilă | eGhiseul.ro
/servicii/eliberare-certificat-de-celibat,service page,true,2428,2783,79,177,Organization|PostalAddress|ContactPoint|WebSite|BreadcrumbList|ListItem|Service|Country|Offer|Product|Brand|AggregateOffer|MerchantReturnPolicy|OfferShippingDetails|MonetaryAmount|DefinedRegion|AggregateRating|WebPage|Person|FAQPage|Question|Answer,2026-06-14,page.tsx add,2026-06-14,2026-07-28,19,,"Certificat de Celibat Online România — Rapid, de la Starea Civilă | eGhiseul.ro"
/servicii/eliberare-certificat-de-nastere,service page,true,2973,3328,73,153,Organization|PostalAddress|ContactPoint|WebSite|BreadcrumbList|ListItem|Service|Country|Offer|Product|Brand|AggregateOffer|MerchantReturnPolicy|OfferShippingDetails|MonetaryAmount|DefinedRegion|AggregateRating|WebPage|Person|FAQPage|Question|Answer,2026-06-14,page.tsx add,2026-06-14,2026-09-01,30,,Certificat de Naștere Online — Duplicat de la Starea Civilă | eGhiseul.ro
/servicii/extras-cf-colectiv,service page,true,2316,2671,68,215,Organization|PostalAddress|ContactPoint|WebSite|BreadcrumbList|ListItem|Service|Country|Offer|Product|Brand|AggregateOffer|MerchantReturnPolicy|OfferShippingDetails|MonetaryAmount|DefinedRegion|AggregateRating|WebPage|Person|FAQPage|Question|Answer,2026-06-25,page.tsx add,2026-06-25,2026-08-05,5,,Extras de Carte Funciară Colectivă (Bloc / Condominiu) | eGhiseul.ro
/servicii/extras-de-carte-funciara,service page,true,3777,4132,70,178,Organization|PostalAddress|ContactPoint|WebSite|BreadcrumbList|ListItem|Service|Country|Offer|Product|Brand|AggregateOffer|MerchantReturnPolicy|OfferShippingDetails|MonetaryAmount|DefinedRegion|AggregateRating|WebPage|Person|FAQPage|Question|Answer,2026-06-13,page.tsx add,2026-06-13,2026-07-28,37,,"Extras Carte Funciară Online în 5 Minute — Automat, 24/7 | eGhiseul.ro"
/servicii/extras-de-carte-funciara/alba,location: CF județ,true,747,1102,78,156,Organization|PostalAddress|ContactPoint|WebSite|BreadcrumbList|ListItem|Service|City|Offer|FAQPage|Question|Answer,2026-06-22,data-entry (cities.ts/ocpi.ts),,,,,"Extras de Carte Funciară Online Alba — 89 RON, Fără Drum la OCPI | eGhiseul.ro"
/servicii/extras-de-carte-funciara/arad,location: CF județ,true,747,1102,78,156,Organization|PostalAddress|ContactPoint|WebSite|BreadcrumbList|ListItem|Service|City|Offer|FAQPage|Question|Answer,2026-06-22,data-entry (cities.ts/ocpi.ts),,,,,"Extras de Carte Funciară Online Arad — 89 RON, Fără Drum la OCPI | eGhiseul.ro"
/servicii/extras-de-carte-funciara/arges,location: CF județ,true,924,1279,79,158,Organization|PostalAddress|ContactPoint|WebSite|BreadcrumbList|ListItem|Service|City|Offer|FAQPage|Question|Answer,2026-06-22,data-entry (cities.ts/ocpi.ts),,,,,"Extras de Carte Funciară Online Argeș — 89 RON, Fără Drum la OCPI | eGhiseul.ro"
/servicii/extras-de-carte-funciara/bacau,location: CF județ,true,737,1092,79,158,Organization|PostalAddress|ContactPoint|WebSite|BreadcrumbList|ListItem|Service|City|Offer|FAQPage|Question|Answer,2026-06-22,data-entry (cities.ts/ocpi.ts),,,,,"Extras de Carte Funciară Online Bacău — 89 RON, Fără Drum la OCPI | eGhiseul.ro"
/servicii/extras-de-carte-funciara/bihor,location: CF județ,true,937,1292,79,158,Organization|PostalAddress|ContactPoint|WebSite|BreadcrumbList|ListItem|Service|City|Offer|FAQPage|Question|Answer,2026-06-22,data-entry (cities.ts/ocpi.ts),,,,,"Extras de Carte Funciară Online Bihor — 89 RON, Fără Drum la OCPI | eGhiseul.ro"
/servicii/extras-de-carte-funciara/bistrita-nasaud,location: CF județ,true,736,1091,89,178,Organization|PostalAddress|ContactPoint|WebSite|BreadcrumbList|ListItem|Service|City|Offer|FAQPage|Question|Answer,2026-06-22,data-entry (cities.ts/ocpi.ts),,,,,"Extras de Carte Funciară Online Bistrița-Năsăud — 89 RON, Fără Drum la OCPI | eGhiseul.ro"
/servicii/extras-de-carte-funciara/botosani,location: CF județ,true,735,1090,82,164,Organization|PostalAddress|ContactPoint|WebSite|BreadcrumbList|ListItem|Service|City|Offer|FAQPage|Question|Answer,2026-06-22,data-entry (cities.ts/ocpi.ts),,,,,"Extras de Carte Funciară Online Botoșani — 89 RON, Fără Drum la OCPI | eGhiseul.ro"
/servicii/extras-de-carte-funciara/braila,location: CF județ,true,735,1090,80,160,Organization|PostalAddress|ContactPoint|WebSite|BreadcrumbList|ListItem|Service|City|Offer|FAQPage|Question|Answer,2026-06-22,data-entry (cities.ts/ocpi.ts),,,,,"Extras de Carte Funciară Online Brăila — 89 RON, Fără Drum la OCPI | eGhiseul.ro"
/servicii/extras-de-carte-funciara/brasov,location: CF județ,true,961,1316,80,160,Organization|PostalAddress|ContactPoint|WebSite|BreadcrumbList|ListItem|Service|City|Offer|FAQPage|Question|Answer,2026-06-22,data-entry (cities.ts/ocpi.ts),,,,,"Extras de Carte Funciară Online Brașov — 89 RON, Fără Drum la OCPI | eGhiseul.ro"
/servicii/extras-de-carte-funciara/bucuresti,location: CF județ,true,930,1285,83,166,Organization|PostalAddress|ContactPoint|WebSite|BreadcrumbList|ListItem|Service|City|Offer|FAQPage|Question|Answer,2026-06-22,data-entry (cities.ts/ocpi.ts),,,,,"Extras de Carte Funciară Online București — 89 RON, Fără Drum la OCPI | eGhiseul.ro"
/servicii/extras-de-carte-funciara/buzau,location: CF județ,true,745,1100,79,158,Organization|PostalAddress|ContactPoint|WebSite|BreadcrumbList|ListItem|Service|City|Offer|FAQPage|Question|Answer,2026-06-22,data-entry (cities.ts/ocpi.ts),,,,,"Extras de Carte Funciară Online Buzău — 89 RON, Fără Drum la OCPI | eGhiseul.ro"
/servicii/extras-de-carte-funciara/calarasi,location: CF județ,true,744,1099,82,164,Organization|PostalAddress|ContactPoint|WebSite|BreadcrumbList|ListItem|Service|City|Offer|FAQPage|Question|Answer,2026-06-22,data-entry (cities.ts/ocpi.ts),,,,,"Extras de Carte Funciară Online Călărași — 89 RON, Fără Drum la OCPI | eGhiseul.ro"
/servicii/extras-de-carte-funciara/caras-severin,location: CF județ,true,746,1101,87,174,Organization|PostalAddress|ContactPoint|WebSite|BreadcrumbList|ListItem|Service|City|Offer|FAQPage|Question|Answer,2026-06-22,data-entry (cities.ts/ocpi.ts),,,,,"Extras de Carte Funciară Online Caraș-Severin — 89 RON, Fără Drum la OCPI | eGhiseul.ro"
/servicii/extras-de-carte-funciara/cluj,location: CF județ,true,944,1299,78,156,Organization|PostalAddress|ContactPoint|WebSite|BreadcrumbList|ListItem|Service|City|Offer|FAQPage|Question|Answer,2026-06-22,data-entry (cities.ts/ocpi.ts),,,,,"Extras de Carte Funciară Online Cluj — 89 RON, Fără Drum la OCPI | eGhiseul.ro"
/servicii/extras-de-carte-funciara/constanta,location: CF județ,true,954,1309,83,166,Organization|PostalAddress|ContactPoint|WebSite|BreadcrumbList|ListItem|Service|City|Offer|FAQPage|Question|Answer,2026-06-22,data-entry (cities.ts/ocpi.ts),,,,,"Extras de Carte Funciară Online Constanța — 89 RON, Fără Drum la OCPI | eGhiseul.ro"
/servicii/extras-de-carte-funciara/covasna,location: CF județ,true,748,1103,81,162,Organization|PostalAddress|ContactPoint|WebSite|BreadcrumbList|ListItem|Service|City|Offer|FAQPage|Question|Answer,2026-06-22,data-entry (cities.ts/ocpi.ts),,,,,"Extras de Carte Funciară Online Covasna — 89 RON, Fără Drum la OCPI | eGhiseul.ro"
/servicii/extras-de-carte-funciara/dambovita,location: CF județ,true,747,1102,83,166,Organization|PostalAddress|ContactPoint|WebSite|BreadcrumbList|ListItem|Service|City|Offer|FAQPage|Question|Answer,2026-06-22,data-entry (cities.ts/ocpi.ts),,,,,"Extras de Carte Funciară Online Dâmbovița — 89 RON, Fără Drum la OCPI | eGhiseul.ro"
/servicii/extras-de-carte-funciara/dolj,location: CF județ,true,929,1284,78,156,Organization|PostalAddress|ContactPoint|WebSite|BreadcrumbList|ListItem|Service|City|Offer|FAQPage|Question|Answer,2026-06-22,data-entry (cities.ts/ocpi.ts),,,,,"Extras de Carte Funciară Online Dolj — 89 RON, Fără Drum la OCPI | eGhiseul.ro"
/servicii/extras-de-carte-funciara/galati,location: CF județ,true,935,1290,80,160,Organization|PostalAddress|ContactPoint|WebSite|BreadcrumbList|ListItem|Service|City|Offer|FAQPage|Question|Answer,2026-06-22,data-entry (cities.ts/ocpi.ts),,,,,"Extras de Carte Funciară Online Galați — 89 RON, Fără Drum la OCPI | eGhiseul.ro"
/servicii/extras-de-carte-funciara/giurgiu,location: CF județ,true,742,1097,81,162,Organization|PostalAddress|ContactPoint|WebSite|BreadcrumbList|ListItem|Service|City|Offer|FAQPage|Question|Answer,2026-06-22,data-entry (cities.ts/ocpi.ts),,,,,"Extras de Carte Funciară Online Giurgiu — 89 RON, Fără Drum la OCPI | eGhiseul.ro"
/servicii/extras-de-carte-funciara/gorj,location: CF județ,true,736,1091,78,156,Organization|PostalAddress|ContactPoint|WebSite|BreadcrumbList|ListItem|Service|City|Offer|FAQPage|Question|Answer,2026-06-22,data-entry (cities.ts/ocpi.ts),,,,,"Extras de Carte Funciară Online Gorj — 89 RON, Fără Drum la OCPI | eGhiseul.ro"
/servicii/extras-de-carte-funciara/harghita,location: CF județ,true,737,1092,82,164,Organization|PostalAddress|ContactPoint|WebSite|BreadcrumbList|ListItem|Service|City|Offer|FAQPage|Question|Answer,2026-06-22,data-entry (cities.ts/ocpi.ts),,,,,"Extras de Carte Funciară Online Harghita — 89 RON, Fără Drum la OCPI | eGhiseul.ro"
/servicii/extras-de-carte-funciara/hunedoara,location: CF județ,true,740,1095,83,166,Organization|PostalAddress|ContactPoint|WebSite|BreadcrumbList|ListItem|Service|City|Offer|FAQPage|Question|Answer,2026-06-22,data-entry (cities.ts/ocpi.ts),,,,,"Extras de Carte Funciară Online Hunedoara — 89 RON, Fără Drum la OCPI | eGhiseul.ro"
/servicii/extras-de-carte-funciara/ialomita,location: CF județ,true,741,1096,82,164,Organization|PostalAddress|ContactPoint|WebSite|BreadcrumbList|ListItem|Service|City|Offer|FAQPage|Question|Answer,2026-06-22,data-entry (cities.ts/ocpi.ts),,,,,"Extras de Carte Funciară Online Ialomița — 89 RON, Fără Drum la OCPI | eGhiseul.ro"
/servicii/extras-de-carte-funciara/iasi,location: CF județ,true,951,1306,78,156,Organization|PostalAddress|ContactPoint|WebSite|BreadcrumbList|ListItem|Service|City|Offer|FAQPage|Question|Answer,2026-06-22,data-entry (cities.ts/ocpi.ts),,,,,"Extras de Carte Funciară Online Iași — 89 RON, Fără Drum la OCPI | eGhiseul.ro"
/servicii/extras-de-carte-funciara/ilfov,location: CF județ,true,919,1274,79,158,Organization|PostalAddress|ContactPoint|WebSite|BreadcrumbList|ListItem|Service|City|Offer|FAQPage|Question|Answer,2026-06-22,data-entry (cities.ts/ocpi.ts),,,,,"Extras de Carte Funciară Online Ilfov — 89 RON, Fără Drum la OCPI | eGhiseul.ro"
/servicii/extras-de-carte-funciara/maramures,location: CF județ,true,737,1092,83,166,Organization|PostalAddress|ContactPoint|WebSite|BreadcrumbList|ListItem|Service|City|Offer|FAQPage|Question|Answer,2026-06-22,data-entry (cities.ts/ocpi.ts),,,,,"Extras de Carte Funciară Online Maramureș — 89 RON, Fără Drum la OCPI | eGhiseul.ro"
/servicii/extras-de-carte-funciara/mehedinti,location: CF județ,true,743,1098,83,166,Organization|PostalAddress|ContactPoint|WebSite|BreadcrumbList|ListItem|Service|City|Offer|FAQPage|Question|Answer,2026-06-22,data-entry (cities.ts/ocpi.ts),,,,,"Extras de Carte Funciară Online Mehedinți — 89 RON, Fără Drum la OCPI | eGhiseul.ro"
/servicii/extras-de-carte-funciara/mures,location: CF județ,true,946,1301,79,158,Organization|PostalAddress|ContactPoint|WebSite|BreadcrumbList|ListItem|Service|City|Offer|FAQPage|Question|Answer,2026-06-22,data-entry (cities.ts/ocpi.ts),,,,,"Extras de Carte Funciară Online Mureș — 89 RON, Fără Drum la OCPI | eGhiseul.ro"
/servicii/extras-de-carte-funciara/neamt,location: CF județ,true,738,1093,79,158,Organization|PostalAddress|ContactPoint|WebSite|BreadcrumbList|ListItem|Service|City|Offer|FAQPage|Question|Answer,2026-06-22,data-entry (cities.ts/ocpi.ts),,,,,"Extras de Carte Funciară Online Neamț — 89 RON, Fără Drum la OCPI | eGhiseul.ro"
/servicii/extras-de-carte-funciara/olt,location: CF județ,true,742,1097,77,154,Organization|PostalAddress|ContactPoint|WebSite|BreadcrumbList|ListItem|Service|City|Offer|FAQPage|Question|Answer,2026-06-22,data-entry (cities.ts/ocpi.ts),,,,,"Extras de Carte Funciară Online Olt — 89 RON, Fără Drum la OCPI | eGhiseul.ro"
/servicii/extras-de-carte-funciara/prahova,location: CF județ,true,915,1270,81,162,Organization|PostalAddress|ContactPoint|WebSite|BreadcrumbList|ListItem|Service|City|Offer|FAQPage|Question|Answer,2026-06-22,data-entry (cities.ts/ocpi.ts),,,,,"Extras de Carte Funciară Online Prahova — 89 RON, Fără Drum la OCPI | eGhiseul.ro"
/servicii/extras-de-carte-funciara/salaj,location: CF județ,true,742,1097,79,158,Organization|PostalAddress|ContactPoint|WebSite|BreadcrumbList|ListItem|Service|City|Offer|FAQPage|Question|Answer,2026-06-22,data-entry (cities.ts/ocpi.ts),,,,,"Extras de Carte Funciară Online Sălaj — 89 RON, Fără Drum la OCPI | eGhiseul.ro"
/servicii/extras-de-carte-funciara/satu-mare,location: CF județ,true,764,1119,83,166,Organization|PostalAddress|ContactPoint|WebSite|BreadcrumbList|ListItem|Service|City|Offer|FAQPage|Question|Answer,2026-06-22,data-entry (cities.ts/ocpi.ts),,,,,"Extras de Carte Funciară Online Satu Mare — 89 RON, Fără Drum la OCPI | eGhiseul.ro"
/servicii/extras-de-carte-funciara/sibiu,location: CF județ,true,950,1305,79,158,Organization|PostalAddress|ContactPoint|WebSite|BreadcrumbList|ListItem|Service|City|Offer|FAQPage|Question|Answer,2026-06-22,data-entry (cities.ts/ocpi.ts),,,,,"Extras de Carte Funciară Online Sibiu — 89 RON, Fără Drum la OCPI | eGhiseul.ro"
/servicii/extras-de-carte-funciara/suceava,location: CF județ,true,944,1299,81,162,Organization|PostalAddress|ContactPoint|WebSite|BreadcrumbList|ListItem|Service|City|Offer|FAQPage|Question|Answer,2026-06-22,data-entry (cities.ts/ocpi.ts),,,,,"Extras de Carte Funciară Online Suceava — 89 RON, Fără Drum la OCPI | eGhiseul.ro"
/servicii/extras-de-carte-funciara/teleorman,location: CF județ,true,734,1089,83,166,Organization|PostalAddress|ContactPoint|WebSite|BreadcrumbList|ListItem|Service|City|Offer|FAQPage|Question|Answer,2026-06-22,data-entry (cities.ts/ocpi.ts),,,,,"Extras de Carte Funciară Online Teleorman — 89 RON, Fără Drum la OCPI | eGhiseul.ro"
/servicii/extras-de-carte-funciara/timis,location: CF județ,true,938,1293,79,158,Organization|PostalAddress|ContactPoint|WebSite|BreadcrumbList|ListItem|Service|City|Offer|FAQPage|Question|Answer,2026-06-22,data-entry (cities.ts/ocpi.ts),,,,,"Extras de Carte Funciară Online Timiș — 89 RON, Fără Drum la OCPI | eGhiseul.ro"
/servicii/extras-de-carte-funciara/tulcea,location: CF județ,true,736,1091,80,160,Organization|PostalAddress|ContactPoint|WebSite|BreadcrumbList|ListItem|Service|City|Offer|FAQPage|Question|Answer,2026-06-22,data-entry (cities.ts/ocpi.ts),,,,,"Extras de Carte Funciară Online Tulcea — 89 RON, Fără Drum la OCPI | eGhiseul.ro"
/servicii/extras-de-carte-funciara/valcea,location: CF județ,true,741,1096,80,160,Organization|PostalAddress|ContactPoint|WebSite|BreadcrumbList|ListItem|Service|City|Offer|FAQPage|Question|Answer,2026-06-22,data-entry (cities.ts/ocpi.ts),,,,,"Extras de Carte Funciară Online Vâlcea — 89 RON, Fără Drum la OCPI | eGhiseul.ro"
/servicii/extras-de-carte-funciara/vaslui,location: CF județ,true,735,1090,80,160,Organization|PostalAddress|ContactPoint|WebSite|BreadcrumbList|ListItem|Service|City|Offer|FAQPage|Question|Answer,2026-06-22,data-entry (cities.ts/ocpi.ts),,,,,"Extras de Carte Funciară Online Vaslui — 89 RON, Fără Drum la OCPI | eGhiseul.ro"
/servicii/extras-de-carte-funciara/vrancea,location: CF județ,true,746,1101,81,162,Organization|PostalAddress|ContactPoint|WebSite|BreadcrumbList|ListItem|Service|City|Offer|FAQPage|Question|Answer,2026-06-22,data-entry (cities.ts/ocpi.ts),,,,,"Extras de Carte Funciară Online Vrancea — 89 RON, Fără Drum la OCPI | eGhiseul.ro"
/servicii/extras-multilingv-certificat-casatorie,service page,true,2458,2813,88,179,Organization|PostalAddress|ContactPoint|WebSite|BreadcrumbList|ListItem|Service|Country|Offer|Product|Brand|AggregateOffer|MerchantReturnPolicy|OfferShippingDetails|MonetaryAmount|DefinedRegion|AggregateRating|WebPage|Person|FAQPage|Question|Answer,2026-06-22,page.tsx add,2026-06-25,2026-07-28,7,,"Extras Multilingv Certificat de Căsătorie 2026 — pentru UE, Fără Traducere | eGhiseul.ro"
/servicii/extras-multilingv-certificat-nastere,service page,true,2450,2805,86,177,Organization|PostalAddress|ContactPoint|WebSite|BreadcrumbList|ListItem|Service|Country|Offer|Product|Brand|AggregateOffer|MerchantReturnPolicy|OfferShippingDetails|MonetaryAmount|DefinedRegion|AggregateRating|WebPage|Person|FAQPage|Question|Answer,2026-06-22,page.tsx add,2026-06-25,2026-07-28,7,,"Extras Multilingv Certificat de Naștere 2026 — pentru UE, Fără Traducere | eGhiseul.ro"
/servicii/extras-plan-cadastral,service page,true,2189,2544,60,190,Organization|PostalAddress|ContactPoint|WebSite|BreadcrumbList|ListItem|Service|Country|Offer|Product|Brand|AggregateOffer|MerchantReturnPolicy|OfferShippingDetails|MonetaryAmount|DefinedRegion|AggregateRating|WebPage|Person|FAQPage|Question|Answer,2026-06-16,page.tsx add,2026-06-16,2026-07-28,15,,Extras de Plan Cadastral pe Ortofotoplan ANCPI | eGhiseul.ro
/servicii/identificare-imobil,service page,true,2262,2617,68,147,Organization|PostalAddress|ContactPoint|WebSite|BreadcrumbList|ListItem|Service|Country|Offer|Product|Brand|AggregateOffer|MerchantReturnPolicy|OfferShippingDetails|MonetaryAmount|DefinedRegion|AggregateRating|WebPage|Person|FAQPage|Question|Answer,2026-06-16,page.tsx add,2026-06-16,2026-08-05,17,,Număr Cadastral după Adresă — Îl Aflăm Noi | Extras CF | eGhiseul.ro
/servicii/identificare-imobile-proprietar,service page,true,2329,2684,68,192,Organization|PostalAddress|ContactPoint|WebSite|BreadcrumbList|ListItem|Service|Country|Offer|Product|Brand|AggregateOffer|MerchantReturnPolicy|OfferShippingDetails|MonetaryAmount|DefinedRegion|AggregateRating|WebPage|Person|FAQPage|Question|Answer,2026-06-25,page.tsx add,2026-06-25,2026-08-05,5,,Identificare Imobile după Proprietar — Lista Bunurilor | eGhiseul.ro
/servicii/plan-amplasament-delimitare,service page,true,2282,2637,69,253,Organization|PostalAddress|ContactPoint|WebSite|BreadcrumbList|ListItem|Service|Country|Offer|Product|Brand|AggregateOffer|MerchantReturnPolicy|OfferShippingDetails|MonetaryAmount|DefinedRegion|AggregateRating|WebPage|Person|FAQPage|Question|Answer,2026-06-25,page.tsx add,2026-06-25,2026-08-05,6,,Plan de Amplasament și Delimitare (PAD) din Arhiva OCPI | eGhiseul.ro
/servicii/rovinieta-online,service page,true,759,1104,69,177,Organization|PostalAddress|ContactPoint|WebSite|BreadcrumbList|ListItem|Service|Country|Product|Brand|AggregateRating|FAQPage|Question|Answer,2026-06-22,page.tsx add,,2026-08-07,8,,Rovinieta Online 2026 — Cumpără și Plătește în 2 Minute | eGhiseul.ro
/sms-fals-amenda-ghiseul-ro,article/guide,true,1008,1353,97,232,Organization|PostalAddress|ContactPoint|WebSite|BreadcrumbList|ListItem|Article|WebPage|FAQPage|Question|Answer,2026-07-15,page.tsx add,2026-07-15,2026-08-28,2,,SMS Fals cu Amendă de la „Ministerul Transporturilor”: frauda care imită Ghișeul.ro | eGhiseul.ro
/suspendare-activitate-firma-ghid,article/guide,true,717,1062,90,168,Organization|PostalAddress|ContactPoint|WebSite|BreadcrumbList|ListItem|Article|WebPage|FAQPage|Question|Answer,2026-07-31,page.tsx add,2026-07-31,2026-08-07,3,,"Suspendarea activității firmei: procedură, acte și ce obligații rămân (2026) | eGhiseul.ro"
/tabel-varsta-pensionare-anticipata-femei,article/guide,true,2535,2880,67,200,Organization|PostalAddress|ContactPoint|WebSite|BreadcrumbList|ListItem|Article|WebPage|FAQPage|Question|Answer,2026-06-16,page.tsx add,2024-01-01,2026-07-26,4,,Tabel Vârstă Pensionare Anticipată Femei (actualizat) | eGhiseul.ro
/taxa-cazier-judiciar,article/guide,true,847,1192,78,162,Organization|PostalAddress|ContactPoint|WebSite|BreadcrumbList|ListItem|Article|WebPage|FAQPage|Question|Answer,2026-06-16,page.tsx add,2024-01-01,2026-08-24,7,,Taxa pentru cazier judiciar: cât e de fapt și ce plătești online | eGhiseul.ro
/termeni-si-conditii,legal/trust,true,1668,2013,33,182,BreadcrumbList|ListItem,2026-06-16,page.tsx add,,2026-07-15,9,,Termeni și Condiții | eGhiseul.ro
/tools,hub/index,true,147,492,55,150,Organization|PostalAddress|ContactPoint|WebSite|BreadcrumbList|ListItem|CollectionPage,2026-06-22,page.tsx add,,2026-06-23,3,,Instrumente Online Gratuite — eGhișeul.ro | eGhiseul.ro
/tools/verificare-rovinieta-online,calculator/tool,true,871,1216,63,168,Organization|PostalAddress|ContactPoint|WebSite|BreadcrumbList|ListItem|WebApplication|Offer|WebPage|FAQPage|Question|Answer,2026-06-14,page.tsx add,,2026-08-07,11,,"Verificare Rovinietă Online — Gratuit, După Număr | eGhiseul.ro"
/totul-despre-cartea-funciara-colectiva,article/guide,true,988,1333,82,191,Organization|PostalAddress|ContactPoint|WebSite|BreadcrumbList|ListItem|Article|WebPage|FAQPage|Question|Answer,2026-06-16,page.tsx add,2024-01-01,2026-08-24,7,,"Cartea funciară colectivă: ce este, ce conține și cum obții extrasul | eGhiseul.ro"
/transcriere-certificat-de-casatorie,article/guide,true,711,1056,79,143,Organization|PostalAddress|ContactPoint|WebSite|BreadcrumbList|ListItem|Article|WebPage|FAQPage|Question|Answer,2026-06-19,page.tsx add,2026-06-19,2026-06-21,5,,Transcriere Certificat de Căsătorie din Străinătate: Ghid Complet | eGhiseul.ro
/transcriere-certificat-de-nastere,article/guide,true,1283,1628,77,174,Organization|PostalAddress|ContactPoint|WebSite|BreadcrumbList|ListItem|Article|WebPage|FAQPage|Question|Answer,2026-06-22,page.tsx add,2026-06-22,2026-08-07,2,,Transcriere Certificat de Naștere din Străinătate: Ghid Complet | eGhiseul.ro
/tva-9-locuinte-31-iulie-2026,article/guide,true,2231,2576,73,293,Organization|PostalAddress|ContactPoint|WebSite|BreadcrumbList|ListItem|Article|WebPage|FAQPage|Question|Answer,2026-07-20,page.tsx add,2026-07-20,2026-07-29,4,,TVA 9% Locuințe — Prelungire 30 Septembrie 2026 (vot Senat) | eGhiseul.ro
/valabilitate-certificat-de-celibat,article/guide,true,1657,2002,94,173,Organization|PostalAddress|ContactPoint|WebSite|BreadcrumbList|ListItem|Article|WebPage|FAQPage|Question|Answer,2026-06-22,page.tsx add,2026-06-22,2026-06-22,2,,"Valabilitate Certificat de Celibat: 6 Luni în România, 90 de Zile în Străinătate | eGhiseul.ro"
/valabilitate-extras-de-carte-funciara,article/guide,true,781,1126,69,176,Organization|PostalAddress|ContactPoint|WebSite|BreadcrumbList|ListItem|Article|WebPage|FAQPage|Question|Answer,2026-06-16,page.tsx add,2024-01-01,2026-06-23,4,,Valabilitate Extras de Carte Funciară: Cât Este Valabil | eGhiseul.ro
/verificare-cazier-fiscal,article/guide,true,1902,2247,74,261,Organization|PostalAddress|ContactPoint|WebSite|BreadcrumbList|ListItem|Article|WebPage|FAQPage|Question|Answer,2026-08-07,page.tsx add,2026-08-07,2026-08-07,2,,Verificare cazier fiscal: ce ai înscris și cât mai e valabil | eGhiseul.ro
/verificare-proprietar-imobil,article/guide,true,1383,1728,75,206,Organization|PostalAddress|ContactPoint|WebSite|BreadcrumbList|ListItem|Article|WebPage|FAQPage|Question|Answer,2026-07-17,page.tsx add,2026-07-17,2026-08-28,2,,Cum afli cine e proprietarul unui imobil (după adresă sau CF) | eGhiseul.ro
