set,route,words,uniqSent,uniqWords,uniqPct
cazier-oras,/servicii/cazier-judiciar-online/lugoj,1302,19,690,53
cazier-oras,/servicii/cazier-judiciar-online/onesti,1305,19,693,53.1
cazier-oras,/servicii/cazier-judiciar-online/barlad,1307,19,694,53.1
cazier-oras,/servicii/cazier-judiciar-online/medias,1307,19,694,53.1
cazier-oras,/servicii/cazier-judiciar-online/turda,1310,19,697,53.2
cazier-oras,/servicii/cazier-judiciar-online/sebes,1313,19,700,53.3
cazier-oras,/servicii/cazier-judiciar-online/vaslui,1379,21,745,54
cazier-oras,/servicii/cazier-judiciar-online/bacau,1385,21,750,54.2
cazier-oras,/servicii/cazier-judiciar-online/sibiu,1382,22,754,54.6
cazier-oras,/servicii/cazier-judiciar-online/cluj-napoca,1395,22,767,55
cazier-oras,/servicii/cazier-judiciar-online/timisoara,1400,22,767,54.8
cazier-oras,/servicii/cazier-judiciar-online/alba-iulia,1417,21,779,55
cazier-oras,/servicii/cazier-judiciar-online/slobozia,1364,24,791,58
cazier-oras,/servicii/cazier-judiciar-online/focsani,1369,24,795,58.1
cazier-oras,/servicii/cazier-judiciar-online/alexandria,1370,23,796,58.1
cazier-oras,/servicii/cazier-judiciar-online/bistrita,1372,23,798,58.2
cazier-oras,/servicii/cazier-judiciar-online/resita,1374,23,802,58.4
cazier-oras,/servicii/cazier-judiciar-online/giurgiu,1373,24,805,58.6
cazier-oras,/servicii/cazier-judiciar-online/calarasi,1379,23,806,58.4
cazier-oras,/servicii/cazier-judiciar-online/zalau,1380,23,806,58.4
cazier-oras,/servicii/cazier-judiciar-online/slatina,1384,23,807,58.3
cazier-oras,/servicii/cazier-judiciar-online/braila,1382,23,810,58.6
cazier-oras,/servicii/cazier-judiciar-online/deva,1384,23,810,58.5
cazier-oras,/servicii/cazier-judiciar-online/ploiesti,1383,24,813,58.8
cazier-oras,/servicii/cazier-judiciar-online/botosani,1382,23,814,58.9
cazier-oras,/servicii/cazier-judiciar-online/suceava,1392,23,815,58.5
cazier-oras,/servicii/cazier-judiciar-online/galati,1391,24,816,58.7
cazier-oras,/servicii/cazier-judiciar-online/miercurea-ciuc,1390,23,816,58.7
cazier-oras,/servicii/cazier-judiciar-online/targoviste,1384,23,816,59
cazier-oras,/servicii/cazier-judiciar-online/tulcea,1390,23,818,58.8
cazier-oras,/servicii/cazier-judiciar-online/ramnicu-valcea,1389,23,820,59
cazier-oras,/servicii/cazier-judiciar-online/buzau,1390,24,821,59.1
cazier-oras,/servicii/cazier-judiciar-online/sfantu-gheorghe,1398,24,821,58.7
cazier-oras,/servicii/cazier-judiciar-online/craiova,1399,24,824,58.9
cazier-oras,/servicii/cazier-judiciar-online/ilfov,1403,23,827,58.9
cazier-oras,/servicii/cazier-judiciar-online/arad,1403,24,828,59
cazier-oras,/servicii/cazier-judiciar-online/bucuresti,1375,24,829,60.3
cazier-oras,/servicii/cazier-judiciar-online/piatra-neamt,1410,23,830,58.9
cazier-oras,/servicii/cazier-judiciar-online/pitesti,1402,23,830,59.2
cazier-oras,/servicii/cazier-judiciar-online/targu-jiu,1407,24,831,59.1
cazier-oras,/servicii/cazier-judiciar-online/targu-mures,1407,23,832,59.1
cazier-oras,/servicii/cazier-judiciar-online/baia-mare,1408,24,833,59.2
cazier-oras,/servicii/cazier-judiciar-online/oradea,1409,25,840,59.6
cazier-oras,/servicii/cazier-judiciar-online/satu-mare,1417,23,840,59.3
cazier-oras,/servicii/cazier-judiciar-online/constanta,1411,26,843,59.7
cazier-oras,/servicii/cazier-judiciar-online/drobeta-turnu-severin,1419,25,843,59.4
cazier-oras,/servicii/cazier-judiciar-online/iasi,1416,27,845,59.7
cazier-oras,/servicii/cazier-judiciar-online/brasov,1421,26,852,60
cf-judet,/servicii/extras-de-carte-funciara/teleorman,753,15,411,54.6
cf-judet,/servicii/extras-de-carte-funciara/bacau,756,15,412,54.5
cf-judet,/servicii/extras-de-carte-funciara/bistrita-nasaud,755,15,412,54.6
cf-judet,/servicii/extras-de-carte-funciara/gorj,755,15,412,54.6
cf-judet,/servicii/extras-de-carte-funciara/tulcea,755,15,412,54.6
cf-judet,/servicii/extras-de-carte-funciara/vaslui,754,15,412,54.6
cf-judet,/servicii/extras-de-carte-funciara/harghita,756,15,413,54.6
cf-judet,/servicii/extras-de-carte-funciara/botosani,754,15,414,54.9
cf-judet,/servicii/extras-de-carte-funciara/braila,754,15,414,54.9
cf-judet,/servicii/extras-de-carte-funciara/maramures,756,15,414,54.8
cf-judet,/servicii/extras-de-carte-funciara/neamt,757,15,414,54.7
cf-judet,/servicii/extras-de-carte-funciara/valcea,760,15,417,54.9
cf-judet,/servicii/extras-de-carte-funciara/ialomita,760,15,418,55
cf-judet,/servicii/extras-de-carte-funciara/olt,761,15,418,54.9
cf-judet,/servicii/extras-de-carte-funciara/calarasi,764,15,419,54.8
cf-judet,/servicii/extras-de-carte-funciara/giurgiu,761,15,419,55.1
cf-judet,/servicii/extras-de-carte-funciara/hunedoara,759,15,419,55.2
cf-judet,/servicii/extras-de-carte-funciara/mehedinti,762,15,419,55
cf-judet,/servicii/extras-de-carte-funciara/salaj,761,15,421,55.3
cf-judet,/servicii/extras-de-carte-funciara/caras-severin,766,15,423,55.2
cf-judet,/servicii/extras-de-carte-funciara/dambovita,767,15,423,55.1
cf-judet,/servicii/extras-de-carte-funciara/vrancea,766,15,423,55.2
cf-judet,/servicii/extras-de-carte-funciara/alba,767,15,424,55.3
cf-judet,/servicii/extras-de-carte-funciara/covasna,768,15,424,55.2
cf-judet,/servicii/extras-de-carte-funciara/buzau,765,15,425,55.6
cf-judet,/servicii/extras-de-carte-funciara/arad,767,15,427,55.7
cf-judet,/servicii/extras-de-carte-funciara/satu-mare,783,15,440,56.2
cf-judet,/servicii/extras-de-carte-funciara/prahova,937,25,588,62.8
cf-judet,/servicii/extras-de-carte-funciara/ilfov,942,26,592,62.8
cf-judet,/servicii/extras-de-carte-funciara/arges,950,27,601,63.3
cf-judet,/servicii/extras-de-carte-funciara/dolj,953,26,605,63.5
cf-judet,/servicii/extras-de-carte-funciara/bucuresti,955,25,606,63.5
cf-judet,/servicii/extras-de-carte-funciara/galati,962,25,609,63.3
cf-judet,/servicii/extras-de-carte-funciara/bihor,960,27,612,63.8
cf-judet,/servicii/extras-de-carte-funciara/timis,963,27,620,64.4
cf-judet,/servicii/extras-de-carte-funciara/suceava,969,26,622,64.2
cf-judet,/servicii/extras-de-carte-funciara/cluj,968,27,623,64.4
cf-judet,/servicii/extras-de-carte-funciara/constanta,978,26,623,63.7
cf-judet,/servicii/extras-de-carte-funciara/iasi,975,27,624,64
cf-judet,/servicii/extras-de-carte-funciara/mures,969,27,624,64.4
cf-judet,/servicii/extras-de-carte-funciara/sibiu,975,27,634,65
cf-judet,/servicii/extras-de-carte-funciara/brasov,984,27,640,65
