site,class,url,words,ai_per1k,ai_per1k_nodash,promo,hedging,falseRanges,filler,copula,gerunds,dashes,boldTermLists,h2,robots
EGH,article,https://eghiseul.ro/acte-necesare-casatorie,1375,10.91,3.64,1,2,0,2,0,0,10,0,13,"index, follow"
EGH,article,https://eghiseul.ro/acte-necesare-certificat-de-nastere,714,8.4,1.4,0,0,1,0,0,0,5,0,8,"index, follow"
EGH,article,https://eghiseul.ro/amenda-rovinieta-2025-tarife-plata-online-ghid-complet,849,20.02,2.36,0,1,0,1,0,0,15,7,10,"index, follow"
EGH,article,https://eghiseul.ro/ancpi-nu-functioneaza,5827,15.1,0.86,0,1,0,3,1,0,83,19,13,"index, follow"
EGH,article,https://eghiseul.ro/anii-lucrati-in-strainatate-se-pun-la-pensie-in-romania,1049,0.95,0,0,0,0,0,0,0,1,0,8,"index, follow"
EGH,article,https://eghiseul.ro/apostila-de-la-haga-ghid-acte-obtinere,1194,10.05,0.84,0,1,0,0,0,0,11,0,10,"index, follow"
EGH,hub,https://eghiseul.ro/blog,1886,9.01,0.53,0,0,0,1,0,0,16,0,1,"index, follow"
EGH,hub,https://eghiseul.ro/calculator,521,3.84,0,0,0,0,0,0,0,2,0,4,"index, follow"
EGH,tool,https://eghiseul.ro/calculator/amenda-circulatie,1472,11.55,2.04,0,2,0,1,0,0,14,8,10,"index, follow"
EGH,tool,https://eghiseul.ro/calculator/calculator-data,1459,6.85,0.69,0,0,0,1,0,0,9,0,10,"index, follow"
EGH,tool,https://eghiseul.ro/calculator/calculator-impozit-auto,1082,12.94,1.85,0,1,0,1,0,0,12,8,9,"index, follow"
EGH,tool,https://eghiseul.ro/calculator/calculator-indemnizatie-crestere-copil,1820,9.34,2.2,0,1,0,3,0,0,13,5,13,"index, follow"
EGH,tool,https://eghiseul.ro/calculator/calculator-procente,1481,12.83,0.68,0,0,0,1,0,0,18,10,10,"index, follow"
EGH,tool,https://eghiseul.ro/calculator/cat-pot-construi,1363,16.87,1.47,0,0,0,2,0,0,21,2,8,"index, follow"
EGH,tool,https://eghiseul.ro/calculator/concediu-maternitate,1335,6.74,1.5,0,1,0,1,0,0,7,3,10,"index, follow"
EGH,tool,https://eghiseul.ro/calculator/concediu-medical,1534,17.6,3.91,0,3,1,1,1,0,21,16,13,"index, follow"
EGH,tool,https://eghiseul.ro/calculator/concediu-paternal,1336,14.22,1.5,0,1,0,1,0,0,17,10,10,"index, follow"
EGH,tool,https://eghiseul.ro/calculator/contributii-pfa,1550,9.68,0.65,0,0,0,1,0,0,14,6,11,"index, follow"
EGH,tool,https://eghiseul.ro/calculator/cost-cadastru-intabulare,1462,27.36,1.37,0,0,1,1,0,0,38,0,9,"index, follow"
EGH,tool,https://eghiseul.ro/calculator/credit-ipotecar,1265,8.7,3.16,0,3,0,1,0,0,7,5,9,"index, follow"
EGH,tool,https://eghiseul.ro/calculator/diurna,1287,4.66,0.78,0,0,0,1,0,0,5,12,10,"index, follow"
EGH,tool,https://eghiseul.ro/calculator/dividende,1379,10.15,2.18,1,1,0,1,0,0,11,10,11,"index, follow"
EGH,tool,https://eghiseul.ro/calculator/dobanda-legala,1245,10.44,2.41,0,1,0,1,1,0,10,3,9,"index, follow"
EGH,tool,https://eghiseul.ro/calculator/estimare-pensie,1171,8.54,1.71,0,0,0,2,0,0,8,0,10,"index, follow"
EGH,tool,https://eghiseul.ro/calculator/grad-indatorare,1469,4.77,0.68,0,0,0,1,0,0,6,2,10,"index, follow"
EGH,tool,https://eghiseul.ro/calculator/impozit-casa,1420,27.46,2.11,0,1,1,1,0,0,36,4,11,"index, follow"
EGH,tool,https://eghiseul.ro/calculator/impozit-chirie,1299,9.24,2.31,0,2,0,1,0,0,9,0,9,"index, follow"
EGH,tool,https://eghiseul.ro/calculator/impozit-pensie,1474,8.14,0.68,0,0,0,1,0,0,11,5,12,"index, follow"
EGH,tool,https://eghiseul.ro/calculator/indemnizatie-somaj,1337,20.94,10.47,0,1,11,1,0,1,14,8,10,"index, follow"
EGH,tool,https://eghiseul.ro/calculator/inflatie,1473,13.58,1.36,0,1,0,1,0,0,18,0,10,"index, follow"
EGH,tool,https://eghiseul.ro/calculator/jugar-stanjen-in-mp,1372,15.31,1.46,0,1,0,1,0,0,19,0,7,"index, follow"
EGH,tool,https://eghiseul.ro/calculator/penalitati-anaf,1568,8.29,0.64,0,0,0,1,0,0,12,15,11,"index, follow"
EGH,tool,https://eghiseul.ro/calculator/pensie-alimentara,1214,9.06,0.82,0,0,0,1,0,0,10,10,10,"index, follow"
EGH,tool,https://eghiseul.ro/calculator/pensie-invaliditate,1224,13.89,1.63,0,0,0,1,0,1,15,10,10,"index, follow"
EGH,tool,https://eghiseul.ro/calculator/rambursare-anticipata,997,10.03,5.02,0,4,0,1,0,0,5,0,9,"index, follow"
EGH,tool,https://eghiseul.ro/calculator/reabilitare,1353,19.22,6.65,0,1,7,1,0,0,17,15,9,"index, follow"
EGH,tool,https://eghiseul.ro/calculator/salariu,1035,15.46,4.83,0,4,0,1,0,0,11,10,9,"index, follow"
EGH,tool,https://eghiseul.ro/calculator/spor-salarial,1307,11.48,0.77,0,0,0,1,0,0,14,3,9,"index, follow"
EGH,tool,https://eghiseul.ro/calculator/taxa-judiciara-de-timbru,1451,18.61,2.76,0,3,0,1,0,0,23,13,11,"index, follow"
EGH,tool,https://eghiseul.ro/calculator/taxe-notariale,1376,13.81,2.18,0,2,0,1,0,0,16,8,11,"index, follow"
EGH,tool,https://eghiseul.ro/calculator/taxe-srl,1072,8.4,1.87,0,1,0,1,0,0,7,0,9,"index, follow"
EGH,tool,https://eghiseul.ro/calculator/termene-judiciare,1297,10.02,1.54,0,1,0,1,0,0,11,0,10,"index, follow"
EGH,tool,https://eghiseul.ro/calculator/tva,1382,13.75,2.89,0,2,0,2,0,0,15,6,11,"index, follow"
EGH,tool,https://eghiseul.ro/calculator/valabilitate-documente,766,20.89,2.61,0,0,0,2,0,0,14,0,6,"index, follow"
EGH,tool,https://eghiseul.ro/calculator/varsta-pensionare,1222,9.82,3.27,0,3,0,1,0,0,8,0,10,"index, follow"
EGH,tool,https://eghiseul.ro/calculator/vechime-in-munca,1325,6.04,0.75,0,0,0,1,0,0,7,16,9,"index, follow"
EGH,tool,https://eghiseul.ro/calculator/zile-concediu-odihna,1344,11.16,1.49,1,0,0,1,0,0,13,20,9,"index, follow"
EGH,tool,https://eghiseul.ro/calculator/zile-lucratoare,1203,13.3,1.66,0,1,0,1,0,0,14,0,9,"index, follow"
EGH,article,https://eghiseul.ro/cat-costa-cadastrul-si-intabularea,1577,18.39,0.63,0,0,1,0,0,0,28,4,11,"index, follow"
EGH,article,https://eghiseul.ro/cat-poti-construi-pe-teren,1309,16.81,0.76,0,1,0,0,0,0,21,2,11,"index, follow"
EGH,article,https://eghiseul.ro/cazier-fiscal-fara-spv,1946,4.62,2.57,0,0,3,2,0,0,4,0,11,"index, follow"
EGH,article,https://eghiseul.ro/cazier-fiscal-firma,1982,3.53,2.02,0,1,2,1,0,0,3,0,10,"index, follow"
EGH,article,https://eghiseul.ro/cazier-fiscal-persoana-fizica,1575,8.25,1.9,0,0,2,1,0,0,10,0,10,"index, follow"
EGH,article,https://eghiseul.ro/cazier-judiciar-online-gratuit,1513,8.59,1.98,0,2,0,1,0,0,10,0,9,"index, follow"
EGH,article,https://eghiseul.ro/cazier-judiciar-vs-certificat-integritate-comportamentala,1414,3.54,0.71,1,0,0,0,0,0,4,0,11,"index, follow"
EGH,article,https://eghiseul.ro/cazier-si-certificat-de-integritate-pentru-profesori,1335,15.73,0.75,0,0,0,1,0,0,20,4,11,"index, follow"
EGH,article,https://eghiseul.ro/ce-este-planul-cadastral,626,9.58,1.6,0,0,0,1,0,0,5,0,9,"index, follow"
EGH,article,https://eghiseul.ro/ce-este-un-releveu,704,9.94,1.42,0,1,0,0,0,0,6,0,10,"index, follow"
EGH,article,https://eghiseul.ro/cele-4-tipuri-de-certificat-constatator-online,1269,3.15,2.36,0,3,0,0,0,0,1,0,6,"index, follow"
EGH,article,https://eghiseul.ro/certificat-constatator-cu-istoric,810,3.7,2.47,0,2,0,0,0,0,1,0,7,"index, follow"
EGH,article,https://eghiseul.ro/certificat-constatator-de-baza,989,4.04,3.03,0,3,0,0,0,0,1,0,8,"index, follow"
EGH,article,https://eghiseul.ro/certificat-constatator-insolventa,889,1.12,0,0,0,0,0,0,0,1,0,8,"index, follow"
EGH,article,https://eghiseul.ro/certificat-constatator-pentru-banca,1533,7.18,1.96,1,1,0,1,0,0,8,0,13,"index, follow"
EGH,article,https://eghiseul.ro/certificat-constatator-pentru-fonduri-europene,1391,9.35,2.88,2,2,0,0,0,0,9,0,12,"index, follow"
EGH,article,https://eghiseul.ro/certificat-constatator-pentru-licitatie,1248,8.81,1.6,2,0,0,0,0,0,9,0,10,"index, follow"
EGH,article,https://eghiseul.ro/certificat-constatator-pentru-notar,1420,14.79,2.82,0,2,0,1,1,0,17,0,12,"index, follow"
EGH,article,https://eghiseul.ro/certificat-constatator-pfa,863,6.95,5.79,0,4,1,0,0,0,1,0,8,"index, follow"
EGH,article,https://eghiseul.ro/certificat-de-celibat-pentru-casatorie-in-strainatate,1574,17.15,3.18,0,3,1,1,0,0,22,0,13,"index, follow"
EGH,article,https://eghiseul.ro/certificat-de-celibat,1455,12.37,0.69,0,1,0,0,0,0,17,0,14,"index, follow"
EGH,article,https://eghiseul.ro/certificat-de-nastere-din-strainatate,1382,10.85,0,0,0,0,0,0,0,15,0,10,"index, follow"
EGH,article,https://eghiseul.ro/certificat-de-nastere-pentru-buletin-pasaport,2293,2.18,1.74,0,3,0,1,0,0,1,0,12,"index, follow"
EGH,article,https://eghiseul.ro/certificat-de-nastere-pierdut,1277,14.1,3.92,0,3,1,1,0,0,13,0,13,"index, follow"
EGH,legal,https://eghiseul.ro/contact,207,19.32,0,0,0,0,0,0,0,4,0,6,"index, follow"
EGH,article,https://eghiseul.ro/cum-aflam-numarul-carte-functionara-si-nr-cadastral,1585,13.25,3.15,4,0,0,0,0,1,16,1,11,"index, follow"
EGH,article,https://eghiseul.ro/cum-vor-arata-documentele-de-stare-civila-2025,1005,19.9,8.96,7,0,0,0,0,2,11,0,8,"index, follow"
EGH,tool,https://eghiseul.ro/curs-valutar,487,14.37,0,0,0,0,0,0,0,7,0,7,"index, follow"
EGH,article,https://eghiseul.ro/duplicat-certificat-de-casatorie,1363,9.54,0,0,0,0,0,0,0,13,0,12,"index, follow"
EGH,article,https://eghiseul.ro/duplicat-certificat-de-nastere,1348,8.16,1.48,0,0,1,1,0,0,9,0,11,"index, follow"
EGH,article,https://eghiseul.ro/eliberare-certificat-constatator-onrc-ghid,848,15.33,14.15,4,6,0,1,1,0,1,0,10,"index, follow"
EGH,article,https://eghiseul.ro/extras-carte-funciara-gratuit,1127,9.76,0.89,0,1,0,0,0,0,10,7,9,"index, follow"
EGH,article,https://eghiseul.ro/extras-de-carte-funciara-pentru-casa-verde,1114,9.87,8.08,4,1,0,0,0,4,2,0,12,"index, follow"
EGH,legal,https://eghiseul.ro/gdpr,213,9.39,0,0,0,0,0,0,0,2,0,4,"index, follow"
EGH,article,https://eghiseul.ro/ghid-complet-certificat-de-integritate-comportamentala,685,11.68,8.76,4,0,0,0,1,1,2,0,9,"index, follow"
EGH,home,https://eghiseul.ro/,2080,14.42,1.44,2,0,1,0,0,0,27,2,8,"index, follow"
EGH,article,https://eghiseul.ro/informatii-cazier-auto-online,780,5.13,2.56,0,0,2,0,0,0,2,5,12,"index, follow"
EGH,article,https://eghiseul.ro/inregistrare-nastere-copil-nou-nascut,1447,6.22,3.46,2,1,0,2,0,0,4,0,14,"index, follow"
EGH,article,https://eghiseul.ro/model-certificat-de-casatorie,560,12.5,0,0,0,0,0,0,0,7,0,8,"index, follow"
EGH,legal,https://eghiseul.ro/politica-cookies,374,24.06,2.67,0,0,0,1,0,0,8,2,7,"index, follow"
EGH,legal,https://eghiseul.ro/politica-de-anulare,720,19.44,4.17,0,0,2,1,0,0,11,0,7,"index, follow"
EGH,legal,https://eghiseul.ro/politica-de-confidentialitate,1119,35.75,0.89,1,0,0,0,0,0,39,4,12,"index, follow"
EGH,article,https://eghiseul.ro/radiere-firma-srl-ghid,933,20.36,3.22,0,0,2,1,0,0,16,0,9,"index, follow"
EGH,article,https://eghiseul.ro/rolul-si-atributiile-onrc-romania,645,3.1,0,0,0,0,0,0,0,2,0,7,"index, follow"
EGH,article,https://eghiseul.ro/schimbare-certificat-de-nastere-vechi,830,9.64,2.41,0,1,1,0,0,0,6,0,10,"index, follow"
EGH,article,https://eghiseul.ro/schimbare-sediu-social-srl-ghid,842,9.5,0,0,0,0,0,0,0,8,5,8,"index, follow"
EGH,hub,https://eghiseul.ro/servicii,810,1.23,0,0,0,0,0,0,0,1,0,6,"index, follow"
EGH,service,https://eghiseul.ro/servicii/actualizare-adresa-cf,2311,6.49,0.43,0,1,0,0,0,0,14,0,8,"index, follow"
EGH,service,https://eghiseul.ro/servicii/cazier-auto-online,2969,13.81,4.04,0,0,12,0,0,0,29,0,13,"index, follow"
EGH,service,https://eghiseul.ro/servicii/cazier-fiscal-online,2633,10.25,2.28,0,0,6,0,0,0,21,0,10,"index, follow"
EGH,service,https://eghiseul.ro/servicii/cazier-judiciar-online,4650,21.29,8.6,1,3,35,1,0,0,59,3,13,"index, follow"
EGH,location,https://eghiseul.ro/servicii/cazier-judiciar-online/cluj-napoca,1359,16.92,4.42,0,1,5,0,0,0,17,1,12,"index, follow"
EGH,location,https://eghiseul.ro/servicii/cazier-judiciar-online/constanta,1373,17.48,4.37,0,1,5,0,0,0,18,1,12,"index, follow"
EGH,location,https://eghiseul.ro/servicii/cazier-judiciar-online/focsani,1333,16.5,4.5,0,1,5,0,0,0,16,1,12,"index, follow"
EGH,location,https://eghiseul.ro/servicii/cazier-judiciar-online/iasi,1375,16,4.36,0,1,5,0,0,0,16,1,12,"index, follow"
EGH,service,https://eghiseul.ro/servicii/cazier-judiciar-online/persoana-fizica,2188,13.25,6.86,0,1,14,0,0,0,14,0,9,"index, follow"
EGH,service,https://eghiseul.ro/servicii/cazier-judiciar-online/persoana-juridica,2160,11.11,6.02,0,0,13,0,0,0,11,0,10,"index, follow"
EGH,location,https://eghiseul.ro/servicii/cazier-judiciar-online/piatra-neamt,1375,16,4.36,0,1,5,0,0,0,16,1,12,"index, follow"
EGH,location,https://eghiseul.ro/servicii/cazier-judiciar-online/ramnicu-valcea,1352,17.01,4.44,0,1,5,0,0,0,17,1,12,"index, follow"
EGH,location,https://eghiseul.ro/servicii/cazier-judiciar-online/satu-mare,1382,15.92,4.34,0,1,5,0,0,0,16,1,12,"index, follow"
EGH,location,https://eghiseul.ro/servicii/cazier-judiciar-online/timisoara,1364,17.6,5.13,0,1,6,0,0,0,17,1,12,"index, follow"
EGH,service,https://eghiseul.ro/servicii/certificat-constatator-online,3156,11.41,1.27,1,3,0,0,0,0,32,0,12,"index, follow"
EGH,service,https://eghiseul.ro/servicii/certificat-de-integritate-comportamentala,2573,13.6,4.28,0,2,9,0,0,0,24,0,11,"index, follow"
EGH,service,https://eghiseul.ro/servicii/certificat-detineri-imobile,2429,4.53,0.41,0,1,0,0,0,0,10,0,8,"index, follow"
EGH,service,https://eghiseul.ro/servicii/certificat-sarcini,2301,5.22,0,0,0,0,0,0,0,12,0,8,"index, follow"
EGH,service,https://eghiseul.ro/servicii/certificat-urbanism-informare,2230,9.87,0.9,0,0,1,1,0,0,20,0,8,"index, follow"
EGH,service,https://eghiseul.ro/servicii/copie-arhiva-ocpi,2347,4.69,0,0,0,0,0,0,0,11,0,8,"index, follow"
EGH,service,https://eghiseul.ro/servicii/copie-carte-funciara,2335,3,0,0,0,0,0,0,0,7,0,8,"index, follow"
EGH,service,https://eghiseul.ro/servicii/copie-contract-vanzare,2246,6.68,0.45,0,1,0,0,0,0,14,0,8,"index, follow"
EGH,service,https://eghiseul.ro/servicii/copie-intabulare,2310,3.9,0.43,0,0,0,1,0,0,8,0,8,"index, follow"
EGH,service,https://eghiseul.ro/servicii/copie-inventar-coordonate,2308,3.9,0.43,0,0,0,1,0,0,8,0,8,"index, follow"
EGH,service,https://eghiseul.ro/servicii/copie-plan-cadastral,2227,4.04,0.9,0,1,0,1,0,0,7,0,8,"index, follow"
EGH,service,https://eghiseul.ro/servicii/copie-plan-incadrare,2203,4.99,0,0,0,0,0,0,0,11,0,8,"index, follow"
EGH,service,https://eghiseul.ro/servicii/copie-releveu,2231,5.83,0.9,0,1,0,1,0,0,11,0,8,"index, follow"
EGH,service,https://eghiseul.ro/servicii/eliberare-certificat-de-casatorie,2670,14.61,2.62,0,0,7,0,0,0,32,0,11,"index, follow"
EGH,service,https://eghiseul.ro/servicii/eliberare-certificat-de-celibat,2428,14,3.71,0,2,7,0,0,0,25,0,11,"index, follow"
EGH,service,https://eghiseul.ro/servicii/eliberare-certificat-de-nastere,2973,13.45,2.35,0,0,7,0,0,0,33,0,12,"index, follow"
EGH,service,https://eghiseul.ro/servicii/extras-cf-colectiv,2316,6.04,2.16,1,3,0,1,0,0,9,0,8,"index, follow"
EGH,service,https://eghiseul.ro/servicii/extras-de-carte-funciara,3777,10.33,0.53,0,1,0,1,0,0,37,0,15,"index, follow"
EGH,location,https://eghiseul.ro/servicii/extras-de-carte-funciara/alba,747,20.08,0,0,0,0,0,0,0,15,0,9,"index, follow"
EGH,location,https://eghiseul.ro/servicii/extras-de-carte-funciara/arad,747,20.08,0,0,0,0,0,0,0,15,0,9,"index, follow"
EGH,location,https://eghiseul.ro/servicii/extras-de-carte-funciara/arges,924,21.65,0,0,0,0,0,0,0,20,0,10,"index, follow"
EGH,location,https://eghiseul.ro/servicii/extras-de-carte-funciara/bacau,737,12.21,0,0,0,0,0,0,0,9,0,9,"index, follow"
EGH,location,https://eghiseul.ro/servicii/extras-de-carte-funciara/bihor,937,12.81,0,0,0,0,0,0,0,12,0,10,"index, follow"
EGH,location,https://eghiseul.ro/servicii/extras-de-carte-funciara/bistrita-nasaud,736,12.23,0,0,0,0,0,0,0,9,0,9,"index, follow"
EGH,location,https://eghiseul.ro/servicii/extras-de-carte-funciara/botosani,735,12.24,0,0,0,0,0,0,0,9,0,9,"index, follow"
EGH,location,https://eghiseul.ro/servicii/extras-de-carte-funciara/braila,735,12.24,0,0,0,0,0,0,0,9,0,9,"index, follow"
EGH,location,https://eghiseul.ro/servicii/extras-de-carte-funciara/brasov,961,19.77,0,0,0,0,0,0,0,19,0,10,"index, follow"
EGH,location,https://eghiseul.ro/servicii/extras-de-carte-funciara/bucuresti,930,20.43,0,0,0,0,0,0,0,19,0,10,"index, follow"
EGH,location,https://eghiseul.ro/servicii/extras-de-carte-funciara/buzau,745,20.13,0,0,0,0,0,0,0,15,0,9,"index, follow"
EGH,location,https://eghiseul.ro/servicii/extras-de-carte-funciara/calarasi,744,17.47,0,0,0,0,0,0,0,13,0,9,"index, follow"
EGH,location,https://eghiseul.ro/servicii/extras-de-carte-funciara/caras-severin,746,20.11,0,0,0,0,0,0,0,15,0,9,"index, follow"
EGH,location,https://eghiseul.ro/servicii/extras-de-carte-funciara/cluj,944,16.95,0,0,0,0,0,0,0,16,0,10,"index, follow"
EGH,location,https://eghiseul.ro/servicii/extras-de-carte-funciara/constanta,954,18.87,0,0,0,0,0,0,0,18,0,10,"index, follow"
EGH,location,https://eghiseul.ro/servicii/extras-de-carte-funciara/covasna,748,20.05,0,0,0,0,0,0,0,15,0,9,"index, follow"
EGH,location,https://eghiseul.ro/servicii/extras-de-carte-funciara/dambovita,747,20.08,0,0,0,0,0,0,0,15,0,9,"index, follow"
EGH,location,https://eghiseul.ro/servicii/extras-de-carte-funciara/dolj,929,19.38,0,0,0,0,0,0,0,18,0,10,"index, follow"
EGH,location,https://eghiseul.ro/servicii/extras-de-carte-funciara/galati,935,22.46,0,0,0,0,0,0,0,21,0,10,"index, follow"
EGH,location,https://eghiseul.ro/servicii/extras-de-carte-funciara/giurgiu,742,16.17,0,0,0,0,0,0,0,12,0,9,"index, follow"
EGH,location,https://eghiseul.ro/servicii/extras-de-carte-funciara/gorj,736,12.23,0,0,0,0,0,0,0,9,0,9,"index, follow"
EGH,location,https://eghiseul.ro/servicii/extras-de-carte-funciara/harghita,737,12.21,0,0,0,0,0,0,0,9,0,9,"index, follow"
EGH,location,https://eghiseul.ro/servicii/extras-de-carte-funciara/hunedoara,740,16.22,0,0,0,0,0,0,0,12,0,9,"index, follow"
EGH,location,https://eghiseul.ro/servicii/extras-de-carte-funciara/ialomita,741,16.19,0,0,0,0,0,0,0,12,0,9,"index, follow"
EGH,location,https://eghiseul.ro/servicii/extras-de-carte-funciara/iasi,951,19.98,0,0,0,0,0,0,0,19,0,10,"index, follow"
EGH,location,https://eghiseul.ro/servicii/extras-de-carte-funciara/ilfov,919,13.06,0,0,0,0,0,0,0,12,0,10,"index, follow"
EGH,location,https://eghiseul.ro/servicii/extras-de-carte-funciara/maramures,737,12.21,0,0,0,0,0,0,0,9,0,9,"index, follow"
EGH,location,https://eghiseul.ro/servicii/extras-de-carte-funciara/mehedinti,743,16.15,0,0,0,0,0,0,0,12,0,9,"index, follow"
EGH,location,https://eghiseul.ro/servicii/extras-de-carte-funciara/mures,946,19.03,0,0,0,0,0,0,0,18,0,10,"index, follow"
EGH,location,https://eghiseul.ro/servicii/extras-de-carte-funciara/neamt,738,12.2,0,0,0,0,0,0,0,9,0,9,"index, follow"
EGH,location,https://eghiseul.ro/servicii/extras-de-carte-funciara/olt,742,16.17,0,0,0,0,0,0,0,12,0,9,"index, follow"
EGH,location,https://eghiseul.ro/servicii/extras-de-carte-funciara/prahova,915,12.02,0,0,0,0,0,0,0,11,0,10,"index, follow"
EGH,location,https://eghiseul.ro/servicii/extras-de-carte-funciara/salaj,742,16.17,0,0,0,0,0,0,0,12,0,9,"index, follow"
EGH,location,https://eghiseul.ro/servicii/extras-de-carte-funciara/satu-mare,764,15.71,0,0,0,0,0,0,0,12,0,9,"index, follow"
EGH,location,https://eghiseul.ro/servicii/extras-de-carte-funciara/sibiu,950,20,0,0,0,0,0,0,0,19,0,10,"index, follow"
EGH,location,https://eghiseul.ro/servicii/extras-de-carte-funciara/suceava,944,20.13,0,0,0,0,0,0,0,19,0,10,"index, follow"
EGH,location,https://eghiseul.ro/servicii/extras-de-carte-funciara/teleorman,734,12.26,0,0,0,0,0,0,0,9,0,9,"index, follow"
EGH,location,https://eghiseul.ro/servicii/extras-de-carte-funciara/timis,938,14.93,0,0,0,0,0,0,0,14,0,10,"index, follow"
EGH,location,https://eghiseul.ro/servicii/extras-de-carte-funciara/tulcea,736,12.23,0,0,0,0,0,0,0,9,0,9,"index, follow"
EGH,location,https://eghiseul.ro/servicii/extras-de-carte-funciara/valcea,741,16.19,0,0,0,0,0,0,0,12,0,9,"index, follow"
EGH,location,https://eghiseul.ro/servicii/extras-de-carte-funciara/vaslui,735,12.24,0,0,0,0,0,0,0,9,0,9,"index, follow"
EGH,location,https://eghiseul.ro/servicii/extras-de-carte-funciara/vrancea,746,20.11,0,0,0,0,0,0,0,15,0,9,"index, follow"
EGH,service,https://eghiseul.ro/servicii/extras-multilingv-certificat-casatorie,2458,12.21,2.44,0,0,6,0,0,0,24,0,11,"index, follow"
EGH,service,https://eghiseul.ro/servicii/extras-multilingv-certificat-nastere,2450,12.65,2.86,0,1,6,0,0,0,24,0,11,"index, follow"
EGH,service,https://eghiseul.ro/servicii/extras-plan-cadastral,2189,5.48,0,0,0,0,0,0,0,12,0,8,"index, follow"
EGH,service,https://eghiseul.ro/servicii/identificare-imobil,2262,7.52,1.77,0,0,4,0,0,0,13,0,8,"index, follow"
EGH,service,https://eghiseul.ro/servicii/identificare-imobile-proprietar,2329,3.43,0,0,0,0,0,0,0,8,0,8,"index, follow"
EGH,service,https://eghiseul.ro/servicii/plan-amplasament-delimitare,2282,5.7,1.31,0,2,0,1,0,0,10,0,8,"index, follow"
EGH,service,https://eghiseul.ro/servicii/rovinieta-online,759,11.86,2.64,1,1,0,0,0,0,7,1,7,"index, follow"
EGH,article,https://eghiseul.ro/sms-fals-amenda-ghiseul-ro,1008,1.98,0.99,0,0,0,1,0,0,1,0,8,"index, follow"
EGH,article,https://eghiseul.ro/suspendare-activitate-firma-ghid,717,11.16,0,0,0,0,0,0,0,8,0,8,"index, follow"
EGH,article,https://eghiseul.ro/tabel-varsta-pensionare-anticipata-femei,2535,1.18,0.39,0,1,0,0,0,0,2,0,9,"index, follow"
EGH,article,https://eghiseul.ro/taxa-cazier-judiciar,847,8.26,2.36,0,1,0,1,0,0,5,0,8,"index, follow"
EGH,legal,https://eghiseul.ro/termeni-si-conditii,1668,17.99,1.8,1,1,1,0,0,0,27,1,18,"index, follow"
EGH,hub,https://eghiseul.ro/tools,147,13.61,0,0,0,0,0,0,0,2,0,3,"index, follow"
EGH,tool,https://eghiseul.ro/tools/verificare-rovinieta-online,871,8.04,1.15,0,0,0,1,0,0,6,1,9,"index, follow"
EGH,article,https://eghiseul.ro/totul-despre-cartea-funciara-colectiva,988,1.01,0,0,0,0,0,0,0,1,0,9,"index, follow"
EGH,article,https://eghiseul.ro/transcriere-certificat-de-casatorie,711,7.03,1.41,0,1,0,0,0,0,4,0,9,"index, follow"
EGH,article,https://eghiseul.ro/transcriere-certificat-de-nastere,1283,14.81,5.46,1,4,0,2,0,0,12,0,12,"index, follow"
EGH,article,https://eghiseul.ro/tva-9-locuinte-31-iulie-2026,2231,18.83,1.79,0,2,0,1,1,0,38,5,9,"index, follow"
EGH,article,https://eghiseul.ro/valabilitate-certificat-de-celibat,1657,12.67,3.02,1,2,0,2,0,0,16,0,12,"index, follow"
EGH,article,https://eghiseul.ro/valabilitate-extras-de-carte-funciara,781,6.4,5.12,0,4,0,0,0,0,1,0,6,"index, follow"
EGH,article,https://eghiseul.ro/verificare-cazier-fiscal,1902,4.21,2.63,1,1,2,1,0,0,3,0,11,"index, follow"
EGH,article,https://eghiseul.ro/verificare-proprietar-imobil,1383,1.45,0.72,0,0,0,1,0,0,1,0,11,"index, follow"
CJO,article,https://cazierjudiciaronline.com/acte-necesare-cazier-judiciar,2236,25.04,3.58,0,0,7,0,1,0,48,1,11,""
CJO,hub,https://cazierjudiciaronline.com/blog,1036,21.24,0,0,0,0,0,0,0,22,0,3,""
CJO,service,https://cazierjudiciaronline.com/cazier-auto-online,962,12.47,10.4,1,1,8,0,0,0,2,0,8,""
CJO,service,https://cazierjudiciaronline.com/cazier-fiscal-online,2135,16.86,8.43,0,2,15,1,0,0,18,1,16,""
CJO,service,https://cazierjudiciaronline.com/cazier-fiscal-persoana-juridica,1991,10.05,4.52,0,1,7,1,0,0,11,3,13,""
CJO,article,https://cazierjudiciaronline.com/cazier-fiscal-vs-cazier-judiciar,2185,6.86,5.95,0,1,9,3,0,0,2,0,10,""
CJO,service,https://cazierjudiciaronline.com/cazier-judiciar-diaspora,2472,19.82,11.33,0,4,24,0,0,0,21,0,15,""
CJO,article,https://cazierjudiciaronline.com/cazier-judiciar-gratuit,2806,19.24,7.13,0,1,18,1,0,0,34,9,12,""
CJO,location,https://cazierjudiciaronline.com/cazier-judiciar-online/alba-iulia,1383,15.91,10.12,1,2,11,0,0,0,8,1,16,""
CJO,location,https://cazierjudiciaronline.com/cazier-judiciar-online/alexandria,1359,16.19,10.3,1,2,11,0,0,0,8,1,16,""
CJO,location,https://cazierjudiciaronline.com/cazier-judiciar-online/arad,1453,15.14,9.64,1,2,11,0,0,0,8,1,16,""
CJO,location,https://cazierjudiciaronline.com/cazier-judiciar-online/bacau,1434,16.04,10.46,1,2,12,0,0,0,8,1,16,""
CJO,location,https://cazierjudiciaronline.com/cazier-judiciar-online/baia-mare,1381,15.93,10.14,1,2,11,0,0,0,8,1,16,""
CJO,location,https://cazierjudiciaronline.com/cazier-judiciar-online/bistrita,1358,16.2,10.31,1,2,11,0,0,0,8,1,16,""
CJO,location,https://cazierjudiciaronline.com/cazier-judiciar-online/botosani,1365,16.12,10.26,1,2,11,0,0,0,8,1,16,""
CJO,location,https://cazierjudiciaronline.com/cazier-judiciar-online/braila,1361,16.16,10.29,1,2,11,0,0,0,8,1,16,""
CJO,location,https://cazierjudiciaronline.com/cazier-judiciar-online/brasov,1434,14.64,9.07,1,2,10,0,0,0,8,1,16,""
CJO,location,https://cazierjudiciaronline.com/cazier-judiciar-online/bucuresti,1491,14.76,8.72,1,2,10,0,0,0,9,1,16,""
CJO,location,https://cazierjudiciaronline.com/cazier-judiciar-online/buzau,1360,16.18,10.29,1,2,11,0,0,0,8,1,16,""
CJO,location,https://cazierjudiciaronline.com/cazier-judiciar-online/calarasi,1357,16.21,10.32,1,2,11,0,0,0,8,1,16,""
CJO,location,https://cazierjudiciaronline.com/cazier-judiciar-online/cluj,1441,15.96,9.72,1,2,11,0,0,0,9,1,16,""
CJO,location,https://cazierjudiciaronline.com/cazier-judiciar-online/constanta,1437,15.31,9.74,1,2,11,0,0,0,8,1,16,""
CJO,location,https://cazierjudiciaronline.com/cazier-judiciar-online/craiova,1423,16.16,10.54,1,2,12,0,0,0,8,1,16,""
CJO,location,https://cazierjudiciaronline.com/cazier-judiciar-online/deva,1361,16.16,10.29,1,2,11,0,0,0,8,1,16,""
CJO,location,https://cazierjudiciaronline.com/cazier-judiciar-online/drobeta-turnu-severin,1379,15.95,10.15,1,2,11,0,0,0,8,1,16,""
CJO,location,https://cazierjudiciaronline.com/cazier-judiciar-online/focsani,1359,16.19,10.3,1,2,11,0,0,0,8,1,16,""
CJO,location,https://cazierjudiciaronline.com/cazier-judiciar-online/galati,1416,16.24,10.59,1,2,12,0,0,0,8,1,16,""
CJO,location,https://cazierjudiciaronline.com/cazier-judiciar-online/giurgiu,1361,16.16,10.29,1,2,11,0,0,0,8,1,16,""
CJO,location,https://cazierjudiciaronline.com/cazier-judiciar-online/iasi,1477,14.9,9.48,1,2,11,0,0,0,8,1,16,""
CJO,location,https://cazierjudiciaronline.com/cazier-judiciar-online/miercurea-ciuc,1381,15.93,10.14,1,2,11,0,0,0,8,1,16,""
CJO,location,https://cazierjudiciaronline.com/cazier-judiciar-online/oradea,1421,16.19,9.85,1,2,11,0,0,0,9,1,16,""
CJO,location,https://cazierjudiciaronline.com/cazier-judiciar-online/piatra-neamt,1381,15.93,10.14,1,2,11,0,0,0,8,1,16,""
CJO,location,https://cazierjudiciaronline.com/cazier-judiciar-online/pitesti,1436,16.02,10.45,1,2,12,0,0,0,8,1,16,""
CJO,location,https://cazierjudiciaronline.com/cazier-judiciar-online/ploiesti,1540,14.29,9.09,1,2,11,0,0,0,8,1,16,""
CJO,location,https://cazierjudiciaronline.com/cazier-judiciar-online/ramnicu-valcea,1378,15.97,10.16,1,2,11,0,0,0,8,1,16,""
CJO,location,https://cazierjudiciaronline.com/cazier-judiciar-online/resita,1368,16.08,10.23,1,2,11,0,0,0,8,1,16,""
CJO,location,https://cazierjudiciaronline.com/cazier-judiciar-online/satu-mare,1450,15.17,9.66,1,2,11,0,0,0,8,1,16,""
CJO,location,https://cazierjudiciaronline.com/cazier-judiciar-online/sfantu-gheorghe,1384,15.9,10.12,1,2,11,0,0,0,8,1,16,""
CJO,location,https://cazierjudiciaronline.com/cazier-judiciar-online/sibiu,1423,15.46,9.84,1,2,11,0,0,0,8,1,16,""
CJO,location,https://cazierjudiciaronline.com/cazier-judiciar-online/slobozia,1361,16.16,10.29,1,2,11,0,0,0,8,1,16,""
CJO,location,https://cazierjudiciaronline.com/cazier-judiciar-online/suceava,1358,16.2,10.31,1,2,11,0,0,0,8,1,16,""
CJO,location,https://cazierjudiciaronline.com/cazier-judiciar-online/targoviste,1363,16.14,10.27,1,2,11,0,0,0,8,1,16,""
CJO,location,https://cazierjudiciaronline.com/cazier-judiciar-online/targu-mures,1383,15.91,10.12,1,2,11,0,0,0,8,1,16,""
CJO,location,https://cazierjudiciaronline.com/cazier-judiciar-online/timisoara,1435,14.63,9.06,1,2,10,0,0,0,8,1,16,""
CJO,location,https://cazierjudiciaronline.com/cazier-judiciar-online/tulcea,1358,16.2,10.31,1,2,11,0,0,0,8,1,16,""
CJO,location,https://cazierjudiciaronline.com/cazier-judiciar-online/vaslui,1362,16.15,10.28,1,2,11,0,0,0,8,1,16,""
CJO,location,https://cazierjudiciaronline.com/cazier-judiciar-online/zalau,1364,16.13,10.26,1,2,11,0,0,0,8,1,16,""
CJO,article,https://cazierjudiciaronline.com/cazier-judiciar-pentru-angajare,3143,8.59,4.14,0,5,6,1,1,0,14,5,13,""
CJO,article,https://cazierjudiciaronline.com/cazier-judiciar-pentru-viza,2657,15.81,6.02,1,1,14,0,0,0,26,7,15,""
CJO,article,https://cazierjudiciaronline.com/cazier-judiciar-persoane-fizice-ghid,1148,23.52,6.1,0,1,6,0,0,0,20,5,13,""
CJO,article,https://cazierjudiciaronline.com/cazier-judiciar-persoane-juridice-ghid,819,39.07,13.43,2,0,9,0,0,0,21,3,9,""
CJO,service,https://cazierjudiciaronline.com/cazier-judiciar-urgent,1859,25.28,10.76,0,1,19,0,0,0,27,0,9,""
CJO,article,https://cazierjudiciaronline.com/cerere-cazier-judiciar-model,1738,14.96,3.45,1,0,5,0,0,0,20,1,9,""
CJO,service,https://cazierjudiciaronline.com/certificat-integritate-comportamentala,1162,12.05,6.88,0,1,7,0,0,0,6,0,13,""
CJO,article,https://cazierjudiciaronline.com/comparatie-servicii,980,21.43,10.2,2,0,8,0,0,0,11,1,8,""
CJO,article,https://cazierjudiciaronline.com/conditii-de-calatorie-cu-minori,985,15.23,2.03,0,1,1,0,0,0,13,4,10,""
CJO,legal,https://cazierjudiciaronline.com/contact,104,0,0,0,0,0,0,0,0,0,0,2,""
CJO,article,https://cazierjudiciaronline.com/corectarea-informatiilor-din-cazierul-judiciar,999,12.01,3,0,1,2,0,0,0,9,2,9,""
CJO,article,https://cazierjudiciaronline.com/dupa-cat-timp-se-sterge-cazierul,871,27.55,10.33,2,0,7,0,0,0,15,1,11,""
CJO,service,https://cazierjudiciaronline.com/eliberare-cazier-judiciar-online,2774,15.14,6.13,0,1,16,0,0,0,25,4,12,""
CJO,article,https://cazierjudiciaronline.com/ghid-reabilitare-cazier,1982,17.15,8.07,2,5,8,0,1,0,18,18,17,""
CJO,article,https://cazierjudiciaronline.com/impact-cazier-angajare,1332,14.26,5.26,0,3,3,1,0,0,12,0,11,""
CJO,home,https://cazierjudiciaronline.com/,2176,17,14.25,2,1,24,2,2,0,6,2,16,""
CJO,legal,https://cazierjudiciaronline.com/politica-de-anulare,455,19.78,6.59,0,0,2,1,0,0,6,0,6,""
CJO,legal,https://cazierjudiciaronline.com/politica-de-confidentialitate,1249,32.03,1.6,2,0,0,0,0,0,38,10,13,""
CJO,tool,https://cazierjudiciaronline.com/status-comanda,18,0,0,0,0,0,0,0,0,0,0,0,""
CJO,article,https://cazierjudiciaronline.com/tari-pentru-care-este-nevoie-de-apostila,996,11.04,4.02,0,0,3,0,0,1,7,2,9,""
CJO,article,https://cazierjudiciaronline.com/taxa-cazier-judiciar,862,27.84,11.6,1,1,8,0,0,0,14,0,9,""
CJO,legal,https://cazierjudiciaronline.com/termeni-si-conditii,1526,18.35,5.24,0,0,7,0,1,0,20,7,15,""
CJO,article,https://cazierjudiciaronline.com/valabilitate-cazier-fiscal,2097,11.92,7.63,1,0,15,0,0,0,9,5,12,""
CJO,article,https://cazierjudiciaronline.com/valabilitate-cazier-judiciar,863,13.9,6.95,1,0,5,0,0,0,6,4,11,""