unique_inlinks,inlinks,crawl_depth,tip,path,word_count,gsc_clicuri_3luni
0,0,3,embed,/embed/ancpi/,31,0
2,2,2,articol,/acte-necesare-casatorie/,1429,2
2,2,2,articol,/amenda-rovinieta-2025-tarife-plata-online-ghid-complet/,875,1463
2,3,4,articol,/ancpi-nu-functioneaza/?utm_source=embed&utm_medium=widget&utm_campaign=ancpi-status,5940,0
2,2,2,calculator,/calculator/calculator-data/,1507,116
2,2,2,calculator,/calculator/diurna/,1342,17
2,2,2,calculator,/calculator/grad-indatorare/,1512,1
2,2,2,calculator,/calculator/inflatie/,1465,6
2,2,2,calculator,/calculator/pensie-invaliditate/,1282,7201
2,2,2,calculator,/calculator/spor-salarial/,1352,17
2,2,2,calculator,/calculator/zile-lucratoare/,1242,97
2,2,2,articol,/cazier-fiscal-fara-spv/,1970,38
2,2,2,articol,/cazier-fiscal-firma/,1999,10
2,2,2,articol,/certificat-constatator-pentru-fonduri-europene/,1437,0
2,2,2,articol,/certificat-de-nastere-pentru-buletin-pasaport/,2314,15
2,2,2,articol,/extras-de-carte-funciara-pentru-casa-verde/,1143,7
2,2,2,articol,/sms-fals-amenda-ghiseul-ro/,1030,57
2,2,2,hub,/tools/,166,1
2,2,2,articol,/valabilitate-certificat-de-celibat/,1710,6
2,2,2,articol,/verificare-cazier-fiscal/,1924,14
3,3,2,calculator,/calculator/calculator-indemnizatie-crestere-copil/,1881,8877
3,3,2,calculator,/calculator/concediu-maternitate/,1383,22
3,3,2,calculator,/calculator/concediu-paternal/,1384,4
3,5,2,calculator,/calculator/cost-cadastru-intabulare/,1494,42
3,4,2,articol,/cazier-judiciar-online-gratuit/,1547,0
3,3,2,articol,/cazier-si-certificat-de-integritate-pentru-profesori/,1396,10
3,3,2,articol,/ce-este-un-releveu/,727,20
3,4,2,articol,/certificat-constatator-pentru-banca/,1579,2
3,4,2,articol,/certificat-constatator-pentru-licitatie/,1284,2
3,4,2,articol,/certificat-constatator-pentru-notar/,1470,0
3,3,2,articol,/certificat-de-celibat-pentru-casatorie-in-strainatate/,1637,1
3,3,2,articol,/certificat-de-nastere-din-strainatate/,1444,5
3,3,2,articol,/cum-vor-arata-documentele-de-stare-civila-2025/,1032,324
3,3,2,articol,/ghid-complet-certificat-de-integritate-comportamentala/,717,925
3,3,2,articol,/model-certificat-de-casatorie/,587,1
3,3,2,articol,/rolul-si-atributiile-onrc-romania/,668,17
3,3,2,serviciu,/servicii/copie-arhiva-ocpi/,2319,3
3,3,2,serviciu,/servicii/copie-contract-vanzare/,2223,2
3,3,2,serviciu,/servicii/copie-intabulare/,2278,2
3,3,2,articol,/tabel-varsta-pensionare-anticipata-femei/,2560,5444
3,3,2,articol,/verificare-proprietar-imobil/,1405,2492
4,5,2,articol,/anii-lucrati-in-strainatate-se-pun-la-pensie-in-romania/,1068,1077
4,4,2,calculator,/calculator/dobanda-legala/,1290,710
4,5,2,calculator,/calculator/impozit-pensie/,1525,52
4,4,2,calculator,/calculator/penalitati-anaf/,1636,17
4,5,2,calculator,/calculator/rambursare-anticipata/,1026,9
4,4,2,calculator,/calculator/taxe-srl/,1106,58
4,4,2,articol,/cat-poti-construi-pe-teren/,1383,42
4,4,2,articol,/certificat-de-celibat/,1506,2
4,4,2,articol,/extras-carte-funciara-gratuit/,1183,711
4,4,2,articol,/informatii-cazier-auto-online/,825,822
4,4,2,articol,/inregistrare-nastere-copil-nou-nascut/,1490,0
4,4,2,articol,/schimbare-certificat-de-nastere-vechi/,864,362
4,4,2,serviciu,/servicii/certificat-detineri-imobile/,2403,2
4,5,2,serviciu,/servicii/copie-inventar-coordonate/,2274,3
4,6,2,articol,/taxa-cazier-judiciar/,872,702
4,4,2,articol,/totul-despre-cartea-funciara-colectiva/,1013,67
4,4,2,articol,/transcriere-certificat-de-nastere/,1321,3
4,4,2,articol,/valabilitate-extras-de-carte-funciara/,804,374
5,5,2,calculator,/calculator/reabilitare/,1406,290
5,6,2,articol,/cazier-judiciar-vs-certificat-integritate-comportamentala/,1486,59
5,5,2,articol,/ce-este-planul-cadastral/,648,4
5,5,2,articol,/certificat-constatator-insolventa/,913,0
5,5,2,articol,/certificat-constatator-pfa/,887,0
5,5,2,articol,/duplicat-certificat-de-casatorie/,1407,14
5,5,2,articol,/eliberare-certificat-constatator-onrc-ghid/,866,168
5,5,1,articol,/schimbare-sediu-social-srl-ghid/,879,0
5,5,2,serviciu,/servicii/copie-plan-incadrare/,2172,0
5,5,2,serviciu,/servicii/extras-cf-colectiv/,2287,2
6,7,2,articol,/acte-necesare-certificat-de-nastere/,747,3
6,6,1,articol,/apostila-de-la-haga-ghid-acte-obtinere/,1233,14
6,6,2,calculator,/calculator/impozit-chirie/,1360,487
6,6,2,calculator,/calculator/vechime-in-munca/,1372,837
6,6,2,calculator,/calculator/zile-concediu-odihna/,1415,15
6,6,2,articol,/cat-costa-cadastrul-si-intabularea/,1649,170
6,7,2,articol,/certificat-constatator-cu-istoric/,828,2
6,6,2,articol,/certificat-constatator-de-baza/,1015,0
6,9,2,articol,/duplicat-certificat-de-nastere/,1395,8
6,6,2,articol,/radiere-firma-srl-ghid/,971,18
6,10,2,serviciu,/servicii/copie-releveu/,2201,4
6,8,2,articol,/tva-9-locuinte-31-iulie-2026/,2300,368
7,9,2,articol,/ancpi-nu-functioneaza/,5940,20867
7,7,2,calculator,/calculator/taxa-judiciara-de-timbru/,1540,376
7,7,2,articol,/cazier-fiscal-persoana-fizica/,1610,17
7,9,2,articol,/cum-aflam-numarul-carte-functionara-si-nr-cadastral/,1627,4041
7,8,1,articol,/suspendare-activitate-firma-ghid/,750,0
8,10,2,serviciu,/servicii/copie-plan-cadastral/,2196,2
9,10,2,articol,/transcriere-certificat-de-casatorie/,736,0
10,10,2,calculator,/calculator/contributii-pfa/,1652,537
10,16,2,articol,/cele-4-tipuri-de-certificat-constatator-online/,1312,479
13,16,2,articol,/certificat-de-nastere-pierdut/,1316,4
14,14,2,locatie-cf,/servicii/extras-de-carte-funciara/alba/,786,2
14,14,2,locatie-cf,/servicii/extras-de-carte-funciara/arad/,786,5
14,14,2,locatie-cf,/servicii/extras-de-carte-funciara/arges/,968,0
14,14,2,locatie-cf,/servicii/extras-de-carte-funciara/bacau/,775,0
14,14,2,locatie-cf,/servicii/extras-de-carte-funciara/bihor/,978,0
14,14,2,locatie-cf,/servicii/extras-de-carte-funciara/bistrita-nasaud/,776,2
14,14,2,locatie-cf,/servicii/extras-de-carte-funciara/botosani/,773,0
14,14,2,locatie-cf,/servicii/extras-de-carte-funciara/braila/,773,9
14,14,2,locatie-cf,/servicii/extras-de-carte-funciara/brasov/,1002,15
14,14,2,locatie-cf,/servicii/extras-de-carte-funciara/bucuresti/,973,24
14,14,2,locatie-cf,/servicii/extras-de-carte-funciara/buzau/,784,1
14,14,2,locatie-cf,/servicii/extras-de-carte-funciara/calarasi/,783,0
14,14,2,locatie-cf,/servicii/extras-de-carte-funciara/caras-severin/,785,0
14,14,2,locatie-cf,/servicii/extras-de-carte-funciara/cluj/,986,6
14,14,2,locatie-cf,/servicii/extras-de-carte-funciara/constanta/,996,3
14,14,2,locatie-cf,/servicii/extras-de-carte-funciara/covasna/,787,1
14,14,2,locatie-cf,/servicii/extras-de-carte-funciara/dambovita/,786,0
14,14,2,locatie-cf,/servicii/extras-de-carte-funciara/dolj/,971,4
14,14,2,locatie-cf,/servicii/extras-de-carte-funciara/galati/,980,0
14,14,2,locatie-cf,/servicii/extras-de-carte-funciara/giurgiu/,780,2
14,14,2,locatie-cf,/servicii/extras-de-carte-funciara/gorj/,774,0
14,14,2,locatie-cf,/servicii/extras-de-carte-funciara/harghita/,775,0
14,14,2,locatie-cf,/servicii/extras-de-carte-funciara/hunedoara/,778,0
14,14,2,locatie-cf,/servicii/extras-de-carte-funciara/ialomita/,779,0
14,14,2,locatie-cf,/servicii/extras-de-carte-funciara/iasi/,993,1
14,14,2,locatie-cf,/servicii/extras-de-carte-funciara/ilfov/,960,5
14,14,2,locatie-cf,/servicii/extras-de-carte-funciara/maramures/,775,3
14,14,2,locatie-cf,/servicii/extras-de-carte-funciara/mehedinti/,781,0
14,14,2,locatie-cf,/servicii/extras-de-carte-funciara/mures/,987,0
14,14,2,locatie-cf,/servicii/extras-de-carte-funciara/neamt/,776,2
14,14,2,locatie-cf,/servicii/extras-de-carte-funciara/olt/,780,1
14,14,2,locatie-cf,/servicii/extras-de-carte-funciara/prahova/,955,1
14,14,2,locatie-cf,/servicii/extras-de-carte-funciara/salaj/,780,1
14,14,2,locatie-cf,/servicii/extras-de-carte-funciara/satu-mare/,801,9
14,14,2,locatie-cf,/servicii/extras-de-carte-funciara/sibiu/,993,2
14,14,2,locatie-cf,/servicii/extras-de-carte-funciara/suceava/,987,2
14,14,2,locatie-cf,/servicii/extras-de-carte-funciara/teleorman/,772,0
14,14,2,locatie-cf,/servicii/extras-de-carte-funciara/timis/,981,0
14,14,2,locatie-cf,/servicii/extras-de-carte-funciara/tulcea/,774,6
14,14,2,locatie-cf,/servicii/extras-de-carte-funciara/valcea/,779,3
14,14,2,locatie-cf,/servicii/extras-de-carte-funciara/vaslui/,773,0
14,14,2,locatie-cf,/servicii/extras-de-carte-funciara/vrancea/,785,1
49,49,2,locatie-cazier,/servicii/cazier-judiciar-online/alba-iulia/,1436,0
49,49,2,locatie-cazier,/servicii/cazier-judiciar-online/alexandria/,1390,0
49,49,2,locatie-cazier,/servicii/cazier-judiciar-online/arad/,1423,0
49,49,2,locatie-cazier,/servicii/cazier-judiciar-online/bacau/,1406,0
49,49,2,locatie-cazier,/servicii/cazier-judiciar-online/baia-mare/,1427,0
49,49,2,locatie-cazier,/servicii/cazier-judiciar-online/barlad/,1327,0
49,49,2,locatie-cazier,/servicii/cazier-judiciar-online/bistrita/,1393,0
49,49,2,locatie-cazier,/servicii/cazier-judiciar-online/botosani/,1401,0
49,49,2,locatie-cazier,/servicii/cazier-judiciar-online/braila/,1404,0
49,49,2,locatie-cazier,/servicii/cazier-judiciar-online/brasov/,1443,0
49,49,2,locatie-cazier,/servicii/cazier-judiciar-online/bucuresti/,1395,0
49,49,2,locatie-cazier,/servicii/cazier-judiciar-online/buzau/,1412,0
49,49,2,locatie-cazier,/servicii/cazier-judiciar-online/calarasi/,1400,0
49,49,2,locatie-cazier,/servicii/cazier-judiciar-online/cluj-napoca/,1416,11
49,49,2,locatie-cazier,/servicii/cazier-judiciar-online/constanta/,1432,6
49,49,2,locatie-cazier,/servicii/cazier-judiciar-online/craiova/,1419,0
49,49,2,locatie-cazier,/servicii/cazier-judiciar-online/deva/,1405,0
49,49,2,locatie-cazier,/servicii/cazier-judiciar-online/drobeta-turnu-severin/,1439,0
49,49,2,locatie-cazier,/servicii/cazier-judiciar-online/focsani/,1388,10
49,49,2,locatie-cazier,/servicii/cazier-judiciar-online/galati/,1412,0
49,49,2,locatie-cazier,/servicii/cazier-judiciar-online/giurgiu/,1394,0
49,49,2,locatie-cazier,/servicii/cazier-judiciar-online/iasi/,1434,6
49,49,2,locatie-cazier,/servicii/cazier-judiciar-online/ilfov/,1425,0
49,49,2,locatie-cazier,/servicii/cazier-judiciar-online/lugoj/,1322,0
49,49,2,locatie-cazier,/servicii/cazier-judiciar-online/medias/,1327,0
49,49,2,locatie-cazier,/servicii/cazier-judiciar-online/miercurea-ciuc/,1410,0
49,49,2,locatie-cazier,/servicii/cazier-judiciar-online/onesti/,1325,0
49,49,2,locatie-cazier,/servicii/cazier-judiciar-online/oradea/,1431,0
49,49,2,locatie-cazier,/servicii/cazier-judiciar-online/piatra-neamt/,1431,26
49,49,2,locatie-cazier,/servicii/cazier-judiciar-online/pitesti/,1423,0
49,49,2,locatie-cazier,/servicii/cazier-judiciar-online/ploiesti/,1404,0
49,49,2,locatie-cazier,/servicii/cazier-judiciar-online/ramnicu-valcea/,1409,15
49,49,2,locatie-cazier,/servicii/cazier-judiciar-online/resita/,1395,0
49,49,2,locatie-cazier,/servicii/cazier-judiciar-online/satu-mare/,1437,5
49,49,2,locatie-cazier,/servicii/cazier-judiciar-online/sebes/,1333,0
49,49,2,locatie-cazier,/servicii/cazier-judiciar-online/sfantu-gheorghe/,1417,0
49,49,2,locatie-cazier,/servicii/cazier-judiciar-online/sibiu/,1401,0
49,49,2,locatie-cazier,/servicii/cazier-judiciar-online/slatina/,1405,0
49,49,2,locatie-cazier,/servicii/cazier-judiciar-online/slobozia/,1384,0
49,49,2,locatie-cazier,/servicii/cazier-judiciar-online/suceava/,1412,0
49,49,2,locatie-cazier,/servicii/cazier-judiciar-online/targoviste/,1405,0
49,49,2,locatie-cazier,/servicii/cazier-judiciar-online/targu-jiu/,1427,0
49,49,2,locatie-cazier,/servicii/cazier-judiciar-online/targu-mures/,1427,0
49,49,2,locatie-cazier,/servicii/cazier-judiciar-online/timisoara/,1421,9
49,49,2,locatie-cazier,/servicii/cazier-judiciar-online/tulcea/,1412,0
49,49,2,locatie-cazier,/servicii/cazier-judiciar-online/turda/,1330,0
49,49,2,locatie-cazier,/servicii/cazier-judiciar-online/vaslui/,1401,0
49,49,2,locatie-cazier,/servicii/cazier-judiciar-online/zalau/,1402,0
232,930,0,homepage,/,2384,4567
232,466,1,hub,/blog/,1953,6
232,277,1,hub,/calculator/,566,17
232,238,1,calculator,/calculator/amenda-circulatie/,1527,217
232,236,1,calculator,/calculator/calculator-impozit-auto/,1136,0
232,237,1,calculator,/calculator/calculator-procente/,1630,1423
232,240,1,calculator,/calculator/cat-pot-construi/,1419,33
232,237,1,calculator,/calculator/concediu-medical/,1606,2614
232,234,1,calculator,/calculator/credit-ipotecar/,1338,5
232,236,1,calculator,/calculator/dividende/,1440,1379
232,235,1,calculator,/calculator/estimare-pensie/,1236,0
232,234,1,calculator,/calculator/impozit-casa/,1444,88
232,235,1,calculator,/calculator/indemnizatie-somaj/,1389,456
232,236,1,calculator,/calculator/jugar-stanjen-in-mp/,1423,61
232,234,1,calculator,/calculator/pensie-alimentara/,1259,3298
232,254,1,calculator,/calculator/salariu/,1111,14075
232,292,1,calculator,/calculator/taxe-notariale/,1440,253
232,237,1,calculator,/calculator/termene-judiciare/,1333,1830
232,240,1,calculator,/calculator/tva/,1477,2240
232,241,1,calculator,/calculator/valabilitate-documente/,768,6
232,238,1,calculator,/calculator/varsta-pensionare/,1240,2
232,465,1,legal,/contact/,236,190
232,237,1,articol,/curs-valutar/,502,336
232,235,1,legal,/gdpr/,239,0
232,234,1,legal,/politica-cookies/,407,1
232,234,1,legal,/politica-de-anulare/,781,3
232,238,1,legal,/politica-de-confidentialitate/,1232,1
232,370,1,hub,/servicii/,837,20
232,236,1,serviciu,/servicii/actualizare-adresa-cf/,2283,40
232,526,1,serviciu,/servicii/cazier-auto-online/,3040,1692
232,542,1,serviciu,/servicii/cazier-fiscal-online/,2700,1
232,684,1,serviciu,/servicii/cazier-judiciar-online/,4793,402
232,516,1,variant-serviciu,/servicii/cazier-judiciar-online/persoana-fizica/,2275,8
232,515,1,variant-serviciu,/servicii/cazier-judiciar-online/persoana-juridica/,2235,1
232,1933,1,serviciu,/servicii/certificat-constatator-online/,3249,78
232,526,1,serviciu,/servicii/certificat-de-integritate-comportamentala/,2633,0
232,241,1,serviciu,/servicii/certificat-sarcini/,2274,19
232,244,1,serviciu,/servicii/certificat-urbanism-informare/,2300,11
232,249,1,serviciu,/servicii/copie-carte-funciara/,2303,41
232,493,1,serviciu,/servicii/eliberare-certificat-de-casatorie/,2748,341
232,489,1,serviciu,/servicii/eliberare-certificat-de-celibat/,2494,488
232,515,1,serviciu,/servicii/eliberare-certificat-de-nastere/,3047,1714
232,685,1,serviciu,/servicii/extras-de-carte-funciara/,3801,1549
232,469,1,serviciu,/servicii/extras-multilingv-certificat-casatorie/,2528,56
232,478,1,serviciu,/servicii/extras-multilingv-certificat-nastere/,2522,481
232,479,1,serviciu,/servicii/extras-plan-cadastral/,2163,137
232,326,1,serviciu,/servicii/identificare-imobil/,2235,181
232,236,1,serviciu,/servicii/identificare-imobile-proprietar/,2306,114
232,244,1,serviciu,/servicii/plan-amplasament-delimitare/,2254,41
232,471,1,serviciu,/servicii/rovinieta-online/,746,39
232,234,1,legal,/termeni-si-conditii/,1760,6
232,239,1,tool,/tools/verificare-rovinieta-online/,920,32589
