path,tip,status,indexability,indexability_status,word_count,sentence_count,avg_words_sentence,flesch,text_ratio,size_bytes,crawl_depth,folder_depth,inlinks,unique_inlinks,outlinks,unique_outlinks,external_outlinks,title_len,title_px,metadesc_len,metadesc_px,h1_len,canonical_self,meta_robots,response_time,gsc_clicuri_3luni,gsc_expuneri_3luni
/,homepage,200,Indexable,,2384,440,5.418,36.749,3.683,510123,0,0,930,232,121,56,10,54,499,181,1043,76,da,"index, follow",0.079,4567,181750
/acte-necesare-casatorie/,articol,200,Indexable,,1429,202,7.074,50.939,6.125,192660,2,1,2,2,88,57,4,71,636,223,1311,57,da,"index, follow",0.046,2,469
/acte-necesare-certificat-de-nastere/,articol,200,Indexable,,747,117,6.385,44.179,4.16,181934,2,1,7,6,87,56,4,77,679,134,780,63,da,"index, follow",0.414,3,458
/amenda-rovinieta-2025-tarife-plata-online-ghid-complet/,articol,200,Indexable,,875,175,5.0,70.171,4.251,190015,2,1,2,2,84,54,4,72,638,183,1116,58,da,"index, follow",0.044,1463,79629
/ancpi-nu-functioneaza/,articol,200,Indexable,,5940,882,6.735,43.703,11.821,358199,2,1,9,7,93,57,9,65,574,350,2074,177,da,"index, follow",0.073,20867,782744
/ancpi-nu-functioneaza/?utm_source=embed&utm_medium=widget&utm_campaign=ancpi-status,articol,200,Non-Indexable,Canonicalised,5940,882,6.735,43.703,11.821,358199,4,1,3,2,93,57,9,65,574,350,2074,177,nu,"index, follow",0.202,0,0
/anii-lucrati-in-strainatate-se-pun-la-pensie-in-romania/,articol,200,Indexable,,1068,161,6.634,53.636,4.922,189928,2,1,5,4,85,55,4,70,598,201,1176,56,da,"index, follow",0.133,1077,28443
/apostila-de-la-haga-ghid-acte-obtinere/,articol,200,Indexable,,1233,191,6.455,42.678,5.407,199641,1,1,6,6,89,56,4,89,758,194,1174,75,da,"index, follow",0.096,14,1166
/blog/,hub,200,Indexable,,1953,394,4.957,57.642,3.467,431896,1,1,466,232,138,110,4,54,484,173,992,13,da,"index, follow",0.059,6,1016
/calculator/,hub,200,Indexable,,566,112,5.054,61.802,3.555,176525,1,1,277,232,121,75,4,61,545,145,838,28,da,"index, follow",0.066,17,475
/calculator/amenda-circulatie/,calculator,200,Indexable,,1527,248,6.157,67.84,5.779,211979,1,2,238,232,88,55,4,70,637,120,716,33,da,"index, follow",0.19,217,30927
/calculator/calculator-data/,calculator,200,Indexable,,1507,204,7.387,62.079,5.517,211328,2,2,2,2,89,56,4,52,472,131,752,20,da,"index, follow",0.07,116,22943
/calculator/calculator-impozit-auto/,calculator,200,Indexable,,1136,175,6.491,73.495,4.667,202568,1,2,236,232,87,53,4,59,542,126,787,28,da,"index, follow",0.103,0,1
/calculator/calculator-indemnizatie-crestere-copil/,calculator,200,Indexable,,1881,303,6.208,67.944,6.291,222642,2,2,3,3,91,57,4,63,559,140,835,43,da,"index, follow",0.117,8877,126448
/calculator/calculator-procente/,calculator,200,Indexable,,1630,247,6.599,84.24,5.444,215952,1,2,237,232,91,54,4,57,510,122,719,19,da,"index, follow",0.23,1423,228867
/calculator/cat-pot-construi/,calculator,200,Indexable,,1419,209,6.789,64.846,5.23,217087,1,2,240,232,94,54,4,62,559,169,989,26,da,"index, follow",0.057,33,1773
/calculator/concediu-maternitate/,calculator,200,Indexable,,1383,220,6.286,53.949,5.518,207104,2,2,3,3,87,54,4,65,596,150,926,36,da,"index, follow",0.057,22,509
/calculator/concediu-medical/,calculator,200,Indexable,,1606,246,6.528,57.295,5.853,218598,1,2,237,232,87,54,4,61,561,117,714,32,da,"index, follow",0.108,2614,28782
/calculator/concediu-paternal/,calculator,200,Indexable,,1384,201,6.886,65.244,5.44,206640,2,2,3,3,88,55,4,47,425,146,859,33,da,"index, follow",0.143,4,129
/calculator/contributii-pfa/,calculator,200,Indexable,,1652,271,6.096,78.715,5.704,213188,2,2,10,10,88,55,4,66,588,125,777,31,da,"index, follow",0.098,537,33966
/calculator/cost-cadastru-intabulare/,calculator,200,Indexable,,1494,282,5.298,58.136,5.674,218709,2,2,5,3,96,55,4,65,575,188,1116,35,da,"index, follow",0.06,42,2398
/calculator/credit-ipotecar/,calculator,200,Indexable,,1338,221,6.054,72.778,5.129,209665,1,2,234,232,89,54,4,59,527,146,857,31,da,"index, follow",0.158,5,901
/calculator/diurna/,calculator,200,Indexable,,1342,195,6.882,69.924,5.134,211045,2,2,2,2,89,55,4,67,610,139,835,22,da,"index, follow",0.057,17,746
/calculator/dividende/,calculator,200,Indexable,,1440,288,5.0,73.568,5.417,211500,1,2,236,232,91,56,4,61,559,146,908,25,da,"index, follow",0.165,1379,37245
/calculator/dobanda-legala/,calculator,200,Indexable,,1290,192,6.719,65.77,5.304,210914,2,2,4,4,89,56,4,60,548,131,825,30,da,"index, follow",0.063,710,8328
/calculator/estimare-pensie/,calculator,200,Indexable,,1236,189,6.54,79.184,4.907,203049,1,2,235,232,89,54,4,65,603,168,983,26,da,"index, follow",0.127,0,1
/calculator/grad-indatorare/,calculator,200,Indexable,,1512,225,6.72,64.609,5.677,210122,2,2,2,2,88,54,4,54,477,147,894,34,da,"index, follow",0.071,1,302
/calculator/impozit-casa/,calculator,200,Indexable,,1444,202,7.149,58.325,5.625,215631,1,2,234,232,89,54,4,55,481,139,842,31,da,"index, follow",0.051,88,2541
/calculator/impozit-chirie/,calculator,200,Indexable,,1360,226,6.018,60.639,5.388,208578,2,2,6,6,89,55,4,73,628,126,776,33,da,"index, follow",0.119,487,16065
/calculator/impozit-pensie/,calculator,200,Indexable,,1525,275,5.545,81.158,5.419,214857,2,2,5,4,89,55,4,61,556,137,841,33,da,"index, follow",0.367,52,1335
/calculator/indemnizatie-somaj/,calculator,200,Indexable,,1389,190,7.311,75.408,5.065,210471,1,2,235,232,89,55,4,51,466,112,699,37,da,"index, follow",0.198,456,16049
/calculator/inflatie/,calculator,200,Indexable,,1465,203,7.217,67.557,5.545,210609,2,2,2,2,90,56,4,66,586,155,922,19,da,"index, follow",0.133,6,279
/calculator/jugar-stanjen-in-mp/,calculator,200,Indexable,,1423,261,5.452,70.685,5.461,222490,1,2,236,232,91,53,4,82,716,176,1017,43,da,"index, follow",0.104,61,2253
/calculator/penalitati-anaf/,calculator,200,Indexable,,1636,257,6.366,58.581,6.073,220186,2,2,4,4,88,56,4,73,635,125,757,37,da,"index, follow",0.14,17,509
/calculator/pensie-alimentara/,calculator,200,Indexable,,1259,219,5.749,62.374,4.944,210084,1,2,234,232,88,53,4,73,656,156,932,33,da,"index, follow",0.072,3298,33560
/calculator/pensie-invaliditate/,calculator,200,Indexable,,1282,188,6.819,68.46,5.071,206093,2,2,2,2,89,54,4,70,575,161,930,33,da,"index, follow",0.059,7201,108736
/calculator/rambursare-anticipata/,calculator,200,Indexable,,1026,174,5.897,54.738,4.671,198697,2,2,5,4,88,54,4,75,696,157,955,39,da,"index, follow",0.304,9,573
/calculator/reabilitare/,calculator,200,Indexable,,1406,214,6.57,44.806,5.702,209916,2,2,5,5,91,55,4,72,663,136,810,38,da,"index, follow",0.168,290,8591
/calculator/salariu/,calculator,200,Indexable,,1111,203,5.473,76.169,4.621,202027,1,2,254,232,87,54,4,74,631,126,757,32,da,"index, follow",0.075,14075,1081714
/calculator/spor-salarial/,calculator,200,Indexable,,1352,218,6.202,73.14,5.304,205767,2,2,2,2,87,55,4,61,554,148,939,47,da,"index, follow",0.124,17,642
/calculator/taxa-judiciara-de-timbru/,calculator,200,Indexable,,1540,294,5.238,69.454,5.798,209769,2,2,7,7,88,55,4,68,627,126,765,35,da,"index, follow",0.206,376,21937
/calculator/taxe-notariale/,calculator,200,Indexable,,1440,255,5.647,71.324,5.316,219807,1,2,292,232,90,55,4,75,681,157,935,30,da,"index, follow",0.222,253,14629
/calculator/taxe-srl/,calculator,200,Indexable,,1106,203,5.448,74.481,4.704,200152,2,2,4,4,89,55,4,68,608,148,902,24,da,"index, follow",0.047,58,3470
/calculator/termene-judiciare/,calculator,200,Indexable,,1333,209,6.378,65.052,5.199,208454,1,2,237,232,88,55,4,72,643,166,992,33,da,"index, follow",0.068,1830,68156
/calculator/tva/,calculator,200,Indexable,,1477,245,6.029,87.763,5.242,212263,1,2,240,232,88,53,4,70,653,115,723,19,da,"index, follow",0.146,2240,169556
/calculator/valabilitate-documente/,calculator,200,Indexable,,768,118,6.508,56.475,3.836,198791,1,2,241,232,92,53,4,98,867,224,1278,29,da,"index, follow",0.071,6,2870
/calculator/varsta-pensionare/,calculator,200,Indexable,,1240,175,7.086,68.377,5.057,203586,1,2,238,232,90,55,4,71,643,133,796,31,da,"index, follow",0.183,2,37
/calculator/vechime-in-munca/,calculator,200,Indexable,,1372,219,6.265,60.997,5.324,209959,2,2,6,6,88,55,4,59,521,106,649,27,da,"index, follow",0.191,837,6085
/calculator/zile-concediu-odihna/,calculator,200,Indexable,,1415,221,6.403,63.541,5.382,209881,2,2,6,6,88,55,4,63,564,116,690,34,da,"index, follow",0.06,15,272
/calculator/zile-lucratoare/,calculator,200,Indexable,,1242,179,6.939,64.037,5.003,206464,2,2,2,2,88,55,4,45,396,148,865,31,da,"index, follow",0.057,97,47672
/cat-costa-cadastrul-si-intabularea/,articol,200,Indexable,,1649,309,5.337,55.356,6.127,214882,2,1,6,6,99,58,4,87,763,207,1264,73,da,"index, follow",0.153,170,10836
/cat-poti-construi-pe-teren/,articol,200,Indexable,,1383,219,6.315,66.276,5.505,200883,2,1,4,4,92,54,4,75,674,211,1272,61,da,"index, follow",0.123,42,2025
/cazier-fiscal-fara-spv/,articol,200,Indexable,,1970,284,6.937,52.496,6.82,221418,2,1,2,2,88,55,4,76,631,217,1286,97,da,"index, follow",0.06,38,1183
/cazier-fiscal-firma/,articol,200,Indexable,,1999,282,7.089,33.783,7.185,226929,2,1,2,2,90,57,4,74,640,271,1578,103,da,"index, follow",0.123,10,770
/cazier-fiscal-persoana-fizica/,articol,200,Indexable,,1610,241,6.68,52.503,5.922,216330,2,1,7,7,88,54,4,96,796,209,1211,82,da,"index, follow",0.152,17,1482
/cazier-judiciar-online-gratuit/,articol,200,Indexable,,1547,277,5.585,56.685,5.744,216430,2,1,4,3,91,58,4,80,687,321,1854,117,da,"index, follow",0.108,0,0
/cazier-judiciar-vs-certificat-integritate-comportamentala/,articol,200,Indexable,,1486,252,5.897,18.954,6.49,206356,2,1,6,5,87,54,4,74,655,219,1328,60,da,"index, follow",0.052,59,9516
/cazier-si-certificat-de-integritate-pentru-profesori/,articol,200,Indexable,,1396,217,6.433,48.256,5.746,203017,2,1,3,3,89,56,5,73,616,214,1256,104,da,"index, follow",0.1,10,140
/ce-este-planul-cadastral/,articol,200,Indexable,,648,114,5.684,38.393,3.723,187641,2,1,5,5,90,56,4,82,700,178,1039,68,da,"index, follow",0.056,4,215
/ce-este-un-releveu/,articol,200,Indexable,,727,121,6.008,40.148,3.903,188152,2,1,3,3,88,56,4,67,580,192,1132,53,da,"index, follow",0.214,20,1208
/cele-4-tipuri-de-certificat-constatator-online/,articol,200,Indexable,,1312,222,5.91,47.499,5.592,202797,2,1,16,10,99,67,4,72,603,257,1487,58,da,"index, follow",0.058,479,71189
/certificat-constatator-cu-istoric/,articol,200,Indexable,,828,132,6.273,47.207,4.244,187452,2,1,7,6,88,55,5,79,647,198,1137,65,da,"index, follow",0.044,2,230
/certificat-constatator-de-baza/,articol,200,Indexable,,1015,159,6.384,49.576,4.634,195170,2,1,6,6,94,60,4,86,725,205,1204,72,da,"index, follow",0.062,0,0
/certificat-constatator-insolventa/,articol,200,Indexable,,913,152,6.007,48.773,4.417,193974,2,1,5,5,91,58,4,80,676,221,1301,66,da,"index, follow",0.054,0,0
/certificat-constatator-pentru-banca/,articol,200,Indexable,,1579,228,6.925,54.073,6.317,199715,2,1,4,3,90,55,4,80,687,174,993,66,da,"index, follow",0.058,2,64
/certificat-constatator-pentru-fonduri-europene/,articol,200,Indexable,,1437,208,6.909,41.279,6.073,196839,2,1,2,2,87,56,4,82,735,155,914,68,da,"index, follow",0.042,0,57
/certificat-constatator-pentru-licitatie/,articol,200,Indexable,,1284,191,6.723,46.032,5.641,193741,2,1,4,3,87,54,4,80,714,185,1107,66,da,"index, follow",0.106,2,27
/certificat-constatator-pentru-notar/,articol,200,Indexable,,1470,208,7.067,52.964,5.96,198623,2,1,4,3,88,54,4,82,693,184,1063,68,da,"index, follow",0.062,0,30
/certificat-constatator-pfa/,articol,200,Indexable,,887,152,5.836,40.391,4.423,193250,2,1,5,5,91,58,4,79,662,199,1150,65,da,"index, follow",0.058,0,0
/certificat-de-celibat-pentru-casatorie-in-strainatate/,articol,200,Indexable,,1637,224,7.308,50.062,6.433,201347,2,1,3,3,91,56,4,90,773,164,967,76,da,"index, follow",0.054,1,77
/certificat-de-celibat/,articol,200,Indexable,,1506,205,7.346,50.626,6.129,197842,2,1,4,4,90,55,4,70,592,170,1003,56,da,"index, follow",0.142,2,104
/certificat-de-nastere-din-strainatate/,articol,200,Indexable,,1444,218,6.624,59.678,5.559,209921,2,1,3,3,89,57,4,86,712,224,1277,114,da,"index, follow",0.109,5,317
/certificat-de-nastere-pentru-buletin-pasaport/,articol,200,Indexable,,2314,322,7.186,50.339,7.522,229958,2,1,2,2,90,58,4,77,672,216,1231,88,da,"index, follow",0.098,15,1131
/certificat-de-nastere-pierdut/,articol,200,Indexable,,1316,182,7.231,47.396,5.708,193182,2,1,16,13,87,54,4,76,656,149,863,62,da,"index, follow",0.183,4,365
/contact/,legal,200,Indexable,,236,68,3.471,69.601,2.544,158548,1,1,465,232,84,53,5,35,313,166,1018,7,da,"index, follow",0.146,190,17337
/cum-aflam-numarul-carte-functionara-si-nr-cadastral/,articol,200,Indexable,,1627,241,6.751,42.794,6.151,216448,2,1,9,7,104,62,4,99,859,201,1231,85,da,"index, follow",0.232,4041,81712
/cum-vor-arata-documentele-de-stare-civila-2025/,articol,200,Indexable,,1032,153,6.745,26.854,5.187,190384,2,1,3,3,87,54,4,66,604,198,1165,52,da,"index, follow",0.138,324,10728
/curs-valutar/,articol,200,Indexable,,502,80,6.275,60.926,3.649,158759,1,1,237,232,83,53,4,76,661,164,931,20,da,"index, follow",0.064,336,186503
/duplicat-certificat-de-casatorie/,articol,200,Indexable,,1407,200,7.035,53.944,6.056,190470,2,1,5,5,90,56,4,74,625,173,981,60,da,"index, follow",0.079,14,582
/duplicat-certificat-de-nastere/,articol,200,Indexable,,1395,187,7.46,53.836,5.889,190904,2,1,9,6,90,56,4,79,676,175,1000,65,da,"index, follow",0.14,8,382
/eliberare-certificat-constatator-onrc-ghid/,articol,200,Indexable,,866,133,6.511,14.028,4.683,188610,2,1,5,5,87,55,4,71,632,195,1149,57,da,"index, follow",0.042,168,20395
/embed/ancpi/,embed,200,Non-Indexable,noindex,31,10,3.1,67.237,13.49,1412,3,2,0,0,1,1,0,55,504,0,0,0,nu,noindex,0.15,0,0
/extras-carte-funciara-gratuit/,articol,200,Indexable,,1183,203,5.828,54.676,5.107,198661,2,1,4,4,89,57,6,75,665,206,1224,61,da,"index, follow",0.052,711,17380
/extras-de-carte-funciara-pentru-casa-verde/,articol,200,Indexable,,1143,152,7.52,23.045,5.516,193500,2,1,2,2,87,54,4,76,700,227,1367,62,da,"index, follow",0.161,7,496
/gdpr/,legal,200,Indexable,,239,49,4.878,44.011,3.107,135820,1,1,235,232,83,53,5,38,346,98,593,24,da,"index, follow",0.23,0,46
/ghid-complet-certificat-de-integritate-comportamentala/,articol,200,Indexable,,717,121,5.926,21.237,4.131,187587,2,1,3,3,89,55,4,69,624,209,1205,55,da,"index, follow",0.139,925,28959
/informatii-cazier-auto-online/,articol,200,Indexable,,825,153,5.392,41.083,4.293,187925,2,1,4,4,85,54,4,56,486,183,1051,42,da,"index, follow",0.135,822,35488
/inregistrare-nastere-copil-nou-nascut/,articol,200,Indexable,,1490,216,6.898,49.995,6.358,193016,2,1,4,4,93,58,4,81,689,170,1006,67,da,"index, follow",0.128,0,40
/model-certificat-de-casatorie/,articol,200,Indexable,,587,88,6.67,57.671,3.66,174561,2,1,3,3,85,55,4,68,606,138,832,54,da,"index, follow",0.217,1,84
/politica-cookies/,legal,200,Indexable,,407,83,4.904,47.416,3.783,140804,1,1,234,232,83,53,4,36,305,117,709,22,da,"index, follow",0.093,1,697
/politica-de-anulare/,legal,200,Indexable,,781,123,6.35,55.563,5.1,147740,1,1,234,232,84,53,4,47,418,155,932,33,da,"index, follow",0.182,3,159
/politica-de-confidentialitate/,legal,200,Indexable,,1232,237,5.198,34.625,7.042,158966,1,1,238,232,82,53,5,43,364,209,1240,29,da,"index, follow",0.136,1,414
/radiere-firma-srl-ghid/,articol,200,Indexable,,971,148,6.561,47.53,4.82,185906,2,1,6,6,88,55,4,88,752,188,1103,74,da,"index, follow",0.056,18,592
/rolul-si-atributiile-onrc-romania/,articol,200,Indexable,,668,114,5.86,35.867,3.891,183555,2,1,3,3,86,55,4,91,765,189,1112,77,da,"index, follow",0.048,17,30042
/schimbare-certificat-de-nastere-vechi/,articol,200,Indexable,,864,133,6.496,49.548,4.431,183409,2,1,4,4,88,55,4,77,702,136,799,63,da,"index, follow",0.185,362,4911
/schimbare-sediu-social-srl-ghid/,articol,200,Indexable,,879,129,6.814,45.444,4.494,185506,1,1,5,5,88,57,4,93,831,185,1079,79,da,"index, follow",0.184,0,0
/servicii/,hub,200,Indexable,,837,288,2.906,46.309,2.004,399435,1,1,370,232,138,90,4,56,505,175,1000,18,da,"index, follow",0.048,20,1137
/servicii/actualizare-adresa-cf/,serviciu,200,Indexable,,2283,429,5.322,47.686,3.39,516413,1,2,236,232,92,54,7,64,583,316,1936,37,da,"index, follow",0.146,40,1421
/servicii/cazier-auto-online/,serviciu,200,Indexable,,3040,549,5.537,43.118,3.903,566928,1,2,526,232,89,55,7,79,681,178,1068,49,da,"index, follow",0.051,1692,22786
/servicii/cazier-fiscal-online/,serviciu,200,Indexable,,2700,501,5.389,48.427,3.628,540071,1,2,542,232,88,55,7,67,598,155,911,36,da,"index, follow",0.114,1,1
/servicii/cazier-judiciar-online/,serviciu,200,Indexable,,4793,879,5.453,38.878,4.515,770345,1,2,684,232,141,104,7,69,599,152,884,22,da,"index, follow",0.176,402,42742
/servicii/cazier-judiciar-online/alba-iulia/,locatie-cazier,200,Non-Indexable,noindex,1436,235,6.111,37.088,3.609,332939,2,3,49,49,142,103,7,71,618,162,949,62,da,"noindex, follow",0.489,0,0
/servicii/cazier-judiciar-online/alexandria/,locatie-cazier,200,Non-Indexable,noindex,1390,232,5.991,33.623,3.595,331319,2,3,49,49,142,103,7,76,688,167,996,62,da,"noindex, follow",0.519,0,0
/servicii/cazier-judiciar-online/arad/,locatie-cazier,200,Non-Indexable,noindex,1423,234,6.081,38.716,3.579,332472,2,3,49,49,142,103,7,65,580,156,924,56,da,"noindex, follow",0.486,0,0
/servicii/cazier-judiciar-online/bacau/,locatie-cazier,200,Non-Indexable,noindex,1406,233,6.034,38.009,3.566,332272,2,3,49,49,142,103,7,67,606,158,944,57,da,"noindex, follow",0.448,0,0
/servicii/cazier-judiciar-online/baia-mare/,locatie-cazier,200,Non-Indexable,noindex,1427,227,6.286,36.056,3.603,332764,2,3,49,49,142,103,7,75,689,166,999,61,da,"noindex, follow",0.419,0,0
/servicii/cazier-judiciar-online/barlad/,locatie-cazier,200,Non-Indexable,noindex,1327,196,6.77,35.991,3.542,320968,2,3,49,49,142,103,5,69,608,160,943,58,da,"noindex, follow",0.34,0,0
/servicii/cazier-judiciar-online/bistrita/,locatie-cazier,200,Non-Indexable,noindex,1393,231,6.03,34.308,3.594,333294,2,3,49,49,142,103,7,80,698,171,1007,60,da,"noindex, follow",0.459,0,0
/servicii/cazier-judiciar-online/botosani/,locatie-cazier,200,Non-Indexable,noindex,1401,231,6.065,33.472,3.598,331245,2,3,49,49,142,103,7,73,652,164,976,60,da,"noindex, follow",0.403,0,0
/servicii/cazier-judiciar-online/braila/,locatie-cazier,200,Non-Indexable,noindex,1404,223,6.296,37.15,3.565,332640,2,3,49,49,142,103,7,69,598,160,936,58,da,"noindex, follow",0.436,0,0
/servicii/cazier-judiciar-online/brasov/,locatie-cazier,200,Non-Indexable,noindex,1443,236,6.114,39.05,3.625,333408,2,3,49,49,142,103,7,69,618,160,952,58,da,"noindex, follow",0.37,0,0
/servicii/cazier-judiciar-online/bucuresti/,locatie-cazier,200,Non-Indexable,noindex,1395,204,6.838,31.725,3.683,322726,2,3,49,49,142,103,5,75,664,166,982,61,da,"noindex, follow",0.126,0,0
/servicii/cazier-judiciar-online/buzau/,locatie-cazier,200,Non-Indexable,noindex,1412,232,6.086,38.228,3.578,332330,2,3,49,49,142,103,7,67,606,158,944,57,da,"noindex, follow",0.387,0,0
/servicii/cazier-judiciar-online/calarasi/,locatie-cazier,200,Non-Indexable,noindex,1400,237,5.907,38.286,3.584,332735,2,3,49,49,142,103,7,73,642,164,966,60,da,"noindex, follow",0.427,0,0
/servicii/cazier-judiciar-online/cluj-napoca/,locatie-cazier,200,Indexable,,1416,209,6.775,35.0,3.625,329758,2,3,49,49,142,103,7,72,638,163,963,63,da,"index, follow",0.102,11,755
/servicii/cazier-judiciar-online/constanta/,locatie-cazier,200,Indexable,,1432,239,5.992,37.225,3.63,333883,2,3,49,49,142,103,7,75,680,166,996,61,da,"index, follow",0.061,6,778
/servicii/cazier-judiciar-online/craiova/,locatie-cazier,200,Non-Indexable,noindex,1419,231,6.143,38.077,3.607,331142,2,3,49,49,142,103,7,68,598,159,935,59,da,"noindex, follow",0.486,0,0
/servicii/cazier-judiciar-online/deva/,locatie-cazier,200,Non-Indexable,noindex,1405,233,6.03,35.91,3.57,332373,2,3,49,49,142,103,7,70,639,161,965,56,da,"noindex, follow",0.377,0,0
/servicii/cazier-judiciar-online/drobeta-turnu-severin/,locatie-cazier,200,Non-Indexable,noindex,1439,240,5.996,32.314,3.684,333908,2,3,49,49,142,103,7,87,786,178,1064,73,da,"noindex, follow",0.37,0,0
/servicii/cazier-judiciar-online/focsani/,locatie-cazier,200,Indexable,,1388,227,6.115,34.781,3.568,331008,2,3,49,49,142,103,7,71,639,162,965,59,da,"index, follow",0.04,10,672
/servicii/cazier-judiciar-online/galati/,locatie-cazier,200,Non-Indexable,noindex,1412,225,6.276,35.1,3.579,332925,2,3,49,49,142,103,7,69,602,160,938,58,da,"noindex, follow",0.412,0,0
/servicii/cazier-judiciar-online/giurgiu/,locatie-cazier,200,Non-Indexable,noindex,1394,215,6.484,36.334,3.59,328991,2,3,49,49,142,103,7,71,624,162,954,59,da,"noindex, follow",0.454,0,0
/servicii/cazier-judiciar-online/iasi/,locatie-cazier,200,Indexable,,1434,240,5.975,36.703,3.602,332022,2,3,49,49,142,103,7,65,558,156,908,56,da,"index, follow",0.07,6,510
/servicii/cazier-judiciar-online/ilfov/,locatie-cazier,200,Non-Indexable,noindex,1425,229,6.223,37.434,3.594,332675,2,3,49,49,142,103,7,67,572,158,918,57,da,"noindex, follow",0.633,0,0
/servicii/cazier-judiciar-online/lugoj/,locatie-cazier,200,Non-Indexable,noindex,1322,196,6.745,34.821,3.519,320701,2,3,49,49,142,103,5,67,595,158,932,57,da,"noindex, follow",0.414,0,0
/servicii/cazier-judiciar-online/medias/,locatie-cazier,200,Non-Indexable,noindex,1327,197,6.736,33.093,3.536,320928,2,3,49,49,142,103,5,68,605,159,939,58,da,"noindex, follow",0.405,0,0
/servicii/cazier-judiciar-online/miercurea-ciuc/,locatie-cazier,200,Non-Indexable,noindex,1410,231,6.104,35.58,3.601,333095,2,3,49,49,142,103,7,79,707,170,1011,66,da,"noindex, follow",0.377,0,0
/servicii/cazier-judiciar-online/onesti/,locatie-cazier,200,Non-Indexable,noindex,1325,196,6.76,33.136,3.534,320946,2,3,49,49,142,103,5,68,609,159,944,58,da,"noindex, follow",0.437,0,0
/servicii/cazier-judiciar-online/oradea/,locatie-cazier,200,Non-Indexable,noindex,1431,227,6.304,35.67,3.606,332967,2,3,49,49,142,103,7,68,607,159,943,58,da,"noindex, follow",0.452,0,0
/servicii/cazier-judiciar-online/persoana-fizica/,variant-serviciu,200,Indexable,,2275,486,4.681,48.205,3.063,557883,1,3,516,232,87,54,7,62,562,215,1287,38,da,"index, follow",0.061,8,667
/servicii/cazier-judiciar-online/persoana-juridica/,variant-serviciu,200,Indexable,,2235,490,4.561,45.232,3.025,563729,1,3,515,232,89,54,7,72,652,200,1196,48,da,"index, follow",0.067,1,496
/servicii/cazier-judiciar-online/piatra-neamt/,locatie-cazier,200,Indexable,,1431,232,6.168,39.237,3.6,333086,2,3,49,49,142,103,7,74,677,165,989,64,da,"index, follow",0.071,26,537
/servicii/cazier-judiciar-online/pitesti/,locatie-cazier,200,Non-Indexable,noindex,1423,231,6.16,36.555,3.611,331545,2,3,49,49,142,103,7,69,606,160,939,59,da,"noindex, follow",0.433,0,0
/servicii/cazier-judiciar-online/ploiesti/,locatie-cazier,200,Non-Indexable,noindex,1404,234,6.0,36.787,3.579,332686,2,3,49,49,142,103,7,72,637,163,962,60,da,"noindex, follow",0.487,0,0
/servicii/cazier-judiciar-online/ramnicu-valcea/,locatie-cazier,200,Indexable,,1409,224,6.29,38.636,3.606,331554,2,3,49,49,142,103,7,77,701,168,1006,66,da,"index, follow",0.077,15,476
/servicii/cazier-judiciar-online/resita/,locatie-cazier,200,Non-Indexable,noindex,1395,229,6.092,33.332,3.576,332761,2,3,49,49,142,103,7,76,677,167,989,58,da,"noindex, follow",0.546,0,0
/servicii/cazier-judiciar-online/satu-mare/,locatie-cazier,200,Indexable,,1437,229,6.275,38.448,3.59,332856,2,3,49,49,142,103,7,75,680,166,992,61,da,"index, follow",0.063,5,290
/servicii/cazier-judiciar-online/sebes/,locatie-cazier,200,Non-Indexable,noindex,1333,196,6.801,34.984,3.528,320771,2,3,49,49,142,103,5,66,591,157,929,57,da,"noindex, follow",0.428,0,0
/servicii/cazier-judiciar-online/sfantu-gheorghe/,locatie-cazier,200,Non-Indexable,noindex,1417,234,6.056,39.131,3.601,332845,2,3,49,49,142,103,7,79,724,170,1025,67,da,"noindex, follow",0.39,0,0
/servicii/cazier-judiciar-online/sibiu/,locatie-cazier,200,Non-Indexable,noindex,1401,222,6.311,35.758,3.571,330872,2,3,49,49,142,103,7,67,584,158,924,57,da,"noindex, follow",0.423,0,0
/servicii/cazier-judiciar-online/slatina/,locatie-cazier,200,Non-Indexable,noindex,1405,235,5.979,37.769,3.57,332255,2,3,49,49,142,103,7,67,584,158,925,59,da,"noindex, follow",0.474,0,0
/servicii/cazier-judiciar-online/slobozia/,locatie-cazier,200,Non-Indexable,noindex,1384,210,6.59,29.112,3.607,327576,2,3,49,49,142,103,7,73,645,164,968,60,da,"noindex, follow",0.403,0,0
/servicii/cazier-judiciar-online/suceava/,locatie-cazier,200,Non-Indexable,noindex,1412,230,6.139,35.478,3.586,332631,2,3,49,49,142,103,7,71,648,162,970,59,da,"noindex, follow",0.388,0,0
/servicii/cazier-judiciar-online/targoviste/,locatie-cazier,200,Non-Indexable,noindex,1405,234,6.004,37.201,3.6,332988,2,3,49,49,142,103,7,76,688,167,998,62,da,"noindex, follow",0.42,0,0
/servicii/cazier-judiciar-online/targu-jiu/,locatie-cazier,200,Non-Indexable,noindex,1427,240,5.946,41.204,3.593,332722,2,3,49,49,142,103,7,70,617,161,949,61,da,"noindex, follow",0.4,0,0
/servicii/cazier-judiciar-online/targu-mures/,locatie-cazier,200,Non-Indexable,noindex,1427,233,6.124,39.126,3.593,333123,2,3,49,49,142,103,7,73,665,164,982,63,da,"noindex, follow",0.418,0,0
/servicii/cazier-judiciar-online/timisoara/,locatie-cazier,200,Indexable,,1421,230,6.178,35.234,3.62,332047,2,3,49,49,142,103,7,71,636,162,959,61,da,"index, follow",0.057,9,697
/servicii/cazier-judiciar-online/tulcea/,locatie-cazier,200,Non-Indexable,noindex,1412,232,6.086,38.647,3.58,332303,2,3,49,49,142,103,7,69,616,160,946,58,da,"noindex, follow",0.401,0,0
/servicii/cazier-judiciar-online/turda/,locatie-cazier,200,Non-Indexable,noindex,1330,198,6.717,35.206,3.535,320843,2,3,49,49,142,103,5,66,582,157,924,57,da,"noindex, follow",0.482,0,0
/servicii/cazier-judiciar-online/vaslui/,locatie-cazier,200,Non-Indexable,noindex,1401,234,5.987,38.623,3.554,332798,2,3,49,49,142,103,7,69,606,160,940,58,da,"noindex, follow",0.458,0,0
/servicii/cazier-judiciar-online/zalau/,locatie-cazier,200,Non-Indexable,noindex,1402,232,6.043,38.984,3.552,332354,2,3,49,49,142,103,7,67,590,158,929,57,da,"noindex, follow",0.394,0,0
/servicii/certificat-constatator-online/,serviciu,200,Indexable,,3249,607,5.353,44.466,3.848,611884,1,2,1933,232,94,61,8,76,684,179,1093,63,da,"index, follow",0.227,78,11001
/servicii/certificat-de-integritate-comportamentala/,serviciu,200,Indexable,,2633,513,5.133,35.96,3.635,553196,1,2,526,232,88,56,7,64,576,149,891,48,da,"index, follow",0.128,0,1
/servicii/certificat-detineri-imobile/,serviciu,200,Indexable,,2403,455,5.281,41.463,3.568,520971,2,2,4,4,90,55,7,71,627,263,1611,39,da,"index, follow",0.129,2,197
/servicii/certificat-sarcini/,serviciu,200,Indexable,,2274,436,5.216,41.382,3.446,516733,1,2,241,232,91,54,7,75,636,216,1236,38,da,"index, follow",0.095,19,640
/servicii/certificat-urbanism-informare/,serviciu,200,Indexable,,2300,437,5.263,51.641,3.391,499615,1,2,244,232,87,54,7,75,662,168,1012,29,da,"index, follow",0.065,11,425
/servicii/copie-arhiva-ocpi/,serviciu,200,Indexable,,2319,445,5.211,41.247,3.502,517419,2,2,3,3,90,57,7,73,664,252,1475,33,da,"index, follow",0.12,3,115
/servicii/copie-carte-funciara/,serviciu,200,Indexable,,2303,451,5.106,41.856,3.398,526289,1,2,249,232,94,56,7,72,645,216,1234,43,da,"index, follow",0.124,41,994
/servicii/copie-contract-vanzare/,serviciu,200,Indexable,,2223,431,5.158,42.409,3.408,513479,2,2,3,3,90,57,7,62,578,251,1507,32,da,"index, follow",0.05,2,97
/servicii/copie-intabulare/,serviciu,200,Indexable,,2278,435,5.237,47.286,3.363,520762,2,2,3,3,92,55,7,64,567,183,1070,36,da,"index, follow",0.06,2,58
/servicii/copie-inventar-coordonate/,serviciu,200,Indexable,,2274,437,5.204,45.635,3.414,517161,2,2,5,4,91,55,7,52,472,206,1240,38,da,"index, follow",0.046,3,68
/servicii/copie-plan-cadastral/,serviciu,200,Indexable,,2196,444,4.946,41.36,3.332,518993,2,2,10,8,94,57,7,58,524,218,1304,36,da,"index, follow",0.151,2,36
/servicii/copie-plan-incadrare/,serviciu,200,Indexable,,2172,428,5.075,48.025,3.284,515119,2,2,5,5,91,55,7,61,543,213,1284,31,da,"index, follow",0.108,0,59
/servicii/copie-releveu/,serviciu,200,Indexable,,2201,437,5.037,40.018,3.365,515597,2,2,10,6,91,57,7,64,597,216,1294,43,da,"index, follow",0.155,4,143
/servicii/eliberare-certificat-de-casatorie/,serviciu,200,Indexable,,2748,517,5.315,43.908,3.709,551260,1,2,493,232,91,57,8,75,644,155,907,30,da,"index, follow",0.044,341,13255
/servicii/eliberare-certificat-de-celibat/,serviciu,200,Indexable,,2494,466,5.352,46.45,3.466,532783,1,2,489,232,87,54,7,79,686,177,1029,28,da,"index, follow",0.184,488,8869
/servicii/eliberare-certificat-de-nastere/,serviciu,200,Indexable,,3047,546,5.581,43.132,3.951,562427,1,2,515,232,95,59,8,73,629,153,896,58,da,"index, follow",0.063,1714,51634
/servicii/extras-cf-colectiv/,serviciu,200,Indexable,,2287,439,5.21,41.262,3.502,518009,2,2,5,5,90,56,7,68,605,215,1303,34,da,"index, follow",0.047,2,39
/servicii/extras-de-carte-funciara/,serviciu,200,Indexable,,3801,693,5.485,47.27,3.975,690358,1,2,685,232,140,101,8,70,628,178,1098,31,da,"index, follow",0.058,1549,63715
/servicii/extras-de-carte-funciara/alba/,locatie-cf,200,Indexable,,786,155,5.071,47.019,3.021,255510,2,3,14,14,101,67,6,78,709,156,932,35,da,"index, follow",0.074,2,39
/servicii/extras-de-carte-funciara/arad/,locatie-cf,200,Indexable,,786,154,5.104,46.985,3.024,255545,2,3,14,14,101,67,6,78,711,156,936,35,da,"index, follow",0.067,5,108
/servicii/extras-de-carte-funciara/arges/,locatie-cf,200,Indexable,,968,181,5.348,45.928,3.228,276417,2,3,14,14,101,67,6,79,721,158,948,36,da,"index, follow",0.135,0,0
/servicii/extras-de-carte-funciara/bacau/,locatie-cf,200,Indexable,,775,142,5.458,46.723,3.007,254377,2,3,14,14,101,67,6,79,724,158,956,36,da,"index, follow",0.04,0,0
/servicii/extras-de-carte-funciara/bihor/,locatie-cf,200,Indexable,,978,171,5.719,46.016,3.249,275254,2,3,14,14,101,67,6,79,715,158,942,36,da,"index, follow",0.06,0,0
/servicii/extras-de-carte-funciara/bistrita-nasaud/,locatie-cf,200,Indexable,,776,145,5.352,42.451,3.079,255529,2,3,14,14,101,67,6,89,807,178,1072,46,da,"index, follow",0.369,2,126
/servicii/extras-de-carte-funciara/botosani/,locatie-cf,200,Indexable,,773,143,5.406,41.889,3.024,254592,2,3,14,14,101,67,6,82,747,164,988,39,da,"index, follow",0.114,0,27
/servicii/extras-de-carte-funciara/braila/,locatie-cf,200,Indexable,,773,142,5.444,46.885,3.008,254390,2,3,14,14,101,67,6,80,720,160,948,37,da,"index, follow",0.057,9,277
/servicii/extras-de-carte-funciara/brasov/,locatie-cf,200,Indexable,,1002,187,5.358,46.803,3.312,277181,2,3,14,14,101,67,6,80,730,160,964,37,da,"index, follow",0.072,15,799
/servicii/extras-de-carte-funciara/bucuresti/,locatie-cf,200,Indexable,,973,183,5.317,41.542,3.304,274030,2,3,14,14,101,67,6,83,753,166,994,40,da,"index, follow",0.112,24,690
/servicii/extras-de-carte-funciara/buzau/,locatie-cf,200,Indexable,,784,153,5.124,46.894,3.025,255670,2,3,14,14,101,67,6,79,724,158,956,36,da,"index, follow",0.048,1,38
/servicii/extras-de-carte-funciara/calarasi/,locatie-cf,200,Indexable,,783,152,5.151,46.236,3.045,256098,2,3,14,14,101,67,6,82,742,164,978,39,da,"index, follow",0.098,0,22
/servicii/extras-de-carte-funciara/caras-severin/,locatie-cf,200,Indexable,,785,156,5.032,40.179,3.084,256405,2,3,14,14,101,67,6,87,794,174,1048,44,da,"index, follow",0.06,0,15
/servicii/extras-de-carte-funciara/cluj/,locatie-cf,200,Indexable,,986,178,5.539,47.714,3.25,276259,2,3,14,14,101,67,6,78,703,156,922,35,da,"index, follow",0.056,6,502
/servicii/extras-de-carte-funciara/constanta/,locatie-cf,200,Indexable,,996,187,5.326,41.912,3.329,277401,2,3,14,14,101,67,6,83,761,166,1008,40,da,"index, follow",0.044,3,152
/servicii/extras-de-carte-funciara/covasna/,locatie-cf,200,Indexable,,787,156,5.045,45.092,3.044,255784,2,3,14,14,101,67,6,81,746,162,986,38,da,"index, follow",0.044,1,22
/servicii/extras-de-carte-funciara/dambovita/,locatie-cf,200,Indexable,,786,156,5.038,44.468,3.059,256122,2,3,14,14,101,67,6,83,766,166,1012,40,da,"index, follow",0.059,0,55
/servicii/extras-de-carte-funciara/dolj/,locatie-cf,200,Indexable,,971,187,5.193,49.703,3.219,276188,2,3,14,14,101,67,6,78,703,156,922,35,da,"index, follow",0.117,4,129
/servicii/extras-de-carte-funciara/galati/,locatie-cf,200,Indexable,,980,184,5.326,44.142,3.252,276331,2,3,14,14,101,67,6,80,722,160,950,37,da,"index, follow",0.038,0,0
/servicii/extras-de-carte-funciara/giurgiu/,locatie-cf,200,Indexable,,780,150,5.2,47.325,3.018,255598,2,3,14,14,101,67,6,81,733,162,966,38,da,"index, follow",0.104,2,60
/servicii/extras-de-carte-funciara/gorj/,locatie-cf,200,Indexable,,774,143,5.413,49.302,2.991,254079,2,3,14,14,101,67,6,78,706,156,928,35,da,"index, follow",0.044,0,0
/servicii/extras-de-carte-funciara/harghita/,locatie-cf,200,Indexable,,775,144,5.382,44.508,3.025,254484,2,3,14,14,101,67,6,82,746,164,986,39,da,"index, follow",0.044,0,13
/servicii/extras-de-carte-funciara/hunedoara/,locatie-cf,200,Indexable,,778,149,5.221,42.122,3.029,255762,2,3,14,14,101,67,6,83,767,166,1016,40,da,"index, follow",0.087,0,0
/servicii/extras-de-carte-funciara/ialomita/,locatie-cf,200,Indexable,,779,150,5.193,40.617,3.023,255749,2,3,14,14,101,67,6,82,742,164,978,39,da,"index, follow",0.054,0,0
/servicii/extras-de-carte-funciara/iasi/,locatie-cf,200,Indexable,,993,185,5.368,45.733,3.245,276495,2,3,14,14,101,67,6,78,700,156,920,35,da,"index, follow",0.138,1,100
/servicii/extras-de-carte-funciara/ilfov/,locatie-cf,200,Indexable,,960,170,5.647,44.064,3.225,275016,2,3,14,14,101,67,6,79,707,158,930,36,da,"index, follow",0.22,5,77
/servicii/extras-de-carte-funciara/maramures/,locatie-cf,200,Indexable,,775,144,5.382,42.761,3.029,254633,2,3,14,14,101,67,6,83,772,166,1020,40,da,"index, follow",0.057,3,40
/servicii/extras-de-carte-funciara/mehedinti/,locatie-cf,200,Indexable,,781,150,5.207,42.533,3.039,255890,2,3,14,14,101,67,6,83,758,166,998,40,da,"index, follow",0.057,0,17
/servicii/extras-de-carte-funciara/mures/,locatie-cf,200,Indexable,,987,182,5.423,47.988,3.258,276638,2,3,14,14,101,67,6,79,725,158,954,36,da,"index, follow",0.055,0,83
/servicii/extras-de-carte-funciara/neamt/,locatie-cf,200,Indexable,,776,142,5.465,49.859,3.001,254257,2,3,14,14,101,67,6,79,730,158,960,36,da,"index, follow",0.057,2,23
/servicii/extras-de-carte-funciara/olt/,locatie-cf,200,Indexable,,780,150,5.2,49.819,2.992,255212,2,3,14,14,101,67,6,77,695,154,912,34,da,"index, follow",0.044,1,22
/servicii/extras-de-carte-funciara/prahova/,locatie-cf,200,Indexable,,955,172,5.552,45.11,3.215,275127,2,3,14,14,101,67,6,81,743,162,982,38,da,"index, follow",0.045,1,47
/servicii/extras-de-carte-funciara/salaj/,locatie-cf,200,Indexable,,780,147,5.306,49.495,3.003,255485,2,3,14,14,101,67,6,79,713,158,936,36,da,"index, follow",0.236,1,44
/servicii/extras-de-carte-funciara/satu-mare/,locatie-cf,200,Indexable,,801,150,5.34,47.952,3.036,255795,2,3,14,14,101,67,6,83,761,166,1004,40,da,"index, follow",0.052,9,274
/servicii/extras-de-carte-funciara/sibiu/,locatie-cf,200,Indexable,,993,182,5.456,47.262,3.274,276520,2,3,14,14,101,67,6,79,713,158,936,36,da,"index, follow",0.157,2,130
/servicii/extras-de-carte-funciara/suceava/,locatie-cf,200,Indexable,,987,186,5.306,43.735,3.284,276627,2,3,14,14,101,67,6,81,745,162,982,38,da,"index, follow",0.059,2,18
/servicii/extras-de-carte-funciara/teleorman/,locatie-cf,200,Indexable,,772,144,5.361,44.357,3.028,254555,2,3,14,14,101,67,6,83,766,166,1008,40,da,"index, follow",0.297,0,0
/servicii/extras-de-carte-funciara/timis/,locatie-cf,200,Indexable,,981,172,5.703,44.868,3.263,275498,2,3,14,14,101,67,6,79,719,158,942,36,da,"index, follow",0.045,0,84
/servicii/extras-de-carte-funciara/tulcea/,locatie-cf,200,Indexable,,774,143,5.413,47.006,3.01,254302,2,3,14,14,101,67,6,80,729,160,958,37,da,"index, follow",0.048,6,97
/servicii/extras-de-carte-funciara/valcea/,locatie-cf,200,Indexable,,779,149,5.228,49.053,3.014,255623,2,3,14,14,101,67,6,80,730,160,960,37,da,"index, follow",0.055,3,96
/servicii/extras-de-carte-funciara/vaslui/,locatie-cf,200,Indexable,,773,143,5.406,47.033,3.007,254292,2,3,14,14,101,67,6,80,724,160,952,37,da,"index, follow",0.062,0,0
/servicii/extras-de-carte-funciara/vrancea/,locatie-cf,200,Indexable,,785,156,5.032,47.4,3.038,255760,2,3,14,14,101,67,6,81,743,162,980,38,da,"index, follow",0.068,1,27
/servicii/extras-multilingv-certificat-casatorie/,serviciu,200,Indexable,,2528,467,5.413,46.33,3.609,528105,1,2,469,232,91,56,7,88,777,179,1088,53,da,"index, follow",0.1,56,2431
/servicii/extras-multilingv-certificat-nastere/,serviciu,200,Indexable,,2522,467,5.4,46.242,3.588,527676,1,2,478,232,91,56,7,86,762,177,1077,51,da,"index, follow",0.098,481,11317
/servicii/extras-plan-cadastral/,serviciu,200,Indexable,,2163,432,5.007,41.236,3.256,527534,1,2,479,232,95,58,7,60,543,190,1169,40,da,"index, follow",0.057,137,4142
/servicii/identificare-imobil/,serviciu,200,Indexable,,2235,439,5.091,46.132,3.285,530149,1,2,326,232,92,56,7,68,615,147,891,31,da,"index, follow",0.176,181,4458
/servicii/identificare-imobile-proprietar/,serviciu,200,Indexable,,2306,442,5.217,41.805,3.466,521213,1,2,236,232,90,55,7,68,587,192,1138,36,da,"index, follow",0.051,114,1924
/servicii/plan-amplasament-delimitare/,serviciu,200,Indexable,,2254,438,5.146,40.707,3.366,526720,1,2,244,232,92,56,7,69,634,253,1521,39,da,"index, follow",0.149,41,2037
/servicii/rovinieta-online/,serviciu,200,Indexable,,746,119,6.269,61.098,3.75,199708,1,2,471,232,83,53,4,69,622,177,1041,55,da,"index, follow",0.322,39,7575
/sms-fals-amenda-ghiseul-ro/,articol,200,Indexable,,1030,192,5.365,53.627,4.692,197350,2,1,2,2,87,54,8,97,857,232,1380,83,da,"index, follow",0.053,57,2798
/suspendare-activitate-firma-ghid/,articol,200,Indexable,,750,124,6.048,41.648,4.155,182514,1,1,8,7,88,57,4,90,775,168,1026,76,da,"index, follow",0.059,0,0
/tabel-varsta-pensionare-anticipata-femei/,articol,200,Indexable,,2560,411,6.229,100.0,6.242,297232,2,1,3,3,87,55,4,67,600,200,1192,53,da,"index, follow",0.11,5444,153641
/taxa-cazier-judiciar/,articol,200,Indexable,,872,141,6.184,51.926,4.43,182779,2,1,6,4,85,54,4,78,651,162,898,64,da,"index, follow",0.149,702,62896
/termeni-si-conditii/,legal,200,Indexable,,1760,318,5.535,29.085,9.097,167675,1,1,234,232,85,53,9,33,284,182,1091,19,da,"index, follow",0.092,6,368
/tools/,hub,200,Indexable,,166,32,5.188,41.543,2.545,145650,2,1,2,2,84,54,4,55,492,150,881,27,da,"index, follow",0.113,1,52
/tools/verificare-rovinieta-online/,tool,200,Indexable,,920,152,6.053,47.4,4.292,200413,1,2,239,232,88,54,4,63,562,168,988,27,da,"index, follow",0.137,32589,705383
/totul-despre-cartea-funciara-colectiva/,articol,200,Indexable,,1013,168,6.03,51.558,4.84,188869,2,1,4,4,87,56,4,82,700,191,1106,68,da,"index, follow",0.116,67,6909
/transcriere-certificat-de-casatorie/,articol,200,Indexable,,736,112,6.571,53.954,4.138,180826,2,1,10,9,85,54,4,79,693,143,842,65,da,"index, follow",0.04,0,0
/transcriere-certificat-de-nastere/,articol,200,Indexable,,1321,188,7.027,46.834,5.882,195691,2,1,4,4,88,56,4,77,678,174,1035,63,da,"index, follow",0.102,3,97
/tva-9-locuinte-31-iulie-2026/,articol,200,Indexable,,2300,368,6.25,68.773,6.891,244195,2,1,8,6,89,56,5,73,674,293,1782,95,da,"index, follow",0.06,368,18852
/valabilitate-certificat-de-celibat/,articol,200,Indexable,,1710,230,7.435,57.25,6.469,203831,2,1,2,2,90,55,4,94,792,173,967,80,da,"index, follow",0.096,6,92
/valabilitate-extras-de-carte-funciara/,articol,200,Indexable,,804,123,6.537,37.945,4.32,186064,2,1,4,4,86,54,4,69,593,176,1029,55,da,"index, follow",0.045,374,9676
/verificare-cazier-fiscal/,articol,200,Indexable,,1924,288,6.681,45.892,6.779,220673,2,1,2,2,89,55,4,74,601,261,1541,99,da,"index, follow",0.139,14,503
/verificare-proprietar-imobil/,articol,200,Indexable,,1405,215,6.535,48.765,5.718,203602,2,1,3,3,92,59,4,75,656,206,1215,61,da,"index, follow",0.106,2492,55481
