Cele mai populare interogări,Clicuri,Expuneri,CTR,Poziție
verificare rovinieta,20642,386831,5.34%,4.14
impozit auto 2026,9144,24380,37.51%,1.79
calculator impozit auto 2026,4336,10070,43.06%,1.65
verificare rovinieta online,3586,56371,6.36%,4.13
verificare rovinieta fara serie sasiu,3038,22747,13.36%,4.08
calculator salariu net,2933,248022,1.18%,4.15
calcul varsta pensionare legea noua,2873,20149,14.26%,2.69
rovinieta verificare,2382,47412,5.02%,4.2
calculator salariu brut net,2101,19368,10.85%,2.92
cazier judiciar online,1782,66817,2.67%,6.43
calculator varsta pensionare,1741,7519,23.15%,2.26
calculator varsta pensionare anticipata,1656,32309,5.13%,4.67
verifica rovinieta,1359,25521,5.33%,4.34
impozit auto,1298,7933,16.36%,2.35
cazier online,1210,32928,3.67%,5.72
calculator salariu,1152,113146,1.02%,4.99
calculator indemnizatie crestere copil,1082,3837,28.2%,3.11
verificare rovinieta dupa numar,1063,20388,5.21%,5.02
calculator impozit auto,1001,7172,13.96%,2.61
calcul impozit auto 2026,932,3671,25.39%,1.94
calculator pensie invaliditate,873,2204,39.61%,1.88
calcul salariu net,867,83654,1.04%,4.5
ancpi,840,41473,2.03%,7.85
calcul varsta pensionare,810,4504,17.98%,2.26
cazier auto online,809,4896,16.52%,2.78
ancpi functioneaza,797,16049,4.97%,5.47
calcul indemnizatie crestere copil,795,3743,21.24%,2.93
tabel varsta pensionare anticipata femei,717,21866,3.28%,4.44
cand ies la pensie,701,3487,20.1%,2.18
calculator pensie online,688,9681,7.11%,6.3
rovinieta online verificare,668,15238,4.38%,4.01
calculator salariu brut,655,32116,2.04%,3.53
cazier judiciar online gratuit,632,14486,4.36%,7.1
calculator pensie,625,14808,4.22%,7.25
verifica rovinieta online,608,10146,5.99%,4.07
calculator tva,592,40176,1.47%,4.95
pensie anticipata femei 1968,549,10239,5.36%,4.58
calculator salarii,524,39784,1.32%,3.54
pensie de invaliditate gradul 3 suma forum,520,9624,5.4%,3.82
cand ma pot pensiona,500,2564,19.5%,2.2
cazier auto,495,3016,16.41%,2.84
impozit masina 2026,472,869,54.32%,1.44
certificat de integritate comportamentala,464,8351,5.56%,3.4
verificare rovinietă,463,7142,6.48%,3.91
valabilitate rovinieta,451,15191,2.97%,5.77
calculator indemnizatie crestere copil 2026,418,2131,19.62%,4.61
pensie anticipata femei 1967,416,9939,4.19%,5.16
calcul salariu brut,414,22639,1.83%,3.51
pensie de invaliditate gradul 2 suma forum,411,4767,8.62%,2.74
duplicat certificat de nastere online,366,2119,17.27%,2.48
calculator impozit,361,3749,9.63%,3.76
pensie anticipata femei 1969,353,4222,8.36%,2.66
cand pot iesi la pensie,338,1942,17.4%,3.5
cazier rutier online,320,1354,23.63%,2.45
verificare rovineta,299,6189,4.83%,4.29
verificare valabilitate rovinieta,298,7553,3.95%,4.42
verificare rovigneta,296,9345,3.17%,4.49
impozit auto 2026 calculator,294,718,40.95%,1.86
calculator varsta pensionare anticipata 2026,290,3106,9.34%,4.71
calculator pensie 2026,289,2765,10.45%,5.31
cat este pensia pe caz de boala,283,5021,5.64%,3.45
calculator termene judiciare,280,11159,2.51%,2.62
pensie de invaliditate gradul 3 suma calculator,271,1209,22.42%,1.56
casa de pensii calcul varsta de pensionare,266,2661,10%,3.94
cazier fiscal online,265,6298,4.21%,7.99
verificarea rovinieta,264,3824,6.9%,3.52
verificate rovinieta,255,3811,6.69%,3.89
certificat de integritate comportamentala online gratuit,249,1779,14%,2.57
am uitat cand expira rovinieta,245,3574,6.86%,3.99
pensie anticipata femei 1968 calculator,233,2297,10.14%,2.75
verificare rovinieta auto,232,5355,4.33%,3.88
calcul varsta pensionare femei,227,943,24.07%,2.13
anii lucrati in strainatate se pun la pensie in romania,218,1551,14.06%,2.3
verificare rovinieta fără serie sasiu,212,1889,11.22%,4.49
cazier online gratuit,201,4845,4.15%,6.95
salariu brut calcul,197,3576,5.51%,3.01
eghiseul.ro,197,305,64.59%,1.13
calculator pensionare,193,798,24.19%,2.14
ghiseul.ro cazier,191,21566,0.89%,5.16
calcul salariu net din brut,188,4434,4.24%,3.64
cum se calculeaza indemnizatia de crestere copil,188,1265,14.86%,2.48
salariu brut net,184,21546,0.85%,4.85
calculare impozit auto 2026,184,364,50.55%,1.65
impozite auto 2026,180,506,35.57%,1.91
cat este indemnizatia de crestere copil,176,1480,11.89%,1.64
cazier,174,6575,2.65%,7.19
verificare vigneta romania,172,3958,4.35%,3.83
calcul impozit auto,172,1508,11.41%,2.63
eterra,170,10236,1.66%,7.53
verificare rovinieta dupa numar fara serie sasiu,170,1807,9.41%,4.65
calculator varsta pensionare femei,170,539,31.54%,2.16
rovinieta verificare online,159,3104,5.12%,4.33
cum se calculeaza indemnizatia,159,816,19.49%,1.87
cazier auto online gratuit,158,726,21.76%,2.79
cum verific rovinieta,156,1616,9.65%,3.77
calculator iesire la pensie,152,537,28.31%,2.15
cazier judiciar online gratuit persoane fizice,148,3364,4.4%,6.94
calculator procente,144,18177,0.79%,3.71
eghiseu,144,1442,9.99%,2.15
calculator varsta de pensionare,143,1676,8.53%,5.43
calcul salariu,138,7909,1.74%,4.53
calculator brut net,136,5795,2.35%,3.49
verificare rovinietă online,135,1942,6.95%,4.02
calculator vârstă pensionare,135,397,34.01%,2.26
verificare rovinieta romania,134,2408,5.56%,4.63
certificat de nastere online,134,1019,13.15%,4.03
calculare impozit auto,130,852,15.26%,2.31
calculator pensie alimentara,130,607,21.42%,3.7
calcul tva,129,11596,1.11%,5.35
cazier judiciar,129,9532,1.35%,8.47
brut in net,127,18497,0.69%,4.56
verificare amenda rovinieta,126,2250,5.6%,5.55
pensie anticipata femei 1970,125,954,13.1%,2.55
calculator pensionare femei,125,391,31.97%,2.5
verificare rovinieta dupa numar aida,122,3311,3.68%,6.35
tabel varsta pensionare femei,121,7475,1.62%,8.18
calcul impozit,120,1108,10.83%,2.48
calculator indemnizatie,120,451,26.61%,2.27
noua varsta de pensionare,119,2854,4.17%,8.18
geoportal ancpi numar cadastral,119,1696,7.02%,4.87
calcul iesire la pensie,119,500,23.8%,2.13
calcul indemnizatie crestere copil 2026,118,919,12.84%,3.46
pret impozit auto 2026,118,213,55.4%,1.43
salariu net,117,28474,0.41%,6.49
salariu brut,117,18527,0.63%,6.88
verificare rovinieta numar inmatriculare,116,2816,4.12%,6.6
calculator pensie de stat,116,2330,4.98%,7.18
calcul pensie 2026,116,1225,9.47%,4.57
calculator termene,115,7806,1.47%,2.69
cand pot sa ies la pensie,113,682,16.57%,2.44
calcul varsta pensionare legea noua 2026,113,663,17.04%,3.59
indemnizatie crestere copil 2026,111,2444,4.54%,4.46
certificat de nastere pierdut,110,1625,6.77%,6.18
certificat de integritate comportamentala online,110,1294,8.5%,2.66
calcul pensie anticipata,110,1078,10.2%,4.04
impozit dividende 2026,109,2838,3.84%,4.15
calculator pensie alimentara 2026,108,464,23.28%,4.96
salariu net calcul,107,9590,1.12%,3.77
certificat constatator online,104,17217,0.6%,6.48
calcul salariu brut net,101,1639,6.16%,3.27
calculator pensie invaliditate 2026,100,229,43.67%,1.07
cum se calculeaza pensia de boala,99,433,22.86%,1.92
numar cadastral,97,1768,5.49%,3.11
cazier rutier,97,949,10.22%,3.26
calcul concediu medical 2026,97,490,19.8%,3.58
impozit auto 2026 bucuresti,97,256,37.89%,1.92
simulare dosar pensionare,95,1386,6.85%,4.22
calculator tva 21 la suta,95,1172,8.11%,3.91
amenda rovinieta,94,8208,1.15%,7.66
impozit masina,93,722,12.88%,2.41
calculare salariu net,90,4409,2.04%,3.64
impozit masini 2026,90,212,42.45%,1.69
calculator salariu complet,89,2084,4.27%,5.4
certificat integritate comportamentala,89,1509,5.9%,3.53
calcul indemnizatie,88,450,19.56%,2.73
calcul termene judiciare,87,2903,3%,2.88
impozitul auto 2026,87,220,39.55%,1.85
ancpi online,86,2498,3.44%,5.86
taxa cazier judiciar,86,1949,4.41%,4.76
varsta pensionare femei,86,1337,6.43%,5.71
impozit autoutilitara 2026,85,296,28.72%,1.83
impozit calculator,84,581,14.46%,2.49
verificare vigneta,83,2830,2.93%,4.71
calcul varsta de pensionare,83,455,18.24%,2.26
calculator tva 21,82,3163,2.59%,4.34
impozit motor 3.0,81,1268,6.39%,3.11
taxa auto 2026,81,386,20.98%,2.03
control rovinieta,80,1832,4.37%,7.16
pensie de invaliditate gradul 2 suma forum pdf,80,772,10.36%,2.32
calculatorul vârstei de pensionare,80,655,12.21%,3.78
cat este pensia de invaliditate gradul 2,79,1118,7.07%,3.35
impozit auto calculator,79,588,13.44%,2.48
calcul data pensionare,78,347,22.48%,2.26
calcul iesire la pensie femei,78,263,29.66%,2.21
calculator ccc,78,127,61.42%,1.36
brut to net,77,9866,0.78%,4.25
varsta pensionare femei 2026,76,1872,4.06%,6.12
calculator pensie anticipata,76,760,10%,4.67
când ies la pensie,76,512,14.84%,2.21
rovinietă verificare,75,1278,5.87%,4.12
calcul pensionare,75,384,19.53%,2.07
varsta pensionare,73,2922,2.5%,7.94
in cat timp vine amenda de rovinieta,73,1263,5.78%,5.4
certificat de casatorie online,72,382,18.85%,2.23
calcul pensie invaliditate,70,112,62.5%,1.53
cum verific daca am rovinieta,69,1178,5.86%,3.71
aflare numar cadastral dupa adresa,69,1026,6.73%,3.67
cand ma pensionez,69,376,18.35%,2.09
certificat constatator,68,16771,0.41%,6.28
simulare calcul pensie,67,1184,5.66%,7.01
e ghiseul,65,920,7.07%,3.11
calculator net brut,64,1941,3.3%,3.09
nr cadastral,64,1135,5.64%,3.26
certificat de celibat online,64,334,19.16%,2.28
verificare rovinietă auto,63,482,13.07%,3.67
calcul brut net,62,2382,2.6%,3.82
verificare rovinieta gratuit,62,708,8.76%,4.14
cum aflu daca am rovinieta,62,420,14.76%,2.93
calcul pensie pe caz de boala,62,104,59.62%,1.56
termene judiciare,61,2594,2.35%,3.13
calculator pensii 2026,61,515,11.84%,5.29
calculator concediu medical 2026,61,377,16.18%,3.88
calcul pensie invaliditate 2026,61,121,50.41%,1.55
calcul procente,59,8004,0.74%,4.12
cat este tva in romania,59,3574,1.65%,3.11
verificare vinieta,59,2143,2.75%,4.56
cum se calculeaza indemnizatia crestere copil,59,477,12.37%,2.56
calcul pensionare femei,59,237,24.89%,2.14
control rovinieta online,58,807,7.19%,4.11
tabel varsta pensionare femei 2026,57,1984,2.87%,7.1
calculator salariu romania,57,1668,3.42%,2.91
program calcul pensie,57,1217,4.68%,7.35
verifică rovinietă,57,930,6.13%,4.38
calculator pensii,56,912,6.14%,6.48
drpciv cazier auto,56,406,13.79%,2.98
calcul salarii,55,3220,1.71%,4.91
salariu brut vs net,55,2424,2.27%,4.67
ancpi extras cf,55,1990,2.76%,8
site ancpi nu functioneaza,55,591,9.31%,3.11
calcularea salariului net,55,569,9.67%,3.09
când mă pot pensiona,55,437,12.59%,2.25
cand iesi la pensie,55,289,19.03%,2.39
calculator concediu crestere copil,55,239,23.01%,3.13
pensie,54,3222,1.68%,7.81
eliberare cazier judiciar online,54,2317,2.33%,6.83
e ghiseul.ro,54,1235,4.37%,3.49
cat este pensia de invaliditate gradul 3,54,838,6.44%,3.45
salariu brut net calculator,54,825,6.55%,2.88
calculator impozit 2026,54,393,13.74%,2.1
taxa impozit auto 2026,54,117,46.15%,1.83
cautare numar cadastral,53,1356,3.91%,4.11
pensie anticipata femei,53,934,5.67%,6.21
cat e indemnizatia de crestere copil,53,654,8.1%,1.99
cazier rutier online gratuit,53,236,22.46%,2.79
calcul pensie de boala,53,124,42.74%,1.37
verifica rovinieta dupa numar,52,1044,4.98%,5.27
valabilitate rovinieta online,52,939,5.54%,5.39
calculare salariu brut,52,868,5.99%,2.87
verificare rovinieta valabila,52,812,6.4%,3.97
impozit auto cluj,52,346,15.03%,2.36
calculator varsta pensionare 2026,52,287,18.12%,2.88
geoportal ancpi harta,51,1230,4.15%,6.51
calculator salar brut net,51,955,5.34%,3.12
verifica rovineta,51,916,5.57%,4.36
calcul net din brut,50,1845,2.71%,3.53
cazier online gratis,50,841,5.95%,6.7
impozit auto romania,50,444,11.26%,2.37
calculator salariu brut 2026,49,5449,0.9%,8.94
ancpi.ro,48,1591,3.02%,6.01
verificare istoric rovinieta,48,1140,4.21%,7.1
ghiseul.ro cazier auto,48,933,5.14%,2.9
calculator pensie cnas,48,619,7.75%,4.95
rovinieta ellenőrzés,48,396,12.12%,4.33
cand te poti pensiona,48,243,19.75%,2.85
certificat de nastere multilingv online,48,216,22.22%,2.58
calculul varstei de pensionare,48,202,23.76%,2.86
cnair verificare rovinieta,47,2584,1.82%,6.09
verificare rovinieta online dupa numar,47,908,5.18%,5.26
calculator vârstă de pensionare,47,172,27.33%,2.19
calculator salariu net 2026,46,7162,0.64%,8.97
verifica rovigneta,46,1609,2.86%,4.64
geoportal ancpi,46,1377,3.34%,6.79
certificat de celibat romania,46,329,13.98%,3.22
anexa 5 legea 360 din 2023,46,306,15.03%,5.44
calcul varsta pensie,46,250,18.4%,2.12
calcul salar net,45,4430,1.02%,3.96
calculator pensie romania,45,821,5.48%,7.8
certificat integritate comportamentala online,45,732,6.15%,4.31
cass dividende 2026,45,545,8.26%,3.17
impozite auto,45,395,11.39%,3.46
calculatorul varstei de pensionare,45,312,14.42%,3.57
calcul procent din suma,44,2442,1.8%,4.3
brut net calculator,44,2347,1.87%,3.53
varsta pensionare romania,44,1895,2.32%,5.11
da,44,1857,2.37%,2.7
salar brut in net,44,1816,2.42%,4.23
verificare rovignieta,44,1171,3.76%,4.51
calculator somaj 2026,44,924,4.76%,4.68
certificat de celibat,44,624,7.05%,4.48
verificare rovinieta online fara serie sasiu,44,503,8.75%,4.48
cand poti iesi la pensie,44,302,14.57%,2.1
calculator iesire la pensie femei,44,101,43.56%,2.27
calcul ccc,44,83,53.01%,1.33
calculator tva online,43,1474,2.92%,4.64
salariul brut in net,43,1228,3.5%,3.97
calcul vechime in munca pentru pensionare,43,647,6.65%,6.39
duplicat certificat de casatorie online,43,258,16.67%,2.35
cadastru ancpi,42,3857,1.09%,6.67
salariu brut in net,42,3289,1.28%,4.47
cum se calculeaza salariul net,42,496,8.47%,2.54
iesire la pensie,42,309,13.59%,2.92
indemnizatie crestere copil calcul,42,218,19.27%,2.39
pensie de boala gradul 2 suma calculator,42,195,21.54%,1.42
calculator data pensionare,42,192,21.88%,2.14
cand se deblocheaza ancpi,41,940,4.36%,5.28
cazier fiscal online gratuit,41,911,4.5%,7.87
cum verifici rovinieta,41,625,6.56%,3.86
verificarea rovinieta online,41,616,6.66%,3.58
verificare rovinieta online dupa nr de inmatriculare,41,613,6.69%,5.73
impozit auto 2026 euro 4,41,349,11.75%,2.3
calcul varsta de pensionare femei,41,159,25.79%,2.1
calcul impozit masina 2026,41,86,47.67%,1.87
concediu medical 2026,40,884,4.52%,5.58
unde se plateste taxa cazier judiciar,40,655,6.11%,2.61
rovinieta online verificare valabilitate,40,564,7.09%,3.69
myterra,40,380,10.53%,3.32
calculator pensie de invaliditate,40,61,65.57%,1.05
localizare teren dupa numar cadastral,39,5275,0.74%,6.14
ghiseul ro cazier judiciar online,39,2460,1.59%,7.79
epay ancpi,39,1181,3.3%,6.44
cazier fiscal,39,1043,3.74%,7.91
valabilitate rovinieta dupa nr de inmatriculare,39,960,4.06%,6.34
cat costa cazierul judiciar,39,802,4.86%,3.43
certificat de nastere international,39,488,7.99%,3.87
calculator brut,38,1577,2.41%,3.41
verificate rovinieta online,38,696,5.46%,3.72
verificare rovinieta dupa nr de inmatriculare,38,633,6%,5.81
impozit auto bucuresti,38,433,8.78%,2.17
numar cadastral dupa adresa,38,245,15.51%,3.44
data pensionare femei,38,222,17.12%,2.62
cand pot sa ma pensionez,38,203,18.72%,2.16
calculator concediu crestere copil 2026,38,151,25.17%,3.51
calculare indemnizatie crestere copil,38,142,26.76%,2.29
verificare valabilitate rovinieta online,37,635,5.83%,4.54
verificare online rovinieta,37,604,6.13%,4.27
eterra nu functioneaza,37,588,6.29%,4.98
plata concediu medical 2026,37,387,9.56%,4.13
impozit masina romania,37,170,21.76%,2.28
calculare varsta pensionare,37,169,21.89%,2.37
cum aflu cand ies la pensie,37,131,28.24%,2.14
cum se calculeaza pensia de invaliditate,37,99,37.37%,1.83
tva romania,36,8411,0.43%,5.76
brut net,36,7844,0.46%,4.79
verificare rovinieta valabilitate,36,1230,2.93%,5.41
calculeaza salariul net,36,1182,3.05%,3.33
calculator cnpp,36,723,4.98%,4.53
varsta de pensionare,36,688,5.23%,6.3
ocpi functioneaza,36,620,5.81%,3.24
pensie de invaliditate gradul 1 suma forum,36,478,7.53%,2.72
verificare rovinieta serie sasiu,36,420,8.57%,3.84
calculator salariu minim 2025,36,385,9.35%,3.37
cum se calculează indemnizația,36,275,13.09%,2.61
calculare impozit,36,223,16.14%,2.38
indemnizatie crestere copil calculator,36,218,16.51%,3.5
calculator pensie de boala,36,51,70.59%,1.78
curs bnr azi,35,19875,0.18%,7.57
calculator salarii 2025,35,2107,1.66%,4.02
rovinieta valabilitate,35,2098,1.67%,8.27
calculator salariu net cu bonuri de masa,35,1234,2.84%,5.92
cnpp varsta pensionare,35,915,3.83%,6.7
eliberare cazier fiscal online persoane fizice,35,704,4.97%,7.22
cat este pensia de invaliditate gradul 1,35,508,6.89%,3.61
calculator dobanda legala,35,484,7.23%,3.18
pensionare anticipata calculator,35,479,7.31%,3.99
calculator indemnizatie maternitate,35,449,7.8%,4.76
cum se calculeaza pensia pe caz de boala,35,155,22.58%,1.4
cum se calculează pensia de boală,35,97,36.08%,1.34
ghiseul ro cazier,34,2861,1.19%,4.72
pensie anticipata femei 1967 cu penalizare,34,907,3.75%,7.93
cat este pensia pe caz de boala psihica,34,817,4.16%,5.03
când pot ieși la pensie,34,352,9.66%,2.47
taxe auto 2026,34,152,22.37%,2.43
calcul pensie anticipata femei,34,125,27.2%,2.77
impozit auto bucuresti 2026,34,80,42.5%,2.11
salariu net calculator,33,3941,0.84%,3.87
tva calculator,33,3708,0.89%,5.8
calculator salarii net,33,2094,1.58%,4.06
verificare taxa de drum,33,697,4.73%,4.2
impozit pe dividende 2026,33,686,4.81%,3.96
calculator pensie anticipata cu penalizare,33,635,5.2%,9.11
functioneaza ancpi,33,631,5.23%,4.95
cand expira rovinieta,33,536,6.16%,3.76
impozit motor,33,533,6.19%,2.64
cum verific rovineta,33,419,7.88%,3.76
impozit masini,33,306,10.78%,2.35
cand ma pot pensiona calculator,33,158,20.89%,2.14
carte funciara online,32,1732,1.85%,9.07
extras carte funciara online,32,1369,2.34%,8.81
extras de carte funciara online,32,1200,2.67%,8.08
simulare pensie,32,867,3.69%,9.69
pensionare anticipata femei,32,839,3.81%,7.21
verificare rovinieta nr auto,32,595,5.38%,5.11
calculator concediu medical,32,511,6.26%,6.64
ancpi status,32,419,7.64%,4.14
cum se calculează salariu,32,166,19.28%,2.14
calcul vârstă pensionare,32,126,25.4%,2.05
cum se calculeaza ccc,32,105,30.48%,1.55
calculator iesire pensie femei,32,92,34.78%,2.05
calculator taxa judiciara de timbru,31,2547,1.22%,6.89
calculator salar net,31,2380,1.3%,4.25
net in brut,31,2291,1.35%,4.98
calcul tva 21,31,2046,1.52%,4.45
calcul termene,31,1561,1.99%,3.27
calcul salar brut,31,1506,2.06%,3.36
cazier judiciar persoane fizice,31,1275,2.43%,6.66
ancpi login,31,1258,2.46%,6.96
impozit motor 2.2,31,1153,2.69%,3.91
rovinieta romania verificare,31,689,4.5%,5.63
verificare rovinieta dupa nr auto,31,446,6.95%,5.38
rovinieta valabila verificare,31,390,7.95%,3.54
calcul salariu brut din net,31,368,8.42%,2.93
ancpi nu functioneaza,31,359,8.64%,4.46
verificare varsta pensionare,31,332,9.34%,2.23
verificare impozit auto,31,279,11.11%,2.14
cand iesi la pensie dupa anul nasterii,31,242,12.81%,3.56
cum se calculează salariul,31,216,14.35%,2.5
calculeaza varsta de pensionare,31,181,17.13%,2.2
calculator iesire la pensie 2026,31,101,30.69%,2.56
calcul pensie,30,925,3.24%,9.22
la ce varsta ies femeile la pensie,30,712,4.21%,7.03
pensie alimentara 1 copil,30,686,4.37%,5.1
calculul salariului net,30,659,4.55%,3.02
calculator salarii brut,30,633,4.74%,3.26
certificat de integritate,30,630,4.76%,3.45
impozit autoutilitara,30,555,5.41%,2.85
verificare valabilitate rovinietă,30,506,5.93%,3.79
verificare taxa drum,30,482,6.22%,3.84
calcul indemnizatie maternitate,30,393,7.63%,5.52
calculator impozit masina,30,355,8.45%,2.24
cum se calculează indemnizația de creștere copil,30,274,10.95%,5.55
calculator varsta de pensionare 2026,30,173,17.34%,3.16
calcul varsta pensionare femei 2026,30,155,19.35%,3.63
cum se calculeaza salariu,30,143,20.98%,2.45
simulare pensionare,30,125,24%,2.43
cand ma pensionez calculator,30,115,26.09%,2.1
impozit auto arad 2026,30,92,32.61%,2.6
plata amenda rovinieta,29,1911,1.52%,9.25
calculator dividende 2026,29,1488,1.95%,5.57
certificat constatator extins,29,1446,2.01%,6.67
calculator termene procedurale,29,963,3.01%,2.93
certificatul de integritate comportamentală,29,729,3.98%,3.22
varsta de pensionare femei 2026,29,715,4.06%,5.98
cazier fiscal persoana fizica online,29,671,4.32%,8.38
verificat rovinieta,29,369,7.86%,4.01
status ancpi,29,281,10.32%,4.1
plafoane cass dividende 2026,29,192,15.1%,2.73
cum se calculează pensia de invaliditate,29,81,35.8%,1.38
calculator impozit auto 2026 bucuresti,29,67,43.28%,1.72
cum se calculează pensia de boala,29,61,47.54%,1.38
calculator salarii 2026,28,7317,0.38%,8.9
eterra ancpi,28,1384,2.02%,7.23
ancpi eterra,28,1212,2.31%,6.06
cazier juridic online,28,943,2.97%,5.29
calculator venit net,28,909,3.08%,3.32
ancpi geoportal,28,865,3.24%,6.89
verificare rovinieta dupa serie sasiu,28,746,3.75%,5.01
calculator salariu net brut,28,731,3.83%,3.2
portal ancpi,28,668,4.19%,3.66
cum se calculeaza salariul,28,493,5.68%,2.46
tva 21,28,416,6.73%,2.33
cat e indemnizatie crestere copil,28,383,7.31%,2.61
cnpp varsta pensionare calculator,28,294,9.52%,3.39
calculator salariu brut 2025,28,279,10.04%,3.27
calculare salariu net din brut,28,263,10.65%,3.03
cum pot verifica rovinieta,28,245,11.43%,3.07
cum verific daca am rovinieta valabila,28,209,13.4%,2.82
cat este pensia pe caz de boala gradul 2,28,107,26.17%,3.26
calcul pensie de invaliditate,28,55,50.91%,1.6
cat este amenda pentru rovinieta,27,1922,1.4%,5.11
impozit motor 3.0 diesel,27,1333,2.03%,2.96
salariu brut calculator,27,1079,2.5%,3.13
calculator salarii romania,27,848,3.18%,2.53
calcul salar net din brut,27,755,3.58%,3.26
valabilitate rovinieta verificare,27,670,4.03%,4.3
verificare amenzi rovinieta,27,557,4.85%,8.48
tabel varsta pensionare barbati,27,556,4.86%,6.99
pensie de invaliditate gradul 3 suma 2025,27,512,5.27%,2.81
valoare punct pensie 2026,27,368,7.34%,3.24
simulare pensie anticipata,27,336,8.04%,4.9
cum verific valabilitatea rovinietei,27,272,9.93%,3.47
numar carte funciara,27,219,12.33%,1.71
impozit pe masina 2026,27,117,23.08%,1.74
calculeaza impozit auto 2026,27,88,30.68%,2.2
calculatorul vârstei de pensionare după noua lege a pensiilor,27,65,41.54%,2.11
salar brut net,26,2943,0.88%,4.51
verificare rovinieta auto online,26,577,4.51%,4.07
calculator taxe salariu,26,484,5.37%,3.07
calcul concediu crestere copil,26,467,5.57%,4.32
impozit 2026,26,396,6.57%,5.19
site ancpi,26,385,6.75%,5.75
rovinieta érvényessége,26,327,7.95%,6.06
calculator varsta pensie,26,156,16.67%,2.27
anii lucrati in strainatate se pun la pensie anticipata,26,123,21.14%,1.12
impozite masini 2026,26,106,24.53%,1.94
calculator vârstă pensionare femei,26,95,27.37%,2.4
calcul pensie boala,26,65,40%,1.18
pensie anticipata femei nascute in 1970,26,61,42.62%,1.95
cat este pensia de handicap gradul 2,25,3053,0.82%,7.88
tabel impozit auto 2026,25,1438,1.74%,4.11
salariu net in brut,25,858,2.91%,4.06
calculator somaj,25,705,3.55%,6.49
verificare amenda rovinieta online,25,536,4.66%,5.09
verificare robinieta,25,374,6.68%,4.32
impozit masina calculator,25,338,7.4%,2.29
calcul pensie limita de varsta,25,293,8.53%,7.68
ghiseul ro cazier auto,25,283,8.83%,3.17
cat costa reabilitarea cazierului,25,240,10.42%,4.21
pensie anticipata femei 1971,25,188,13.3%,2.71
calcul impozit masina,25,176,14.2%,2.22
impozit auto cluj 2026,25,170,14.71%,2.97
cazier auto ghiseul.ro,25,137,18.25%,3.23
eghiseul,25,130,19.23%,2.08
data iesirii la pensie,25,119,21.01%,2.35
impozit 2026 auto,25,116,21.55%,2.3
cum se calculeaza indemnizatia de crestere copil?,25,106,23.58%,2.16
calculator pensionare 2026,25,106,23.58%,3.19
calcul data pensionare femei,25,79,31.65%,2.09
eliberare cazier judiciar,24,2514,0.95%,8.25
verifica valabilitate rovinieta,24,655,3.66%,5.4
punctul de pensie 2026,24,631,3.8%,4.45
cand isi revine ancpi,24,531,4.52%,4.95
calcul salar brut net,24,425,5.65%,3.2
ancpi functional,24,415,5.78%,2.94
eliberare cazier auto online,24,393,6.11%,4.44
pensie de boala gradul 2 suma,24,255,9.41%,3.65
verifica daca ai rovinieta,24,253,9.49%,3.61
legea pensiilor 2026,24,232,10.34%,1.5
calculator indemnizație creștere copil,24,205,11.71%,3.76
impozit 2.0 diesel,24,192,12.5%,2.47
calculator dobanda legala penalizatoare,24,179,13.41%,3.37
calcul varsta pensionare 2026,24,160,15%,3.56
calcul an pensionare,24,86,27.91%,2.27
simulare iesire la pensie,24,59,40.68%,2.42
calculator pensie invaliditate 2025,24,45,53.33%,1.56
salariu calculator,23,2097,1.1%,4.63
certificat nastere pierdut,23,467,4.93%,6.85
certificat de nastere multilingv,23,398,5.78%,3.26
verificarea rovinieta dupa numar,23,369,6.23%,4.92
calculare salariu,23,364,6.32%,3.59
eliberare certificat de nastere pierdut,23,353,6.52%,6.29
impozit auto iasi,23,347,6.63%,3.98
cazier permis auto,23,342,6.73%,3.6
calculator impozit salariu,23,249,9.24%,3.26
calcul pensie alimentara,23,239,9.62%,4.04
calculator pensie anticipata 2026,23,215,10.7%,5.33
calculator crestere copil,23,150,15.33%,3.06
cand ies la pensie?,23,101,22.77%,2.26
calculator impozit masina 2026,23,97,23.71%,1.95
cat mai am pana la pensie,23,86,26.74%,2.26
calculator iesire pensie,23,72,31.94%,2.04
calculator cic,23,55,41.82%,1.82
cat e tva in romania,22,2990,0.74%,4.18
calcul salar,22,1467,1.5%,4.22
cota tva,22,1240,1.77%,2.33
salariu net din brut,22,1239,1.78%,4.25
e terra,22,907,2.43%,8.3
eliberare certificat de integritate comportamentala online,22,848,2.59%,2.65
rovinieta valabila,22,783,2.81%,6.42
programare eliberare duplicat certificat de nastere timisoara,22,549,4.01%,5.25
impozit 3.0 diesel,22,488,4.51%,2.23
simulare salariu net,22,469,4.69%,2.99
dividende 2026,22,405,5.43%,7.86
salar brut calculator,22,367,5.99%,2.8
virsta de pensionare,22,332,6.63%,5.42
cand pot iesi la pensie anticipat,22,277,7.94%,4.65
data pensionare,22,264,8.33%,2.53
calculeaza impozit auto,22,235,9.36%,2.17
calcul indemnizație creștere copil,22,225,9.78%,2.94
calcul crestere copil,22,210,10.48%,3.33
cand imi expira rovinieta,22,204,10.78%,3.43
calcularea salariului brut,22,107,20.56%,2.51
calculator cand ies la pensie,22,86,25.58%,2.05
calculator pensionare barbati,22,55,40%,2.05
ghiseul.ro contact,21,2697,0.78%,7.92
extras carte funciara,21,2137,0.98%,11.44
ghiseul.ro cazier judiciar,21,1534,1.37%,7.22
eliberare cazier online,21,1092,1.92%,6.52
calcul salarii net,21,1064,1.97%,3.52
impozit auto capacitate cilindrica,21,642,3.27%,5.26
valabilitate extras de carte funciara,21,478,4.39%,3.29
schimbare certificat de nastere vechi in tip nou,21,438,4.79%,3.57
simulator pensie,21,241,8.71%,6.51
calculator casa de pensii,21,228,9.21%,3.74
nascuta in 1970 cand ies la pensie,21,158,13.29%,4.01
calcul iesire pensie,21,115,18.26%,2.37
când pot să ies la pensie,21,114,18.42%,2.59
calculator varsta pensionare femei 2026,21,78,26.92%,3.31
curs euro bnr azi,20,7884,0.25%,8.17
procent din suma,20,3456,0.58%,3.93
calcul salariu net 2026,20,3220,0.62%,8.56
calculator salar,20,2507,0.8%,4.97
calculator procent,20,1989,1.01%,3.74
cazier fiscal persoana fizica,20,1267,1.58%,10.84
e terra ancpi,20,817,2.45%,6.68
calculator procent din suma,20,746,2.68%,3.35
cnadnr verificare rovinieta,20,727,2.75%,8.31
amenda lipsa rovinieta,20,667,3%,4.79
varsta de pensionare anticipata,20,595,3.36%,7.09
cnpp varsta de pensionare,20,539,3.71%,6.45
calculare tva,20,507,3.94%,5.15
ancpi extras cf online,20,506,3.95%,6.88
cnpp.ro varsta de pensionare,20,505,3.96%,6.76
rovineta verificare,20,396,5.05%,4.21
cazier judiciar online gratis,20,385,5.19%,8.21
unde verific rovinieta,20,314,6.37%,3.67
geoportal ancpi.ro,20,311,6.43%,6.36
rovinieta valabilitate verificare,20,280,7.14%,3.8
concediu medical 2026 procent,20,237,8.44%,4.2
am rovinieta valabila,20,216,9.26%,3.84
pensia alimentara 2026,20,215,9.3%,2.35
impozit autorulota 2026,20,206,9.71%,2.03
cazier auto de unde se scoate,20,193,10.36%,2.86
impozit auto 2026 iasi,20,151,13.25%,3.16
data iesire la pensie,20,141,14.18%,2.16
cum se calculează salariul net,20,141,14.18%,2.66
cum aflu daca mai am rovinieta,20,115,17.39%,3.08
impozit auto galati 2026,20,91,21.98%,3.09
cum aflu daca am rovinieta valabila,20,89,22.47%,2.53
cand ma pot pensiona?,20,79,25.32%,2.3
calcul iesire la pensie barbati,20,65,30.77%,2.2
calcul.indemnizatie crestere copil,20,63,31.75%,2.81
calculator varsta pensionare legea noua,20,54,37.04%,2.28
calcul procent,19,2194,0.87%,4.3
cat este pensia de handicap gradul 3,19,1726,1.1%,7.36
brut to net romania,19,1492,1.27%,3.74
indemnizatie crestere copil,19,964,1.97%,12.13
ghișeul.ro cazier,19,851,2.23%,4.02
varsta pensionare barbati 2026,19,824,2.31%,6.66
verificare carte funciara online,19,776,2.45%,8.75
cazierul judiciar online,19,743,2.56%,6.28
venituri luate in calcul indemnizatie crestere copil,19,715,2.66%,5.02
extras multilingv certificat de nastere,19,647,2.94%,4.08
pret cazier judiciar,19,538,3.53%,3.37
e-terra,19,511,3.72%,8.39
verificare rovinieta dupa numar inmatriculare,19,472,4.03%,6.25
certificat de nastere tipizat si electronic,19,331,5.74%,1.91
pensie alimentara 1 copil 2026,19,266,7.14%,3.34
nascuta in 1969 cand ies la pensie,19,249,7.63%,4.54
pensie pe caz de boala cat este,19,219,8.68%,3.02
impozit auto craiova,19,198,9.6%,2.24
registrul proprietarilor,19,137,13.87%,7.12
calcul concedii medicale 2026,19,99,19.19%,1.99
impozit auto romania 2026,19,88,21.59%,2.33
cum calculez salariul,19,69,27.54%,2.09
simulare indemnizatie crestere copil,19,40,47.5%,1.8
salariu net brut,18,2857,0.63%,4.79
verificare rovinieta cnair,18,1308,1.38%,5.94
cadastru blocat,18,1177,1.53%,8.45
cat este tva,18,1077,1.67%,2.38
verificare roviniete,18,979,1.84%,5.54
ancpi extras carte funciara,18,955,1.88%,7.54
cazier ghiseul.ro,18,781,2.3%,7.23
concediu crestere copil 2026,18,509,3.54%,5.26
pensie anticipata femei 1966,18,412,4.37%,3.96
taxe salariu,18,411,4.38%,2.89
convertor salariu brut in net,18,379,4.75%,3.16
ancpi extras de carte funciara,18,361,4.99%,7.47
pensie invaliditate gradul 3,18,308,5.84%,3.6
ancpi e terra,18,253,7.11%,6.63
eliberare certificat de nastere galati,18,253,7.11%,7.49
cand ma pot pensiona anticipat,18,240,7.5%,3.77
cum verific rovigneta,18,238,7.56%,3.61
verifica rovinieta romania,18,238,7.56%,4.53
ghiseul ro certificat de integritate comportamentala,18,199,9.05%,2.77
femeie nascuta in 1969 cand ies la pensie,18,185,9.73%,3.81
cum se calculează indemnizatia,18,177,10.17%,3.14
calculeaza indemnizatie crestere copil,18,171,10.53%,2.62
cum verific daca mai am rovinieta,18,157,11.46%,2.45
calcularea varstei de pensionare,18,131,13.74%,3.46
calculator indemnizatie crestere copil 2026 online,18,125,14.4%,5.28
casa de pensii calculator varsta pensionare,18,124,14.52%,2.17
nr cadastral dupa adresa,18,117,15.38%,2.93
calcul cand ies la pensie,18,89,20.22%,2.09
cum calculez salariul net,18,79,22.78%,2.47
calculator pensie limita de varsta 2026,18,74,24.32%,4.19
calcul iesit la pensie,18,59,30.51%,2.08
brut la net,17,3884,0.44%,4.66
pensionare,17,3003,0.57%,10.75
calculator net,17,2807,0.61%,5.65
certificat de casatorie,17,2699,0.63%,2.68
certificat constatator onrc online,17,2075,0.82%,8.78
salariul brut,17,1942,0.88%,6.98
net brut calculator,17,603,2.82%,3.16
duplicat certificat de nastere,17,593,2.87%,7.74
vechime minima pentru pensie de boala,17,489,3.48%,7.66
verificare rovigneta online,17,437,3.89%,4.27
verificare rovinieta online romania,17,429,3.96%,4.29
calcul pensie de boala cancer,17,376,4.52%,3.68
la ce varsta se iese la pensie in romania,17,311,5.47%,5.42
calcul pensie limita de varsta persoana cu handicap,17,309,5.5%,7.06
taxa de drum verificare,17,259,6.56%,3.65
calcul somaj 2026,17,230,7.39%,3.36
verificare expirare rovinieta,17,224,7.59%,3.55
calcul venit net din brut,17,210,8.1%,3.17
verificare rovinietă după număr,17,186,9.14%,4.76
cât este indemnizația de creștere a copilului,17,150,11.33%,1.43
pensie anticipata femei 1972,17,108,15.74%,2.05
calculator online varsta de pensionare,17,103,16.5%,2.53
impozit auto craiova 2026,17,79,21.52%,2.96
calcul cic,17,52,32.69%,1.92
calculator indemnizatie crestere copil 2025,17,32,53.12%,1
certificat constatator onrc,16,5201,0.31%,8.75
brut vs net,16,3009,0.53%,5.26
net din brut,16,1790,0.89%,4.8
calculator concediu prenatal,16,795,2.01%,10.84
cazier judiciar persoane juridice online,16,609,2.63%,7.65
cand se da drumul la ancpi,16,568,2.82%,4.88
ghiseul ro cazier judiciar persoane fizice,16,548,2.92%,7.32
ancpi functioneaza?,16,512,3.12%,5.66
drumuri cu rovinieta obligatorie harta,16,404,3.96%,1.38
pensie de invaliditate gradul 3 suma 2026,16,372,4.3%,6.07
numar cadastral verificare,16,363,4.41%,4.79
noutati pensia de invaliditate,16,360,4.44%,6.03
calculator vechime pensie,16,352,4.55%,4.74
pierdut certificat de nastere,16,351,4.56%,7.05
calcul salariu net 2025,16,343,4.66%,2.73
calculator de salarii,16,288,5.56%,3.52
tabel varsta pensionare barbati 2026,16,284,5.63%,6.85
verificare.rovinieta,16,257,6.23%,4.31
verifică rovinieta,16,234,6.84%,3.97
pensie invaliditate gradul 2,16,224,7.14%,4.48
vechimea din strainatate se ia in calcul la sporul de vechime,16,193,8.29%,3.45
simulare pensie 2026,16,168,9.52%,6.43
cat este pensia de boala,16,165,9.7%,2.53
rovinieta auto verificare,16,164,9.76%,3.72
nr carte funciara,16,160,10%,1.76
vârsta de pensionare la femei,16,153,10.46%,4.62
simulator calcul pensie,16,137,11.68%,7.6
calculator.impozit auto,16,125,12.8%,2.66
certificat de integritate online,16,124,12.9%,3.6
calculator virsta de pensionare,16,118,13.56%,4.78
cat este indemnizatia de crestere copil la salariu minim pe economie,16,112,14.29%,1.99
cum verific dacă am rovinietă,16,107,14.95%,2.9
impozit auto 2026 craiova,16,99,16.16%,3
inpozit auto,16,89,17.98%,2.28
certificat de nastere online romania,16,77,20.78%,3.42
calculator pensie femei,16,27,59.26%,2.52
extras carte funciara gratuit,15,1433,1.05%,9.52
salariu brut to net,15,1241,1.21%,4.1
obtinere cazier judiciar online,15,1179,1.27%,7.12
calcul salarial,15,927,1.62%,4.22
certificat constatator extins online,15,858,1.75%,7.04
varsta de pensionare romania,15,670,2.24%,7.35
cazier judiciar firma online,15,569,2.64%,7.49
cnpp calculator pensie,15,568,2.64%,7.85
tva din suma,15,482,3.11%,4.8
rovigneta verificare,15,448,3.35%,4.43
cazier judiciar online persoane fizice,15,438,3.42%,6.85
calculator salariu net din brut,15,422,3.55%,3.36
amenda rovinieta 2026,15,398,3.77%,2.93
pensie anticipata,15,377,3.98%,8.32
certificat de nastere european,15,375,4%,3.34
extras cf online gratuit,15,358,4.19%,10.95
am pierdut certificatul de nastere,15,357,4.2%,6.33
impozit auto timisoara,15,347,4.32%,5.33
varsta de pensionare femei cu 2 copii,15,295,5.08%,6.34
cand ies la pensie daca sunt nascuta in 1964,15,294,5.1%,7.98
calcul salariu net brut,15,279,5.38%,3.08
pensie invaliditate gradul 1,15,265,5.66%,6.28
salariu net brut calculator,15,263,5.7%,2.76
adeverinta de vechime din strainatate,15,227,6.61%,4.29
conversie salariu brut in net,15,226,6.64%,2.95
rovinieta control,15,209,7.18%,4.63
eliberare cazier auto,15,200,7.5%,3.19
verificare rovinieta doar cu nr de inmatriculare,15,188,7.98%,5.81
impozit 4.4 benzina,15,146,10.27%,2.63
impozit auto 2026 euro 3,15,135,11.11%,2.97
la ce varsta ma pot pensiona,15,129,11.63%,2.9
calcul varsta pensionare anticipata,15,127,11.81%,6.67
pensia de boala cat este,15,114,13.16%,3.44
daca ai lucrat in strainatate primesti pensie,15,103,14.56%,2.63
numar carte funciara dupa adresa,15,97,15.46%,2.46
cand poti sa iesi la pensie,15,92,16.3%,2.71
cum aflu numarul cadastral,15,91,16.48%,1.86
casa nationala de pensii calculator varsta pensionare,15,81,18.52%,2.11
cum se calculeaza salariul net din brut,15,77,19.48%,2.74
cum se calculeaza concediul de crestere copil,15,63,23.81%,1.98
calculate impozit auto,15,58,25.86%,2.09
calculator ieșire la pensie,15,35,42.86%,2
extras cf online,14,843,1.66%,9.33
brut to net salariu,14,813,1.72%,3.79
certificat constatator online gratuit,14,780,1.79%,6.79
calculator salar brut,14,754,1.86%,3.56
calculator net salariu,14,678,2.06%,3.5
tva 9%,14,665,2.11%,7.76
valabilitate rovinietă,14,664,2.11%,5.89
ancpi reluare activitate,14,519,2.7%,6.77
myeterra ancpi,14,512,2.73%,8.5
ancpi harta,14,506,2.77%,6.76
verificare cadastru,14,457,3.06%,6.83
cand revine ancpi,14,450,3.11%,5.61
calculator taxe notariale,14,439,3.19%,8.44
taxa auto,14,435,3.22%,3.36
tabel pensionare femei,14,410,3.41%,7.26
varsta de pensionare in romania,14,380,3.68%,4.69
cnpp calculator varsta pensionare,14,328,4.27%,4.55
pensie invaliditate,14,269,5.2%,7.58
convertor salariu brut net,14,204,6.86%,2.81
cat este valabil extrasul de carte funciara,14,189,7.41%,1.56
calculator bonus net,14,188,7.45%,3.22
cat este pensia pe caz de boala 2026,14,177,7.91%,3.39
impozit auto timisoara 2026,14,169,8.28%,4.21
calcul concediu medical,14,157,8.92%,6.12
cum se calculeaza pensia alimentara,14,156,8.97%,2.54
pensie alimentara fara venit 2026,14,139,10.07%,2.65
numar cadastru,14,118,11.86%,2.59
verificare rovinietă autoturism,14,95,14.74%,2.92
calculator ani pensie,14,87,16.09%,3.97
calculator pensionare anticipata,14,79,17.72%,4.56
calculator taxa auto 2026,14,73,19.18%,2.77
cand pot sa ies la pensie la limita de varsta,14,72,19.44%,3.35
verifica rovinieta fara serie sasiu,14,69,20.29%,4.38
calculator concediu risc maternal 2026,14,56,25%,3.29
cati ani mai am pana la pensie,14,51,27.45%,2.55
cat este pensia de handicap gradul 1,13,1684,0.77%,7.43
calcul net,13,1419,0.92%,4.22
salariu brut si net,13,1365,0.95%,4.77
cat e amenda de rovinieta,13,1268,1.03%,4.47
plata amenda rovinieta online,13,983,1.32%,8.19
cazier online ghiseul.ro,13,898,1.45%,7.97
ancpi cf online,13,887,1.47%,7.06
calcul venit net,13,815,1.6%,3.39
impozit motor 2.5,13,768,1.69%,3.83
calculeaza salariu net,13,753,1.73%,3.44
ancpi extras online,13,575,2.26%,6.56
cand va functiona ancpi,13,541,2.4%,5.58
tabel varsta pensionare anticipata barbati,13,465,2.8%,9.57
valabilitate rovigneta,13,462,2.81%,5.96
in cat timp se elibereaza certificatul de nastere pierdut,13,451,2.88%,5.66
impozit motor 2.2 diesel,13,421,3.09%,2.86
impozit auto motor 2.2,13,416,3.12%,4.36
ancpi cand revine,13,416,3.12%,5.85
calcul termen procedural,13,390,3.33%,4.47
cat este pensia de handicap gradul 3 2026,13,388,3.35%,4.66
situatie ancpi,13,364,3.57%,7.26
calculator net din brut,13,348,3.74%,3.12
cat este impozitul pe dividende in 2026,13,322,4.04%,4.13
calculator brut in net,13,321,4.05%,3.24
cum verifici daca ai rovinieta,13,320,4.06%,4.03
cazier judiciar persoane juridice online gratuit,13,301,4.32%,6.31
verifica vigneta romania,13,294,4.42%,3.94
de unde se scoate certificat de integritate comportamentala,13,280,4.64%,4.71
convertor brut net,13,275,4.73%,3.2
calculator salariu brut in net,13,247,5.26%,2.98
verifica valabilitate rovinieta online,13,246,5.28%,4.22
tabel varsta pensionare anticipata femei 2026,13,235,5.53%,7.54
calculator de pensie,13,233,5.58%,6.76
eliberare duplicat certificat de nastere,13,222,5.86%,7.72
formula calcul indemnizatie crestere copil,13,221,5.88%,3.11
calcul pensie alimentara 2 copii,13,198,6.57%,5.11
cazier si certificat de integritate online,13,196,6.63%,3.13
cum se calculează indemnizația creștere copil,13,187,6.95%,3.6
indemnizatie concediu crestere copil,13,186,6.99%,3.07
duplicat certificat de nastere online timisoara,13,185,7.03%,3.1
identificator imobil,13,180,7.22%,3.14
site ul ancpi nu functioneaza,13,160,8.12%,2.99
cat e pensia de boala,13,156,8.33%,3.26
verifica rovinieta online romania,13,156,8.33%,3.27
calcularea indemnizatiei pentru cresterea copilului,13,155,8.39%,2.72
cat e pensia pe caz de boala,13,150,8.67%,3.19
cautare rovinieta dupa numar,13,140,9.29%,3.39
calcul impozit salariu,13,137,9.49%,2.93
eliberare certificat nastere pierdut,13,129,10.08%,6.47
certificat de naștere online,13,120,10.83%,4
certificat de nastere international romania,13,92,14.13%,3.07
la ce varsta ies la pensie,13,92,14.13%,4.13
tabel pensie anticipata femei,13,87,14.94%,4.24
calculatir tva,13,82,15.85%,4.85
in ce an ies la pensie,13,68,19.12%,3.04
calculator varsta pensionare anticipata femei,13,60,21.67%,3.02
cum se calculeaza indemnizatie crestere copil,13,59,22.03%,1.81
varsta pensionare calculator,13,58,22.41%,2.34
calculator salariu net anual,13,58,22.41%,2.86
cat la suta este indemnizatia de crestere copil,13,57,22.81%,1.68
calculator vârsta de pensionare,13,54,24.07%,3.17
cum se calculeaza varsta de pensionare,13,49,26.53%,3.04
cand ies la pensie calculator,13,40,32.5%,2.08
calculator de pensionare,13,36,36.11%,2.19
calculul pensiei de invaliditate,13,24,54.17%,2.17
ghiseul,12,2563,0.47%,5.36
salariul net,12,2508,0.48%,7.7
net brut,12,2076,0.58%,5.3
cadastru online,12,1888,0.64%,8.55
net to brut,12,1886,0.64%,5.59
concediu crestere copil,12,1238,0.97%,11.02
vigneta romania verificare,12,793,1.51%,4.39
extras cf,12,756,1.59%,8.72
ancpi cand va functiona,12,650,1.85%,5.67
verifica vigneta,12,642,1.87%,4.91
anpci,12,616,1.95%,7.42
cand se da drumul la cadastru,12,601,2%,6.48
tva locuinte 2026,12,570,2.11%,7.96
tva 21%,12,561,2.14%,2.44
cat este pensia de handicap gradul 2 2026,12,555,2.16%,5.52
cf online,12,542,2.21%,9.01
salar brut la net,12,535,2.24%,4.33
simulare salariu,12,507,2.37%,3.31
verificare numar cadastral,12,502,2.39%,4.76
istoric rovinieta,12,458,2.62%,7.92
cadastru functioneaza,12,411,2.92%,5.32
prelungire termen tva 9,12,405,2.96%,5.4
certificat de integritate comportamentală,12,393,3.05%,4.04
verificare vignieta,12,376,3.19%,4.41
calculator prenatal,12,358,3.35%,7.44
probleme ancpi,12,355,3.38%,6.86
nascuta in 1968 cand ies la pensie,12,337,3.56%,5.89
verificare valabilitate rovigneta,12,336,3.57%,4.52
rovinieta verifica,12,335,3.58%,5.17
verificare rovinietă după numărul de înmatriculare,12,329,3.65%,5.86
ortofotoplan,12,312,3.85%,5.13
tabel pensionare barbati dupa anul nasterii,12,301,3.99%,7.41
cnpp calcul varsta pensionare,12,290,4.14%,5.65
impozit motor 3000,12,288,4.17%,4.2
femeie nascuta in 1968 cand ies la pensie,12,283,4.24%,5.38
rovinieta verificare valabilitate,12,279,4.3%,4.36
nascuta in 1967 cand ies la pensie,12,277,4.33%,5.17
verificare nr cadastral,12,269,4.46%,4.8
platforma ancpi,12,267,4.49%,4.68
calcul venit brut,12,244,4.92%,2.98
calcul salariu brut in net,12,241,4.98%,3.33
certificat de nastere la urgente,12,240,5%,5.62
valabilitatea rovinietei,12,234,5.13%,4.97
pensie de boala 2026,12,225,5.33%,6.56
cat se plateste indemnizatia de crestere copil,12,209,5.74%,2.11
rovinieta online verifica,12,207,5.8%,3.68
cum se calculeaza indemnizatia de crestere a copilului,12,204,5.88%,3.33
calculator termen procedural,12,201,5.97%,2.84
verificare taxa de drum romania,12,201,5.97%,3.75
adeverinta de integritate comportamentala,12,192,6.25%,3.21
cât este pensia pe caz de boală,12,180,6.67%,3.95
verificare cazier dupa cnp,12,180,6.67%,6.42
certificat de integritate comportamentala de unde se obtine,12,178,6.74%,3.85
cazier gratis online,12,173,6.94%,6.75
carte funciara colectiva,12,168,7.14%,4.33
calculator indemnizatie copil,12,156,7.69%,3.45
impozit motor 4.4 benzina,12,143,8.39%,2.43
pensionare femei,12,140,8.57%,6.15
impozit 3000 cmc 2026,12,139,8.63%,2.36
calcul taxe salariu,12,133,9.02%,2.75
certificatul de integritate comportamentală online,12,128,9.38%,2.88
calcul dobanda legala penalizatoare,12,111,10.81%,3.45
calcul data iesire la pensie,12,109,11.01%,3.57
cauta rovinieta dupa numar,12,107,11.21%,3.17
calculator maternitate,12,103,11.65%,5
pensionare femei nascute in 1968,12,101,11.88%,4.28
cuantum pensie de boala,12,99,12.12%,2.64
cum aflu cand expira rovinieta,12,96,12.5%,2.96
pensie de invaliditate gradul 2 suma forum 2025,12,93,12.9%,2.09
sunt nascuta in 1969 cand ies la pensie,12,92,13.04%,4.02
verificare rovinieta cu nr auto,12,91,13.19%,5.51
impozit 2.2 diesel 2026,12,89,13.48%,1.6
impozit motocicleta 2026,12,82,14.63%,1.84
reabilitare cazier judiciar,12,80,15%,3.33
cazier judiciar auto,12,77,15.58%,3.18
ani lucrati in strainatate se pun la pensie,12,76,15.79%,1.55
pensionare femei nascute in 1970,12,68,17.65%,2.75
data iesire la pensie femei,12,68,17.65%,3.29
cum se calculeaza indemnizatia?,12,60,20%,1.47
cazier auto online ghiseul.ro,12,58,20.69%,4.41
calcul termen reabilitare,12,33,36.36%,1.82
calculator.impozit auto 2026,12,21,57.14%,1.57
calcul indemnizatie crestere copil 2025,12,20,60%,1.1
calculator taxa timbru,11,4093,0.27%,7.59
constatator online,11,3258,0.34%,7.21
calculator taxa de timbru,11,1823,0.6%,7.46
harta cadastru,11,1098,1%,8.66
extras de carte funciara,11,943,1.17%,13.69
cu 10 ani vechime primesc pensie calculator,11,870,1.26%,8.23
calcul tva din suma,11,699,1.57%,5.96
calculator vechime,11,634,1.74%,7.28
calculator termen,11,579,1.9%,2.78
certificat constatator detaliat,11,537,2.05%,6.37
cazier judiciar online ghiseul.ro,11,536,2.05%,7.72
impozit 2.2 diesel,11,447,2.46%,3.63
nr cadastral harta,11,438,2.51%,4.25
calcul dividende 2026,11,437,2.52%,5.37
deblocare ancpi,11,433,2.54%,6.08
impozit capacitate cilindrica,11,378,2.91%,3.24
cnpp cand ma pot pensiona,11,360,3.06%,7.69
calculator vechime in munca,11,351,3.13%,6.95
calculeaza net din brut,11,344,3.2%,3.04
salar net din brut,11,343,3.21%,3.9
prelungire tva 9%,11,314,3.5%,6.55
site cadastru,11,284,3.87%,6.47
la cati ani se iese la pensie,11,278,3.96%,7.24
duplicat certificat nastere,11,263,4.18%,7.82
calculator puncte pensie,11,254,4.33%,12.67
pensie calculator,11,215,5.12%,5.87
varsta minima de pensionare,11,207,5.31%,2.86
extras carte funciara dupa adresa,11,184,5.98%,7.04
verificarea rovinietei,11,169,6.51%,4.29
pensionare femei nascute in 1967,11,159,6.92%,4.35
cum se calculeaza indemnizatia pentru crestere copil,11,155,7.1%,4.08
dobanda legala penalizatoare,11,143,7.69%,3.65
calculare pensie 2026,11,127,8.66%,6.82
calculator tva euro,11,126,8.73%,4.73
impozit 3000 diesel,11,121,9.09%,2.59
număr cadastral,11,105,10.48%,2.33
pensie anticipata femei 1969 cu penalizare,11,104,10.58%,5.07
impozit motor 2.4 diesel,11,95,11.58%,2.35
cazierul auto,11,95,11.58%,2.44
cazier permis auto online,11,94,11.7%,3.68
calcul ani pensie,11,92,11.96%,3.25
verifica amenda rovinieta,11,90,12.22%,5.22
calcul concedii medicale iunie 2026,11,89,12.36%,2.73
cum.se calculeaza indemnizatia de crestere copil,11,84,13.1%,2.38
impozit auto 2026 galati,11,76,14.47%,3.07
varsta pensionare femei nascute in 1969,11,74,14.86%,3.26
calcul concediu medical iunie 2026,11,65,16.92%,2.62
data pensionarii in functie de anul nasterii,11,64,17.19%,3.2