Cele mai populare pagini,Clicuri,Expuneri,CTR,Poziție
https://eghiseul.ro/tools/verificare-rovinieta-online/,46478,866032,5.37%,4.57
https://eghiseul.ro/calculator/calculator-impozit-auto/,28970,419298,6.91%,4.53
https://eghiseul.ro/calculator/varsta-pensionare/,27413,388249,7.06%,5.56
https://eghiseul.ro/calculator/salariu/,19252,1342107,1.43%,5.21
https://eghiseul.ro/calculator/calculator-indemnizatie-crestere-copil/,8539,132076,6.47%,5.52
https://eghiseul.ro/calculator/pensie-invaliditate/,7722,114751,6.73%,5.45
https://eghiseul.ro/tabel-varsta-pensionare-anticipata-femei/,7083,192754,3.67%,6.05
https://eghiseul.ro/ancpi-nu-functioneaza/,7068,283033,2.5%,5.65
https://eghiseul.ro/,6582,267926,2.46%,7.17
https://eghiseul.ro/cum-aflam-numarul-carte-functionara-si-nr-cadastral/,3336,98060,3.4%,6.37
https://eghiseul.ro/servicii/eliberare-certificat-de-nastere/,2560,81246,3.15%,7.13
https://eghiseul.ro/servicii/cazier-auto-online/,2429,25789,9.42%,4.52
https://eghiseul.ro/calculator/tva/,2370,202101,1.17%,5.46
https://eghiseul.ro/calculator/calculator-procente/,1793,250609,0.72%,5.32
https://eghiseul.ro/ghid-complet-certificat-de-integritate-comportamentala/,1724,39528,4.36%,4.08
https://eghiseul.ro/calculator/termene-judiciare/,1706,89824,1.9%,4.61
https://eghiseul.ro/amenda-rovinieta-2025-tarife-plata-online-ghid-complet/,1523,84173,1.81%,6.52
https://eghiseul.ro/anii-lucrati-in-strainatate-se-pun-la-pensie-in-romania/,1165,28646,4.07%,6.24
https://eghiseul.ro/calculator/concediu-medical/,932,13636,6.83%,4.88
https://eghiseul.ro/calculator/pensie-alimentara/,900,15760,5.71%,4.27
https://eghiseul.ro/taxa-cazier-judiciar/,850,68157,1.25%,7.34
https://eghiseul.ro/informatii-cazier-auto-online/,816,36891,2.21%,6.47
https://eghiseul.ro/servicii/cazier-fiscal-online/,796,24692,3.22%,8.82
https://eghiseul.ro/servicii/extras-de-carte-funciara/,691,36224,1.91%,10.12
https://eghiseul.ro/servicii/eliberare-certificat-de-celibat/,671,11592,5.79%,5.54
https://eghiseul.ro/calculator/estimare-pensie/,647,23435,2.76%,3.79
https://eghiseul.ro/calculator/dividende/,591,21081,2.8%,4.91
https://eghiseul.ro/servicii/extras-multilingv-certificat-nastere/,591,14261,4.14%,5.23
https://eghiseul.ro/cele-4-tipuri-de-certificat-constatator-online/,563,88407,0.64%,6.7
https://eghiseul.ro/verificare-proprietar-imobil/,424,6939,6.11%,5.45
https://eghiseul.ro/calculator/taxa-judiciara-de-timbru/,403,27902,1.44%,7.58
https://eghiseul.ro/servicii/cazier-judiciar-online/,396,44377,0.89%,8.34
https://eghiseul.ro/servicii/eliberare-certificat-de-casatorie/,396,18217,2.17%,6.11
https://eghiseul.ro/cum-vor-arata-documentele-de-stare-civila-2025/,395,14771,2.67%,4.03
https://eghiseul.ro/tva-9-locuinte-31-iulie-2026/,339,15793,2.15%,5.97
https://eghiseul.ro/valabilitate-extras-de-carte-funciara/,314,10121,3.1%,4.71
https://eghiseul.ro/calculator/reabilitare/,300,8057,3.72%,6.14
https://eghiseul.ro/calculator/contributii-pfa/,281,15870,1.77%,6.37
https://eghiseul.ro/calculator/indemnizatie-somaj/,234,9392,2.49%,6.25
https://eghiseul.ro/servicii/certificat-de-integritate-comportamentala/,219,12032,1.82%,8.06
https://eghiseul.ro/calculator/dobanda-legala/,211,2894,7.29%,3.78
https://eghiseul.ro/eliberare-certificat-constatator-onrc-ghid/,200,25953,0.77%,9.51
https://eghiseul.ro/extras-carte-funciara-gratuit/,140,3514,3.98%,7.4
https://eghiseul.ro/schimbare-certificat-de-nastere-vechi/,140,2403,5.83%,6.02
https://eghiseul.ro/contact/,139,10639,1.31%,6.93
https://eghiseul.ro/calculator/impozit-chirie/,125,6088,2.05%,5.99
https://eghiseul.ro/calculator/amenda-circulatie/,114,15048,0.76%,7.05
https://eghiseul.ro/curs-valutar/,101,53914,0.19%,8.48
https://eghiseul.ro/totul-despre-cartea-funciara-colectiva/,88,6283,1.4%,10.07
https://eghiseul.ro/servicii/certificat-constatator-online/,85,15243,0.56%,12.58
https://eghiseul.ro/cat-costa-cadastrul-si-intabularea/,82,4706,1.74%,6.7
https://eghiseul.ro/servicii/identificare-imobil/,81,2479,3.27%,9.22
https://eghiseul.ro/calculator/taxe-notariale/,74,4360,1.7%,11.03
https://eghiseul.ro/cazier-judiciar-vs-certificat-integritate-comportamentala/,62,10412,0.6%,8.12
https://eghiseul.ro/servicii/extras-multilingv-certificat-casatorie/,61,3194,1.91%,6.6
https://eghiseul.ro/calculator/vechime-in-munca/,58,1533,3.78%,5.63
https://eghiseul.ro/servicii/extras-plan-cadastral/,57,2106,2.71%,7.12
https://eghiseul.ro/servicii/identificare-imobile-proprietar/,57,998,5.71%,5.61
https://eghiseul.ro/calculator/zile-lucratoare/,53,28019,0.19%,8.66
https://eghiseul.ro/sms-fals-amenda-ghiseul-ro/,49,2271,2.16%,7.07
https://eghiseul.ro/calculator/calculator-data/,41,4977,0.82%,7.42
https://eghiseul.ro/servicii/rovinieta-online/,31,8724,0.36%,10.53
https://eghiseul.ro/calculator/jugar-stanjen-in-mp/,31,1111,2.79%,6.2
https://eghiseul.ro/calculator/taxe-srl/,30,2148,1.4%,17
https://eghiseul.ro/calculator/impozit-pensie/,27,610,4.43%,4.28
https://eghiseul.ro/servicii/copie-carte-funciara/,27,584,4.62%,7.48
https://eghiseul.ro/servicii/cazier-judiciar-online/piatra-neamt/,23,399,5.76%,6.32
https://eghiseul.ro/importanta-extras-de-carte-funciara-colectiva/,22,1351,1.63%,8.02
https://eghiseul.ro/servicii/extras-de-carte-funciara/bucuresti/,21,617,3.4%,7.3
https://eghiseul.ro/categorii_servicii/certificate-nastere/,19,385,4.94%,6.17
https://eghiseul.ro/cat-poti-construi-pe-teren/,18,1130,1.59%,5.02
https://eghiseul.ro/calculator/cost-cadastru-intabulare/,18,940,1.91%,8.89
https://eghiseul.ro/calculator/cat-pot-construi/,17,659,2.58%,6.46
https://eghiseul.ro/calculator/impozit-casa/,16,228,7.02%,6.74
https://eghiseul.ro/calculator/diurna/,14,642,2.18%,5.6
https://eghiseul.ro/servicii/,13,789,1.65%,10.09
https://eghiseul.ro/calculator/zile-concediu-odihna/,12,220,5.45%,5.84
https://eghiseul.ro/rolul-si-atributiile-onrc-romania/,11,20532,0.05%,6.02
https://eghiseul.ro/servicii/cazier-judiciar-online/cluj-napoca/,10,715,1.4%,8.31
https://eghiseul.ro/calculator/spor-salarial/,9,488,1.84%,5.7
https://eghiseul.ro/extras-de-carte-funciara-pentru-casa-verde/,8,535,1.5%,8.48
https://eghiseul.ro/termeni-si-conditii/,8,347,2.31%,7.84
https://eghiseul.ro/servicii/certificat-sarcini/,8,331,2.42%,5
https://eghiseul.ro/servicii/plan-amplasament-delimitare/,7,753,0.93%,9.56
https://eghiseul.ro/ce-este-un-releveu/,7,600,1.17%,10.91
https://eghiseul.ro/servicii/cazier-judiciar-online/timisoara/,7,467,1.5%,9.46
https://eghiseul.ro/duplicat-certificat-de-casatorie/,7,323,2.17%,7.91
https://eghiseul.ro/servicii/cazier-judiciar-online/ramnicu-valcea/,7,285,2.46%,6.71
https://eghiseul.ro/radiere-firma-srl-ghid/,7,225,3.11%,6.2
https://eghiseul.ro/calculator/concediu-maternitate/,7,206,3.4%,15.18
https://eghiseul.ro/calculator/,7,196,3.57%,5.39
https://eghiseul.ro/servicii/cazier-judiciar-online/focsani/,6,517,1.16%,6.18
https://eghiseul.ro/calculator/penalitati-anaf/,6,299,2.01%,6.53
https://eghiseul.ro/servicii/actualizare-adresa-cf/,6,209,2.87%,9.95
https://eghiseul.ro/servicii/extras-de-carte-funciara/cluj/,5,392,1.28%,9.24
https://eghiseul.ro/servicii/extras-de-carte-funciara/brasov/,5,299,1.67%,17.6
https://eghiseul.ro/categorii_servicii/certificate-casatorie/,5,137,3.65%,15.8
https://eghiseul.ro/servicii/cazier-judiciar-online/constanta/,4,683,0.59%,8.45
https://eghiseul.ro/servicii/cazier-judiciar-online/iasi/,4,329,1.22%,8.85
https://eghiseul.ro/duplicat-certificat-de-nastere/,4,227,1.76%,9.44
https://eghiseul.ro/servicii/extras-de-carte-funciara/satu-mare/,4,177,2.26%,8.24
https://eghiseul.ro/servicii/cazier-judiciar-online/satu-mare/,4,85,4.71%,6.88
https://eghiseul.ro/valabilitate-certificat-de-celibat/,4,58,6.9%,3.24
https://eghiseul.ro/servicii/extras-de-carte-funciara/ilfov/,4,58,6.9%,6.6
https://eghiseul.ro/wp-content/uploads/2025/03/Contract-Prestari-Servicii-SITE-INCARCAT.pdf,4,10,40%,17.7
https://eghiseul.ro/calculator/valabilitate-documente/,3,1289,0.23%,8.46
https://eghiseul.ro/calculator/rambursare-anticipata/,3,294,1.02%,10.82
https://eghiseul.ro/servicii/asistenta-pentru-obtinere-cazier-online/,3,214,1.4%,27
https://eghiseul.ro/calculator/inflatie/,3,205,1.46%,6.41
https://eghiseul.ro/servicii/extras-de-carte-funciara/constanta/,3,129,2.33%,14.43
https://www.eghiseul.ro/,3,98,3.06%,1.64
https://eghiseul.ro/cazier-si-certificat-de-integritate-pentru-profesori/,3,58,5.17%,7.21
https://eghiseul.ro/servicii/extras-de-carte-funciara/arad/,3,34,8.82%,9.35
https://eghiseul.ro/calculator/credit-ipotecar/,2,490,0.41%,23.92
https://eghiseul.ro/categorii_servicii/persoane-fizice/,2,399,0.5%,21.44
https://eghiseul.ro/servicii/certificat-detineri-imobile/,2,189,1.06%,13.41
https://eghiseul.ro/certificat-de-nastere-pierdut/,2,137,1.46%,9.61
https://eghiseul.ro/calculator/concediu-paternal/,2,102,1.96%,4.75
https://eghiseul.ro/servicii/copie-releveu/,2,102,1.96%,29.68
https://eghiseul.ro/servicii/extras-de-carte-funciara/dolj/,2,88,2.27%,10.35
https://eghiseul.ro/certificat-de-celibat/,2,61,3.28%,7.57
https://eghiseul.ro/servicii/extras-de-carte-funciara/giurgiu/,2,47,4.26%,8.04
https://eghiseul.ro/politica-de-anulare/,2,43,4.65%,5.81
https://eghiseul.ro/servicii/extras-de-carte-funciara/valcea/,2,34,5.88%,12.32
https://eghiseul.ro/servicii/extras-de-carte-funciara/tulcea/,2,24,8.33%,9.92
https://eghiseul.ro/servicii/copie-plan-cadastral/,2,19,10.53%,11.79
https://eghiseul.ro/servicii/extras-de-carte-funciara/neamt/,2,18,11.11%,6.06
https://eghiseul.ro/politica-de-confidentialitate/,1,605,0.17%,5.68
https://eghiseul.ro/blog/,1,436,0.23%,5.93
https://eghiseul.ro/category/informatii-utile/,1,378,0.26%,13.98
https://eghiseul.ro/acte-necesare-casatorie/,1,304,0.33%,9.1
https://eghiseul.ro/cookies-policy/,1,219,0.46%,32.3
https://eghiseul.ro/certificat-constatator-cu-istoric/,1,203,0.49%,10.74
https://eghiseul.ro/wp-admin/*,1,179,0.56%,15.26
https://eghiseul.ro/certificat-de-nastere-din-strainatate/,1,174,0.57%,7.93
https://eghiseul.ro/servicii/certificat-urbanism-informare/,1,174,0.57%,17.71
https://eghiseul.ro/servicii/cazier-judiciar-online/persoana-juridica/,1,158,0.63%,27.78
https://eghiseul.ro/acte-necesare-certificat-de-nastere/,1,154,0.65%,9.25
https://eghiseul.ro/ce-este-planul-cadastral/,1,151,0.66%,7.88
https://eghiseul.ro/servicii/extras-de-carte-funciara/braila/,1,130,0.77%,12.59
https://eghiseul.ro/servicii/extras-de-carte-funciara/bistrita-nasaud/,1,96,1.04%,8.52
https://eghiseul.ro/category/informatii-utile/extras-de-carte-funciara/,1,83,1.2%,7.01
https://eghiseul.ro/servicii/extras-de-carte-funciara/sibiu/,1,72,1.39%,6.9
https://eghiseul.ro/model-certificat-de-casatorie/,1,63,1.59%,5.71
https://eghiseul.ro/transcriere-certificat-de-nastere/,1,60,1.67%,8.15
https://eghiseul.ro/servicii/copie-arhiva-ocpi/,1,58,1.72%,5.33
https://eghiseul.ro/tools/,1,51,1.96%,2.37
https://eghiseul.ro/certificat-constatator-pentru-banca/,1,39,2.56%,7.26
https://eghiseul.ro/servicii/extras-de-carte-funciara/prahova/,1,30,3.33%,19.7
https://eghiseul.ro/servicii/copie-contract-vanzare/,1,29,3.45%,5.97
https://eghiseul.ro/servicii/extras-de-carte-funciara/salaj/,1,29,3.45%,24.66
https://eghiseul.ro/servicii/copie-intabulare/,1,22,4.55%,6.82
https://eghiseul.ro/servicii/extras-cf-colectiv/,1,21,4.76%,4.81
https://eghiseul.ro/servicii/extras-de-carte-funciara/vrancea/,1,17,5.88%,6.71
https://eghiseul.ro/servicii/extras-de-carte-funciara/buzau/,1,13,7.69%,5.77
https://eghiseul.ro/servicii/extras-de-carte-funciara/olt/,1,13,7.69%,7.54
https://eghiseul.ro/servicii/extras-de-carte-funciara/suceava/,1,9,11.11%,6.78
https://eghiseul.ro/calculator/varsta-pensionare,1,5,20%,1.4
https://eghiseul.ro/comanda/copie-inventar-coordonate/,1,3,33.33%,9.67
https://eghiseul.ro/servicii/cazier-fiscal-online,1,1,100%,1
https://eghiseul.ro/apostila-de-la-haga-ghid-acte-obtinere/,0,150,0%,10.2
https://eghiseul.ro/calculator/grad-indatorare/,0,145,0%,4.9
https://eghiseul.ro/servicii/cazier-judiciar-online/persoana-fizica/,0,145,0%,25.08
https://eghiseul.ro/politica-cookies/,0,93,0%,10.14
https://eghiseul.ro/servicii/extras-de-carte-funciara/mures/,0,69,0%,15
https://eghiseul.ro/servicii/extras-de-carte-funciara/timis/,0,58,0%,20.6
https://eghiseul.ro/certificat-constatator-pentru-fonduri-europene/,0,53,0%,12.7
https://eghiseul.ro/servicii/extras-de-carte-funciara/dambovita/,0,43,0%,16.79
https://eghiseul.ro/servicii/extras-de-carte-funciara/iasi/,0,42,0%,7.33
https://eghiseul.ro/servicii/copie-plan-incadrare/,0,42,0%,10
https://eghiseul.ro/certificat-de-celibat-pentru-casatorie-in-strainatate/,0,40,0%,4.75
https://eghiseul.ro/category/informatii-utile/cazier-judiciar-online/,0,36,0%,14.19
https://eghiseul.ro/servicii/copie-inventar-coordonate/,0,35,0%,7.2
https://eghiseul.ro/wp-content/uploads/2024/02/Contract-Prestari-Servicii-eGhiseul-1.pdf,0,34,0%,14.53
https://eghiseul.ro/inregistrare-nastere-copil-nou-nascut/,0,31,0%,13.84
https://eghiseul.ro/tools/alegeri-prezidentiale-2024-prezenta-la-vot/,0,30,0%,20.83
https://eghiseul.ro/gdpr/,0,29,0%,6
https://eghiseul.ro/category/informatii-utile/certificat-constatator/,0,29,0%,15.34
https://eghiseul.ro/wp-content/uploads/2024/09/Contract-Prestari-Servicii-eGhiseul-WEBSERV-SOLUTIONS-SRL-SITE.pdf,0,24,0%,10.83
https://eghiseul.ro/comanda/cazier-judiciar-persoana-juridica/,0,23,0%,39.13
https://eghiseul.ro/certificat-constatator-pentru-notar/,0,21,0%,10.9
https://eghiseul.ro/servicii/extras-de-carte-funciara/alba/,0,21,0%,19.19
https://eghiseul.ro/comanda/status/,0,19,0%,13.32
https://eghiseul.ro/servicii/extras-de-carte-funciara/maramures/,0,19,0%,13.37
https://eghiseul.ro/certificat-constatator-pentru-licitatie/,0,17,0%,6.88
https://eghiseul.ro/servicii/extras-de-carte-funciara/calarasi/,0,17,0%,28.06
https://eghiseul.ro/servicii/extras-de-carte-funciara/covasna/,0,16,0%,24.81
https://eghiseul.ro/servicii/extras-de-carte-funciara/botosani/,0,13,0%,6.77
https://eghiseul.ro/wp-content/uploads/2024/05/Contract-EGHISEUL-TOATE-SERVICIILE-Template.pdf,0,11,0%,6.09
https://eghiseul.ro/blog/page/2/,0,11,0%,8.73
https://eghiseul.ro/servicii/extras-de-carte-funciara/caras-severin/,0,9,0%,12.22
https://eghiseul.ro/servicii/extras-de-carte-funciara/harghita/,0,8,0%,6
https://eghiseul.ro/servicii/extras-de-carte-funciara/mehedinti/,0,8,0%,7
https://eghiseul.ro/wp-content/uploads/2024/12/Contract-Prestari-Servicii-eGhiseul-RAPIDCERT-SRL.pdf,0,8,0%,7
https://eghiseul.ro/wp-content/uploads/2025/04/Contract-Prestari-Servicii-SITEV4_compressed.pdf,0,7,0%,17.71
https://eghiseul.ro/comanda/copie-releveu,0,5,0%,35
https://eghiseul.ro/comanda/actualizare-adresa-cf,0,5,0%,52
https://eghiseul.ro/category/informatii-utile/page/2/,0,4,0%,6.75
https://eghiseul.ro/categorii_servicii/persoane-fizice/page/2/,0,4,0%,7.25
https://eghiseul.ro/comanda/cazier-auto/,0,4,0%,42
https://eghiseul.ro/comanda/extras-carte-funciara,0,4,0%,57.75
https://eghiseul.ro/comanda/extras-carte-funciara/,0,3,0%,6.67
http://eghiseul.ro/,0,2,0%,1
http://eghiseul.ro/,0,1,0%,1
https://eghiseul.ro/calculator/estimare-pensie,0,1,0%,1
https://eghiseul.ro/calculator/impozit-chirie/income-tax/,0,1,0%,1
https://eghiseul.ro/servicii/certificat-de-integritate-comportamentala,0,1,0%,1
https://eghiseul.ro/servicii/extras-carte-funciara/,0,1,0%,9