Cele mai populare interogări,23.08.2026 - 08.09.2026 Clicuri,01.08.2026 - 17.08.2026 Clicuri,23.08.2026 - 08.09.2026 Expuneri,01.08.2026 - 17.08.2026 Expuneri,23.08.2026 - 08.09.2026 CTR,01.08.2026 - 17.08.2026 CTR,23.08.2026 - 08.09.2026 Poziție,01.08.2026 - 17.08.2026 Poziție
calcul varsta pensionare legea noua,1405,555,4426,3739,31.74%,14.84%,2.03,2.33
impozit auto 2026,917,1156,2961,3977,30.97%,29.07%,2.02,2
calculator impozit auto 2026,590,353,1254,1242,47.05%,28.42%,1.64,2.02
calculator varsta pensionare,466,353,1322,1029,35.25%,34.31%,2.18,2.18
cand ies la pensie,286,221,761,655,37.58%,33.74%,1.93,2.13
calculator indemnizatie crestere copil 2026,261,187,394,483,66.24%,38.72%,1.15,2
calculator indemnizatie crestere copil,240,199,528,567,45.45%,35.1%,1.61,2.22
calculator pensie alimentara,212,296,343,462,61.81%,64.07%,1.02,1.17
impozit dividende 2026,161,105,1375,1645,11.71%,6.38%,1.37,1.89
cand ma pot pensiona,158,119,547,393,28.88%,30.28%,2.23,2.09
eghiseul.ro,157,101,243,178,64.61%,56.74%,1.06,1.03
calculator concediu medical 2026,149,179,333,408,44.74%,43.87%,1.17,1.16
tabel varsta pensionare anticipata femei,141,126,2050,2280,6.88%,5.53%,2.48,3.76
calcul indemnizatie crestere copil,141,170,509,693,27.7%,24.53%,1.73,2.39
calculator pensie invaliditate,123,120,310,370,39.68%,32.43%,1.48,1.73
calcul concediu medical 2026,122,183,305,422,40%,43.36%,1.15,1.18
cand pot iesi la pensie,119,122,414,382,28.74%,31.94%,1.91,3.15
calculator pensie alimentara 2026,114,150,204,262,55.88%,57.25%,1,1.44
calcul impozit auto 2026,100,113,335,563,29.85%,20.07%,1.93,2.04
pensie de invaliditate gradul 2 suma forum,88,61,754,877,11.67%,6.96%,2.01,2.29
impozit masina 2026,76,66,133,142,57.14%,46.48%,1.37,1.53
pensie alimentara 1 copil,69,63,427,563,16.16%,11.19%,1.51,1.83
pensie de invaliditate gradul 3 suma calculator,61,46,250,214,24.4%,21.5%,1.6,1.35
calcul varsta pensionare,53,213,197,803,26.9%,26.53%,2.72,2.17
calculator varsta pensionare femei,52,40,168,107,30.95%,37.38%,2.1,2.01
calcul varsta pensionare legea noua 2026,51,69,210,309,24.29%,22.33%,2.74,2.31
calcul pensie alimentara,50,66,115,157,43.48%,42.04%,1.03,1.06
pensie alimentara 2 copii,47,46,284,303,16.55%,15.18%,1.35,2.13
pensie de invaliditate gradul 3 suma forum,45,91,356,1504,12.64%,6.05%,3.61,3.14
cass dividende 2026,44,32,248,290,17.74%,11.03%,1.21,1.67
cum se calculeaza indemnizatia de crestere copil,43,37,336,210,12.8%,17.62%,1.48,1.59
duplicat certificat de nastere online,42,61,205,392,20.49%,15.56%,1.85,2.66
calculator iesire la pensie,39,30,63,83,61.9%,36.14%,1.78,2.06
eghiseu,38,45,397,355,9.57%,12.68%,2.35,2.32
impozit auto 2026 calculator,36,17,106,69,33.96%,24.64%,1.85,1.96
calculare impozit auto 2026,35,15,60,39,58.33%,38.46%,1.38,1.79
impozit auto 2026 bucuresti,33,25,56,57,58.93%,43.86%,1.39,2.02
cat este indemnizatia de crestere copil,31,32,271,251,11.44%,12.75%,1.48,1.5
pensia alimentara 2026,31,33,168,152,18.45%,21.71%,1.46,1.39
anii lucrati in strainatate se pun la pensie in romania,31,36,167,263,18.56%,13.69%,1.43,1.73
schimbare certificat nastere vechi,31,21,70,91,44.29%,23.08%,1.4,2.73
calcul pensie alimentara 2 copii,30,25,141,155,21.28%,16.13%,1.47,1.79
calculator vârstă pensionare,30,21,66,55,45.45%,38.18%,1.73,2.13
calculator pensionare femei,29,19,63,54,46.03%,35.19%,1.73,1.94
pensie alimentara,27,21,128,391,21.09%,5.37%,1.76,3.42
calculator indemnizatie,26,25,80,81,32.5%,30.86%,1.19,1.77
calculator varsta pensionare legea noua,26,11,63,35,41.27%,31.43%,2.17,2.2
impozite auto 2026,26,40,48,95,54.17%,42.11%,1.46,1.76
cat este pensia alimentara pentru 1 copil,24,9,147,82,16.33%,10.98%,1.59,2.12
cum se calculeaza indemnizatia,24,17,128,105,18.75%,16.19%,1.38,1.55
pensie de boala gradul 2 suma calculator,24,7,65,46,36.92%,15.22%,1.4,1.54
cum se calculeaza pensia alimentara,22,15,135,107,16.3%,14.02%,1.24,1.78
pensie anticipata femei 1969,21,67,178,589,11.8%,11.38%,1.03,1.77
calculator concediu medical,21,85,135,492,15.56%,17.28%,1.73,3.03
calcul concediu medical,21,40,107,203,19.63%,19.7%,1.52,2.22
cum se calculeaza pensia de boala,21,15,92,67,22.83%,22.39%,1.41,1.37
schimbare certificat de nastere vechi in tip nou,21,20,84,93,25%,21.51%,1.55,2.01
calcul indemnizatie,20,22,67,86,29.85%,25.58%,1.34,1.92
pret impozit auto 2026,20,21,34,40,58.82%,52.5%,1.47,1.73
calcul pensie pe caz de boala,20,18,32,22,62.5%,81.82%,1.44,1.32
plafoane cass dividende 2026,19,13,48,71,39.58%,18.31%,1.08,1.63
calcul concedii medicale 2026,18,28,80,83,22.5%,33.73%,1.05,1.2
cat este pensia alimentara pentru 2 copii,17,4,87,75,19.54%,5.33%,1.28,1.61
calcul varsta pensionare femei,16,42,57,112,28.07%,37.5%,2.67,2.12
calcul pensie alimentara 1 copil,16,13,26,42,61.54%,30.95%,1.23,1.52
calcul impozit auto,15,24,128,271,11.72%,8.86%,2.17,2.62
pensie alimentara 1 copil 2026,15,28,84,120,17.86%,23.33%,1.48,1.39
cum aflu cand ies la pensie,15,4,39,12,38.46%,33.33%,2.38,2.5
cand ma pot pensiona calculator,15,17,28,49,53.57%,34.69%,1.93,2.2
cat e indemnizatia de crestere copil,14,7,145,139,9.66%,5.04%,1.46,1.55
anii lucrati in strainatate se pun la pensie anticipata,14,10,48,38,29.17%,26.32%,1.15,1.42
calcul pensie 2026,14,110,42,728,33.33%,15.11%,1.74,2.88
calculator concediu crestere copil,14,14,33,50,42.42%,28%,1.36,2.58
calculator pensie invaliditate 2026,14,18,30,35,46.67%,51.43%,1,1.06
cand ies la pensie?,14,7,22,24,63.64%,29.17%,1.91,1.92
calculare indemnizatie crestere copil,14,4,20,10,70%,40%,1.5,2
calculator varsta de pensionare femei 2026,14,9,20,17,70%,52.94%,2.1,2.12
indemnizatie crestere copil calcul,13,3,30,27,43.33%,11.11%,1.87,2.37
cat este tva in romania,12,10,621,810,1.93%,1.23%,2.57,2.45
calcul indemnizatie crestere copil 2026,12,36,80,195,15%,18.46%,1,1.98
dobanda legala penalizatoare 2026,12,11,46,44,26.09%,25%,1.5,1.27
când ies la pensie,12,10,35,97,34.29%,10.31%,2.11,2.52
numar carte funciara,12,13,33,36,36.36%,36.11%,1.15,1.75
calculare pensie alimentara,12,8,23,17,52.17%,47.06%,1,1.12
verificare rovinieta dupa numar,12,265,23,5019,52.17%,5.28%,11.04,5.84
calcul ccc,12,6,17,16,70.59%,37.5%,1,1.25
cand pot sa ies la pensie,11,21,75,124,14.67%,16.94%,1.68,2.42
impozit auto cluj,11,9,30,49,36.67%,18.37%,2.63,2.49
cat este impozitul pe dividende in 2026,10,9,85,178,11.76%,5.06%,1,2.08
impozit autoutilitara 2026,10,4,50,27,20%,14.81%,1.92,2.41
calcul varsta de pensionare femei,10,9,26,26,38.46%,34.62%,2.69,2.12
cum se calculează pensia de boala,10,3,24,7,41.67%,42.86%,1.25,1.29
cum se calculează salariu,10,9,19,20,52.63%,45%,2.32,2
impozit pe dividende 2026,9,20,182,424,4.95%,4.72%,1,2.03
dividende 2026,9,41,107,397,8.41%,10.33%,5.08,6.3
cat este pensia alimentara,9,7,98,139,9.18%,5.04%,1.57,1.92
certificat de casatorie online,9,11,53,77,16.98%,14.29%,1.66,4.05
când pot ieși la pensie,9,7,42,80,21.43%,8.75%,1.14,2.49
verificare proprietar imobil,9,4,39,44,23.08%,9.09%,1.26,1.34
calculator crestere copil,9,5,36,32,25%,15.62%,1.28,2.03
praguri cass dividende 2026,9,7,19,27,47.37%,25.93%,1.32,1.52
calculator medical 2026,9,10,18,16,50%,62.5%,1.11,1.69
calculator pensie alimentară,9,8,13,23,69.23%,34.78%,1,1.09
calcul concediu crestere copil,8,11,70,73,11.43%,15.07%,1.56,1.59
pensie alimentara 1 copil minim pe economie,8,2,66,38,12.12%,5.26%,1.7,2.5
pensie alimentara fara venit 2026,8,19,64,72,12.5%,26.39%,1.52,1.62
indemnizatie crestere copil calculator,8,9,39,36,20.51%,25%,1.23,1.61
calcul cm 2026,8,8,26,26,30.77%,30.77%,1.23,1.15
cum se calculează pensia alimentara,8,4,25,25,32%,16%,1.24,1.2
impozit auto arad 2026,8,4,19,12,42.11%,33.33%,2.42,2.08
cum se calculează pensia de boală,8,1,17,13,47.06%,7.69%,1.24,1.23
calculator de pensionare,8,4,14,8,57.14%,50%,1.71,2
calculator pensionare,8,38,13,124,61.54%,30.65%,1,2.1
calculator ccc,8,16,13,33,61.54%,48.48%,1.69,1.67
cat e pensia alimentara pentru un copil,7,6,88,114,7.95%,5.26%,1.42,3.93
cum se calculeaza indemnizatia crestere copil,7,14,62,85,11.29%,16.47%,1.69,1.61
cum se calculează indemnizația,7,5,52,48,13.46%,10.42%,1.63,1.79
tva 21,7,4,45,62,15.56%,6.45%,2,1.77
cum se calculeaza pensia pe caz de boala,7,7,36,34,19.44%,20.59%,1.22,1.12
calcul indemnizație creștere copil,7,0,34,27,20.59%,0%,1.79,1.93
cat este pensia alimentara la salariu minim pe economie,7,4,32,23,21.88%,17.39%,1.44,1.52
cat mai am pana la pensie,7,5,26,15,26.92%,33.33%,2.5,2.2
calcul pensie de boala,7,1,24,8,29.17%,12.5%,1.17,1.5
cum se calculeaza ccc,7,2,22,20,31.82%,10%,1.32,1.4
când mă pot pensiona,7,15,21,86,33.33%,17.44%,1.95,2.03
calcul pensie alimentara 2026,7,10,17,27,41.18%,37.04%,1.18,6.22
pensie alimentara calcul,7,6,13,12,53.85%,50%,1.08,1.17
cand ma pensionez,7,13,12,54,58.33%,24.07%,1,2.06
calculator iesire pensie femei,7,6,12,12,58.33%,50%,1.75,2.08
cat este tva,6,4,211,192,2.84%,2.08%,1.75,1.76
cat e indemnizatie crestere copil,6,4,64,85,9.38%,4.71%,1.77,1.65
cum se calculeaza concediul medical,6,8,51,124,11.76%,6.45%,1,2.56
certificat de nastere multilingv online,6,11,48,57,12.5%,19.3%,1.85,1.74
punct de pensie 2026,6,5,48,78,12.5%,6.41%,1.92,1.63
pensie anticipata femei 1968 calculator,6,22,34,230,17.65%,9.57%,1.68,2.98
numar cadastral dupa adresa,6,7,33,23,18.18%,30.43%,1.33,1.22
casa de pensii calcul varsta de pensionare,6,82,32,571,18.75%,14.36%,4.09,3.01
cand te poti pensiona,6,7,29,31,20.69%,22.58%,1.24,3.03
pensie anticipata femei 1970,6,12,28,153,21.43%,7.84%,1.43,1.95
aflare numar cadastral dupa adresa,6,16,27,51,22.22%,31.37%,1.48,1.82
verificare rovinieta,6,2038,27,72377,22.22%,2.82%,26.3,6
cat este indemnizatia de crestere copil la salariu minim pe economie,6,2,20,20,30%,10%,1.8,1.85
calculul indemnizatiei de crestere copil,6,0,20,8,30%,0%,2.15,2.75
nr carte funciara,6,4,19,11,31.58%,36.36%,1.05,1.09
calcul varsta de pensionare,6,19,19,73,31.58%,26.03%,2.11,2.04
calcul iesire la pensie barbati,6,3,19,8,31.58%,37.5%,2.26,2.38
cand ma pot pensiona?,6,5,17,13,35.29%,38.46%,2.18,2.69
calcul varsta pensie,6,15,16,52,37.5%,28.85%,1.19,2.04
impozit auto 2026 craiova,6,0,16,4,37.5%,0%,3,2.75
taxa cazier iasi,6,2,13,16,46.15%,12.5%,1.23,2.25
calculator pensie de invaliditate,6,23,12,40,50%,57.5%,1,1.05
calcul pensie invaliditate,6,19,12,23,50%,82.61%,1.25,1.26
calcul iesire la pensie,6,34,12,87,50%,39.08%,1.75,1.98
calculul varstei de pensionare,6,10,11,32,54.55%,31.25%,1.09,2.5
calculator iesire la pensie femei,6,6,11,11,54.55%,54.55%,1.64,1.91
calcul pensionare femei,6,19,11,43,54.55%,44.19%,1.91,2.07
pensie anticipata femei 1968,5,113,74,1550,6.76%,7.29%,1.43,3.24
valabilitate extras de carte funciara,5,8,68,104,7.35%,7.69%,1.88,1.51
cat e pensia alimentara,5,2,58,152,8.62%,1.32%,2.76,2.32
certificat de celibat online,5,10,39,69,12.82%,14.49%,1.74,3.96
cazier rutier online gratuit,5,5,34,26,14.71%,19.23%,2.97,2.92
impozit masina,5,21,26,117,19.23%,17.95%,2.04,2.18
cand pot iesi la pensie?,5,4,23,13,21.74%,30.77%,1.74,2.23
simulare pensionare,5,11,23,20,21.74%,55%,2.35,2
cum se calculeaza salariu,5,12,22,47,22.73%,25.53%,2.68,2.26
cum se calculeaza indemnizatia de crestere copil?,5,8,20,23,25%,34.78%,1.55,1.35
anaf impozit chirie 2026,5,1,19,21,26.32%,4.76%,4.11,4.76
cand iesi la pensie,5,13,15,62,33.33%,20.97%,2.13,2.76
calculator vârstă de pensionare,5,12,12,17,41.67%,70.59%,1.92,2
calculator pensie intretinere,5,0,11,5,45.45%,0%,1,2.4
calcul varsta de pensionare femei 2026,5,4,11,21,45.45%,19.05%,1.18,2.05
calculator cic,5,1,11,8,45.45%,12.5%,1.91,2.38
calculator varsta pensionare 2026,5,9,10,35,50%,25.71%,1,2
cati ani mai am pana la pensie,5,3,7,8,71.43%,37.5%,1.14,2.5
calculator varsta pensionare femei 2026,5,4,6,11,83.33%,36.36%,1.17,1.91
calcul data pensionare,5,15,6,58,83.33%,25.86%,1.83,2.38
cat se plateste indemnizatia de crestere copil,4,2,57,31,7.02%,6.45%,1.61,1.65
valoare indemnizatie crestere copil,4,4,50,43,8%,9.3%,1.74,1.74
cât este indemnizația de creștere a copilului,4,2,38,38,10.53%,5.26%,1.45,1.61
cum se calculează salariul,4,13,37,39,10.81%,33.33%,1.84,2.05
duplicat certificat de casatorie online,4,5,37,39,10.81%,12.82%,1.84,2.18
cat e pensia alimentara pentru 2 copii,4,5,36,32,11.11%,15.62%,1.47,1.47
cum se calculează indemnizația de creștere copil,4,7,35,48,11.43%,14.58%,1.74,1.56
calculator indemnizație creștere copil,4,0,30,26,13.33%,0%,1.37,1.62
calcul crestere copil,4,1,27,35,14.81%,2.86%,1.59,1.49
cand poti iesi la pensie,4,7,25,56,16%,12.5%,1.24,2.45
cat este indemnizatia crestere copil,4,3,23,22,17.39%,13.64%,1.78,1.36
femeie nascuta in 1970 cand ies la pensie,4,2,21,27,19.05%,7.41%,1.43,1.85
pensie alimentara 2026,4,4,20,11,20%,36.36%,1.4,1.73
pensia alimentara minima 2026,4,1,19,49,21.05%,2.04%,1.68,2.43
geoportal.gov.ro,4,1,19,32,21.05%,3.12%,7.05,7.38
cum se calculeaza pensia de invaliditate,4,7,15,15,26.67%,46.67%,1.07,1.13
pensia alimentara se calculeaza din salariul brut sau net,4,1,14,2,28.57%,50%,1.21,1.5
pensie alimentara calculator,4,8,13,12,30.77%,66.67%,1,1.17
calcul iesire la pensie femei,4,18,13,42,30.77%,42.86%,3.31,2.31
calcul vârstă pensionare,4,7,11,20,36.36%,35%,1.91,2.2
unde se schimba certificatul de nastere vechi,4,3,9,19,44.44%,15.79%,1.22,1.47
calculator varsta pensie femei,4,7,9,10,44.44%,70%,2,2.5
calculator cand ies la pensie,4,4,8,7,50%,57.14%,1.38,4.14
certificat casatorie online,4,2,8,21,50%,9.52%,1.62,7.24
calculator impozit chirie 2026,4,14,7,250,57.14%,5.6%,1,5.87
certificat celibat online,4,0,7,16,57.14%,0%,2.43,9.38
calculator vârsta de pensionare,4,3,6,17,66.67%,17.65%,2.17,3.18
calculator pensie limita de varsta 2026,4,3,5,14,80%,21.43%,1,2
calcul pensie anticipata femei,4,11,5,28,80%,39.29%,2,2.82
cum calculez cand ies la pensie,4,2,5,9,80%,22.22%,2,2.11
verificare rovinieta fara serie sasiu,4,612,5,5064,80%,12.09%,15.4,4.43
calculator dobanda legala,3,29,89,380,3.37%,7.63%,8.07,2.06
amendă rovinieta,3,4,64,45,4.69%,8.89%,7.67,4.02
tva 21%,3,2,56,84,5.36%,2.38%,1.64,2.11
pensie alimentara 2 copii fara venit,3,4,44,43,6.82%,9.3%,1.89,3.07
calcul maternitate,3,0,42,27,7.14%,0%,3.57,3.26
certificat de nastere online,3,13,37,190,8.11%,6.84%,2.46,5.13
impozitul pe dividende 2026,3,1,35,73,8.57%,1.37%,1,2.38
valabilitate cazier auto,3,1,35,31,8.57%,3.23%,4.34,2.71
formula calcul indemnizatie crestere copil,3,7,32,55,9.38%,12.73%,1.78,1.6
cat este valabil un extras de carte funciara,3,5,32,27,9.38%,18.52%,1.97,1.59
tabel varsta pensionare femei 2026,3,47,32,1466,9.38%,3.21%,2.38,6.83
calculeaza indemnizatie crestere copil,3,3,25,36,12%,8.33%,1.32,1.56
myterra,3,59,24,346,12.5%,17.05%,6,3.1
cat se plateste pensie alimentara pentru 2 copii,3,3,23,14,13.04%,21.43%,1.26,1.5
eghiseul,3,14,22,70,13.64%,20%,1.14,2.46
impozitul auto 2026,3,8,21,36,14.29%,22.22%,1,2.06
cat la suta din salariu este indemnizatia de crestere a copilului,3,0,19,0,15.79%,0%,1.74,0
calcul medical 2026,3,8,17,18,17.65%,44.44%,1,1.11
plafon cass dividende 2026,3,4,17,62,17.65%,6.45%,1.65,1.52
impozit masini 2026,3,16,17,40,17.65%,40%,1.76,1.88
cum se calculeaza concediul de crestere copil,3,1,16,13,18.75%,7.69%,1.19,1.31
cat se da pensie alimentara la un copil,3,2,16,19,18.75%,10.53%,1.25,5.37
ani lucrati in strainatate se pun la pensie,3,2,16,23,18.75%,8.7%,1.38,1.3
cum se calculează pensia de invaliditate,3,8,15,20,20%,40%,1.13,1.35
simulare varsta pensionare,3,0,15,0,20%,0%,2.27,0
cand pot sa ma pensionez,3,7,15,29,20%,24.14%,2.4,1.97
pensie alimentara 2 copii minim pe economie,3,1,13,14,23.08%,7.14%,1.69,1.79
varsta de pensionare calculator,3,1,13,4,23.08%,25%,1.77,1.75
ghiseul ro cazier auto online,3,1,12,9,25%,11.11%,2,2.11
taxe pe dividende 2026,3,0,11,10,27.27%,0%,1,2
pensie alimentara 2 copii 2026,3,4,11,21,27.27%,19.05%,1.18,1.38
cum se calculeaza concediu crestere copil,3,4,11,12,27.27%,33.33%,1.36,1.17
nr cadastral dupa adresa,3,1,11,10,27.27%,10%,1.45,2
calculator icc,3,0,10,9,30%,0%,1,1.44
stanjen in mp,3,1,10,10,30%,10%,1.7,3
calcul pensionare,3,21,9,76,33.33%,27.63%,1,2.05
pensionare femei nascute in 1970,3,4,9,5,33.33%,80%,1,3
cum aflu nr cadastral,3,2,9,5,33.33%,40%,1.33,1.4
numar carte funciara dupa adresa,3,0,9,4,33.33%,0%,1.44,1
calcul iesire pensie,3,8,9,22,33.33%,36.36%,3,2
certificat de naștere online,3,2,8,31,37.5%,6.45%,2.38,7.16
calculator concediu medical iulie 2026,3,0,7,0,42.86%,0%,1,0
calcul pensie de invaliditate,3,7,7,10,42.86%,70%,1.43,1.5
calculeaza varsta de pensionare,3,14,7,35,42.86%,40%,2,2.03
calculator pensie de intretinere,3,0,6,5,50%,0%,1.17,3
calculator vârstă de pensionare femei,3,5,6,9,50%,55.56%,1.67,2.11
calculator indemnizatie ccc,3,0,6,0,50%,0%,1.83,0
calculator pensionare barbati,3,3,6,7,50%,42.86%,1.83,2
calculator ieșire la pensie,3,7,5,14,60%,50%,1.8,1.93
calculator impozit auto 2026 bucuresti,3,1,5,6,60%,16.67%,2.2,2
calculator pensii 2026,3,15,4,51,75%,29.41%,1,3.2
cand ma pensionez calculator,3,11,4,25,75%,44%,1,2.04
cum se calculeaza indemnizatia pentru cresterea copilului,3,1,4,5,75%,20%,1.25,1.6
pensie de invaliditate gradul 2 suma forum pdf,2,13,46,106,4.35%,12.26%,6.22,1.78
salariu crestere copil,2,1,39,38,5.13%,2.63%,1.54,1.79
ghișeul.ro cazier,2,4,37,227,5.41%,1.76%,6.84,3.65
cat este tva ul,2,1,33,35,6.06%,2.86%,1.52,1.57
ce este numarul cadastral,2,0,29,28,6.9%,0%,2.59,1.14
taxe dividende 2026,2,5,24,54,8.33%,9.26%,1,1.76
cat este pensia alimentara pt un copil,2,3,24,59,8.33%,5.08%,1.17,4.05
pensia alimentara minima,2,0,23,16,8.7%,0%,4.39,7.69
salariul minim brut pe economie pentru calcul pensie 2026,2,1,21,7,9.52%,14.29%,2.24,3.71
cazier auto online gratuit,2,21,20,105,10%,20%,1.05,2.95
cat iei indemnizatie crestere copil,2,1,19,12,10.53%,8.33%,1.53,1.67
calcul indemnizatie maternitate,2,7,19,64,10.53%,10.94%,3.32,3.56
calcul cic,2,2,18,9,11.11%,22.22%,1.89,2
tva 21 la suta,2,1,17,22,11.76%,4.55%,1.35,2.41
cum se calculează concediul medical,2,3,16,41,12.5%,7.32%,1,2.63
valabilitate extras cf,2,1,15,24,13.33%,4.17%,1.67,7.88
pensie alimentară,2,3,15,110,13.33%,2.73%,2,5.32
cuantum pensie alimentara,2,0,14,51,14.29%,0%,1,3.8
cat se plateste pensie alimentara pentru 1 copil,2,0,14,11,14.29%,0%,1.57,2.45
indemnizatia crestere copil se calculeaza din brut sau net,2,0,14,0,14.29%,0%,1.79,0
cadastru geoportal,2,0,14,5,14.29%,0%,8.5,6
cât este pensia alimentară la salariul minim pe economie,2,2,13,9,15.38%,22.22%,1.38,1.67
cum se calculează pensia alimentară,2,5,12,16,16.67%,31.25%,1.08,1.69
pensia alimentara la salariul minim pe economie,2,0,12,7,16.67%,0%,1.25,1.29
pensia alimentara 2 copii,2,0,12,6,16.67%,0%,1.5,1.5
cat se plateste pensia alimentara pentru 2 copii,2,0,12,10,16.67%,0%,1.83,2.1
cuantum pensie de boala,2,1,12,17,16.67%,5.88%,2.17,1.88
impozit motor 2.4 diesel,2,1,11,16,18.18%,6.25%,1,2.38
impozit dividente 2026,2,2,11,17,18.18%,11.76%,1.36,2.18
calcul pensie alimentara 2 copii 2026,2,3,11,15,18.18%,20%,1.55,1.4
pensie anticipata femei 1972,2,2,11,14,18.18%,14.29%,1.91,2.29
ce valabilitate are un extras de carte funciara,2,0,11,0,18.18%,0%,2,0
calculator dobanda legala penalizatoare bnr,2,0,11,9,18.18%,0%,10.45,1.89
verificare rovinieta online,2,431,11,11336,18.18%,3.8%,24.36,5.42
cum aflu numarul cadastral,2,1,10,8,20%,12.5%,1.5,1.62
nascuta in 1968 cand ies la pensie anticipat,2,0,10,13,20%,0%,1.6,3.69
calculare varsta pensionare,2,5,10,26,20%,19.23%,1.7,2
impozit auto romania,2,7,10,78,20%,8.97%,3,2.41
cat este indemnizația de creștere copil,2,3,9,15,22.22%,20%,1.44,1.4
cum se calculeaza indemnizatie crestere copil,2,8,9,19,22.22%,42.11%,1.56,1.42
numar cf,2,2,8,4,25%,50%,1.25,1
mod calcul concedii medicale 2026,2,2,8,8,25%,25%,1.38,2.75
impozit 2026 auto,2,6,8,24,25%,25%,1.62,2.12
taxa auto 2026,2,12,8,50,25%,24%,2.12,1.92
cum se calculează concediu medical,2,3,7,32,28.57%,9.38%,1,2.25
iesire la pensie,2,6,7,56,28.57%,10.71%,1,2.29
cum calculez salariul,2,10,7,25,28.57%,40%,2.43,2.24
calculator pensie 2026,2,173,7,563,28.57%,30.73%,4.71,2.26
pensie alimentara pentru 1 copil,2,1,6,8,33.33%,12.5%,1.5,1.62
la ce varsta ma pot pensiona,2,1,6,22,33.33%,4.55%,1.67,2.73
calculator varsta pensie,2,6,6,38,33.33%,15.79%,1.83,3.89
calculator tva imobiliare,2,2,6,11,33.33%,18.18%,2,2.18
cand ies la pensie calculator,2,9,6,21,33.33%,42.86%,10.17,2
calcul concedii medicale,2,1,5,16,40%,6.25%,1,1.81
impozit motor 3.6,2,0,5,12,40%,0%,1.8,2.17
cum.se calculeaza indemnizatia de crestere copil,2,5,4,10,50%,50%,1.25,1.6
pensionare anticipata femei nascute in 1969,2,3,4,8,50%,37.5%,1.5,1.25
plafoane dividende 2026,2,1,4,25,50%,4%,1.75,2.04
certificat de nastere online romania,2,2,4,21,50%,9.52%,2.25,8.38
calculator varsta pensionare anticipata,2,436,4,4961,50%,8.79%,13.5,3.21
verifica rovinieta online,2,67,4,2083,50%,3.22%,30.5,5.6
cat este pensia de invaliditate gradul 3,2,7,3,168,66.67%,4.17%,1,2.83
data pensionare femei,2,4,3,28,66.67%,14.29%,1.33,2.86
schimbarea certificatului de nastere vechi,2,3,3,15,66.67%,20%,1.33,1.67
calcul varsta pensionare femei 2026,2,19,3,43,66.67%,44.19%,1.67,2.12
cazier judiciar auto online,2,1,3,24,66.67%,4.17%,3,8.67
calcul varsta de pensionare femei dupa noua lege,2,0,2,0,100%,0%,1,0
calculator iesit la pensie,2,2,2,7,100%,28.57%,1,2
data iesirii la pensie,2,11,2,29,100%,37.93%,1,3.28
pensie alimentara 3 copii 2026,2,1,2,8,100%,12.5%,1.5,1.5
cum calculez?,2,0,2,0,100%,0%,2,0
la ce varsta pot iesi femeile la pensie anticipat,2,2,2,17,100%,11.76%,3.5,3.59
certificat de nastere pierdut,2,1,2,174,100%,0.57%,12.5,9.25
cf online ancpi,2,18,2,512,100%,3.52%,12.5,6.93
cat e tva in romania,1,6,168,509,0.6%,1.18%,1.01,2.63
cat e tva,1,3,125,149,0.8%,2.01%,2.54,2.21
pensie alimentara 3 copii,1,0,61,65,1.64%,0%,1.39,6.02
tabel vârstă pensionare femei,1,2,60,33,1.67%,6.06%,5.77,8.3
cum se calculeaza indemnizatia de crestere a copilului,1,3,57,36,1.75%,8.33%,2.07,1.72
cazier judiciar online,1,100,51,8867,1.96%,1.13%,31.31,8.32
cuantum indemnizatie crestere copil,1,2,47,42,2.13%,4.76%,1.7,1.6
exceptii plata cass pfa 2026,1,3,46,37,2.17%,8.11%,8.15,7.54
cat este valabil extrasul de carte funciara,1,3,45,48,2.22%,6.25%,1.8,1.65
unde se plateste taxa cazier judiciar,1,4,39,84,2.56%,4.76%,4.03,3.36
cum se calculeaza indemnizatia pentru crestere copil,1,0,34,21,2.94%,0%,1.68,1.9
indemnizatie calcul,1,1,32,29,3.12%,3.45%,1.59,1.86
da,1,19,32,992,3.12%,1.92%,3.12,2.71
cum se calculeaza indemnizația,1,0,31,23,3.23%,0%,1.87,1.78
cat e impozitul pe dividende in 2026,1,2,30,29,3.33%,6.9%,1,1.59
cat este indemnizatie crestere copil,1,0,29,25,3.45%,0%,1.69,1.84
cat este tva-ul,1,1,28,32,3.57%,3.12%,1.39,1.25
cum se calculează indemnizația creștere copil,1,2,27,38,3.7%,5.26%,1.67,1.76
calcularea indemnizatiei pentru cresterea copilului,1,7,25,37,4%,18.92%,2.2,1.78
carte funciara colectiva,1,0,24,27,4.17%,0%,1.12,7.41
cum se calculează indemnizatia,1,4,24,31,4.17%,12.9%,1.75,1.65
certificat de casatorie model nou,1,1,23,18,4.35%,5.56%,2.22,3.11
cat e tva ul,1,1,23,27,4.35%,3.7%,2.39,2.3
cât este tva în românia,1,1,21,100,4.76%,1%,1,2.74
calculator indemnizatie copil,1,0,21,28,4.76%,0%,1.14,1.43
daca ai lucrat in strainatate primesti pensie,1,2,21,23,4.76%,8.7%,1.57,2.3
calcul concediu medical cod 01,1,0,20,0,5%,0%,7.1,0
cât este tva ul în românia,1,0,19,30,5.26%,0%,1,3.33
valabilitate extras carte funciara,1,2,19,13,5.26%,15.38%,1.95,1.69
valabilitate carte funciara,1,0,19,20,5.26%,0%,2.05,1.7
calculator concedii medicale 2026,1,26,19,68,5.26%,38.24%,4.84,1.94
cota impozit dividende 2026,1,0,18,31,5.56%,0%,1.06,3.39
pensie intretinere 2 copii,1,1,17,10,5.88%,10%,1,2.4
certificat de nastere tipizat si electronic,1,1,17,47,5.88%,2.13%,1.59,2.15
pensie alimentara 2 copii salariu minim pe economie,1,3,17,10,5.88%,30%,1.65,1.8
calcul salariu indemnizatie crestere copil,1,0,16,28,6.25%,0%,1,1.5
pensie,1,51,16,3959,6.25%,1.29%,65.56,7.25
cum se calculeaza concediu medical,1,9,15,91,6.67%,9.89%,1,2.23
valoare pensie alimentara,1,0,15,11,6.67%,0%,1,1.45
calculator dobanda penalizatoare,1,10,15,42,6.67%,23.81%,4.93,2.1
taxa dividende 2026,1,1,14,26,7.14%,3.85%,1,2.12
cazierul judiciar,1,0,14,4,7.14%,0%,6.93,6.25
cand poti sa iesi la pensie,1,2,13,8,7.69%,25%,1,2.62
cum se calculeaza varsta de pensionare,1,4,13,11,7.69%,36.36%,2.31,3.91
rovinieta verificare,1,171,13,7134,7.69%,2.4%,32.92,6.43
cat se plateste pensie alimentara,1,0,12,29,8.33%,0%,1.08,2.62
calcul icc,1,1,12,17,8.33%,5.88%,2.08,1.76
calcul pensie boala,1,4,11,10,9.09%,40%,1,1.3
pensia alimentara,1,3,11,92,9.09%,3.26%,1.09,5.05
cât e pensia alimentară la un copil,1,0,11,8,9.09%,0%,1.36,2.75
cota de tva,1,0,11,8,9.09%,0%,1.73,1.25
pret impozit auto,1,2,11,33,9.09%,6.06%,2.09,2.18
calcularea concediului medical 2026,1,1,10,10,10%,10%,1,4.1
concediu medical calcul,1,3,10,16,10%,18.75%,1,2.5
cote tva,1,0,10,44,10%,0%,1,1.52
pensia alimentara pentru 2 copii,1,2,10,22,10%,9.09%,1.4,1.91
pensia alimentara pentru un copil,1,4,10,19,10%,21.05%,1.4,2.11
calcul indemnizatie concediu medical,1,0,10,10,10%,0%,1.6,6.1
amenzi rutiere 2026,1,0,10,8,10%,0%,7.6,9.25
numar cadastral,1,17,10,243,10%,7%,11.9,3.08
nascuta in 1970 cand ies la pensie,1,3,9,23,11.11%,13.04%,1,2.26
cum se calculeaza indemnizatia?,1,2,9,11,11.11%,18.18%,1.22,1.45
extras de carte funciara valabilitate,1,2,9,20,11.11%,10%,1.89,1.6
tabel varsta pensionare femei,1,46,9,3809,11.11%,1.21%,4.33,7.61
cand se poate iesi la pensie,1,0,8,12,12.5%,0%,1,6.5
pensie alimentară pentru doi copii,1,0,8,0,12.5%,0%,1.5,0
taxa impozit auto 2026,1,7,8,9,12.5%,77.78%,1.88,2
nascuta in 1969 cand ies la pensie,1,0,8,26,12.5%,0%,2.38,4.85
varsta pensie anticipata femei,1,0,8,4,12.5%,0%,2.5,1.75
care este cota de tva in romania,1,0,7,14,14.29%,0%,1,2
cum se calculeaza concediul medical?,1,3,7,12,14.29%,25%,1,1.08
când pot să ies la pensie,1,3,7,8,14.29%,37.5%,1,2.75
cât este pensia alimentară pentru un copil,1,0,7,14,14.29%,0%,1,2.57
cât se plătește pensia alimentară la un copil,1,0,7,14,14.29%,0%,1,4.07
cum se calculează indemnizația?,1,0,7,0,14.29%,0%,1.29,0
nascuta in 1971 cand ies la pensie,1,2,7,16,14.29%,12.5%,1.43,1.81
daca am lucrat in strainatate pot lua pensie,1,1,7,12,14.29%,8.33%,1.57,3
pensie alimentara fara venit,1,7,7,281,14.29%,2.49%,1.71,5.1
calcul termen reabilitare,1,2,7,6,14.29%,33.33%,1.86,2.17
ce valabilitate are extrasul de carte funciara,1,2,7,15,14.29%,13.33%,2,1.4
impozit 3.6 benzina,1,1,7,13,14.29%,7.69%,2.43,2.08
pensie pe caz de boala cat este,1,1,7,46,14.29%,2.17%,3,3.35
cazierul judiciar se poate obtine de la orice sectie de politie,1,0,7,0,14.29%,0%,5.43,0
calculator pensie online,1,298,7,2001,14.29%,14.89%,10.29,4.7
barbat nascut in 1964 cand ies la pensie,1,1,6,15,16.67%,6.67%,1,4.07
impozit pe masina 2026,1,5,6,23,16.67%,21.74%,1,1.57
cand se iese la pensie,1,2,6,28,16.67%,7.14%,1.17,2.96
daca sunt nascuta in 1972 cand ies la pensie,1,0,6,0,16.67%,0%,1.5,0
portal ancpi,1,26,6,782,16.67%,3.32%,1.83,2.74
calculator data pensionare,1,8,6,24,16.67%,33.33%,2.17,2
e ghiseu,1,1,6,57,16.67%,1.75%,2.67,2.67
certificat de naștere multilingv,1,0,6,5,16.67%,0%,4,7.2
calculator salariu,1,56,6,15525,16.67%,0.36%,15.67,8.03
cota tva in romania,1,0,5,5,20%,0%,1,3.4
taxa pe dividende 2026,1,1,5,15,20%,6.67%,1,1.73
cat este pensia alimentara minim pe economie,1,2,5,11,20%,18.18%,1.4,1.36
calculator pensie alimentara fara venit,1,0,5,0,20%,0%,1.6,0
impozit auto bucuresti 2026,1,1,5,5,20%,20%,1.6,2.2
impozit,1,3,5,2926,20%,0.1%,1.8,9.83
impozit 2000 cmc,1,0,5,0,20%,0%,1.8,0
cat este pensia de boala,1,3,5,33,20%,9.09%,2.2,3.09
calcul an pensionare,1,3,5,11,20%,27.27%,2.6,2.18
ce procent din salariul brut este salariul net,1,1,5,3,20%,33.33%,3.2,2
certificat de celibat romania,1,5,5,61,20%,8.2%,8.6,3.48
cat este o pensie alimentara in romania,1,0,4,3,25%,0%,1,4.33
cat este pensia de intretinere pentru un copil,1,0,4,0,25%,0%,1,0
calcul pensie limita de varsta femei,1,0,4,0,25%,0%,1.25,0
cat se da pensie alimentara,1,0,4,5,25%,0%,1.25,4.6
calcul indemnizatie copil,1,2,4,8,25%,25%,1.5,1.38
cost impozit auto 2026,1,0,4,0,25%,0%,1.5,0
cum se calculează indemnizația de creștere a copilului,1,2,4,8,25%,25%,1.5,1.5
simulare iesire la pensie,1,2,4,8,25%,25%,1.5,2
calcul ccc 2026,1,2,4,5,25%,40%,2,1.4
certificatul de nastere vechi este valabil,1,2,4,15,25%,13.33%,2,4.33
plata concedii medicale 2026,1,10,4,116,25%,8.62%,2.25,2.45
concediu medical 2026 procent,1,17,4,125,25%,13.6%,2.5,2.02
când ma pot pensiona,1,1,4,16,25%,6.25%,2.75,2
cei nascuti in 1969 cand ies la pensie,1,1,4,15,25%,6.67%,3.25,4.8
varsta pensionare femei,1,20,4,273,25%,7.33%,3.5,6.47
dividente 2026,1,2,4,17,25%,11.76%,5.25,5.06
acte necesare duplicat certificat casatorie,1,0,4,5,25%,0%,9,8.6
calculator salariu net,1,146,4,32788,25%,0.45%,10.75,6.03
cnpp varsta pensionare,1,22,4,321,25%,6.85%,12.75,5.77
certificatul de integritate comportamentală,1,3,4,137,25%,2.19%,27.25,2.03
cnadnr verificare rovinieta,1,1,4,30,25%,3.33%,35.25,8.77
calculator pensie de boala,1,4,3,9,33.33%,44.44%,1,6.44
certificat constatator online 30 lei,1,0,3,13,33.33%,0%,1,1.23
când se iese la pensie,1,1,3,12,33.33%,8.33%,1,2.83
model calcul indemnizatie crestere copil,1,0,3,24,33.33%,0%,1,2
calculator cand iesi la pensie,1,1,3,4,33.33%,25%,1.33,2
calcul vârsta de pensionare,1,0,3,6,33.33%,0%,1.67,2.17
calculator varsta pensionare barbati,1,1,3,6,33.33%,16.67%,1.67,2
simulare varsta pensionare femei,1,0,3,0,33.33%,0%,1.67,0
varsta pensionare calculator,1,6,3,15,33.33%,40%,1.67,3.4
calcul ani pensie,1,3,3,7,33.33%,42.86%,3,2.29
program calcul pensie,1,11,3,148,33.33%,7.43%,4.33,4.86
valabilitate rovinieta,1,48,3,2823,33.33%,1.7%,7.67,7.22
ancpi harta,1,43,3,1016,33.33%,4.23%,10,6.24
ancpi extrase cf,1,0,2,30,50%,0%,1,6.43
cat costa pensia alimentara pentru un copil,1,0,2,20,50%,0%,1,4.65
cat costa receptia unei case,1,0,2,0,50%,0%,1,0
certificat de celibat romania online,1,0,2,14,50%,0%,1,10.93
cota de tva in romania,1,0,2,0,50%,0%,1,0
data pensionarii,1,4,2,15,50%,26.67%,1,2.87
plata cass dividende 2026,1,1,2,6,50%,16.67%,1,1.83
sporul de noapte este obligatoriu,1,0,2,0,50%,0%,1,0
verificare iesire la pensie,1,0,2,6,50%,0%,1,2
calcul varsta pensionare barbati,1,2,2,8,50%,25%,1.5,4.75
impozit 6.2 benzina,1,0,2,0,50%,0%,1.5,0
nu,1,1,2,34,50%,2.94%,1.5,5.65
ocpi functional,1,0,2,21,50%,0%,2,4.52
calcul data pensionare femei,1,8,2,17,50%,47.06%,2.5,2
pensie anticipata femei 1969 cu penalizare,1,2,2,18,50%,11.11%,3,4.89
ancpi eterra,1,142,2,4304,50%,3.3%,4.5,6.66
cate zile plateste angajatorul din concediul medical 2026,1,0,2,24,50%,0%,5.5,8.46
concediu medical 2026,1,59,2,902,50%,6.54%,7.5,4.37
harta cadastrala,1,0,2,79,50%,0%,19,8.42
verifica rovinieta dupa numar,1,9,2,178,50%,5.06%,20,5.32
eterra ancpi,1,259,2,12982,50%,2%,24.5,7.45
calculator vechime in munca,1,43,2,262,50%,16.41%,26.5,6.07
ancpi extras cf online,1,20,1,541,100%,3.7%,1,6.4
ancpi romania,1,0,1,296,100%,0%,1,10.38
anticipat,1,0,1,0,100%,0%,1,0
calcul data iesire la pensie,1,3,1,10,100%,30%,1,3.3
calcul.indemnizatie crestere copil,1,2,1,11,100%,18.18%,1,2.82
calculator iesire la pensie 2026,1,11,1,23,100%,47.83%,1,1.83
calculator pensionare 2026,1,10,1,22,100%,45.45%,1,2
calculator varsta de pensionare 2026,1,9,1,22,100%,40.91%,1,1.95
certificat nastere constanta,1,0,1,0,100%,0%,1,0
epay ancpi,1,172,1,4966,100%,3.46%,1,5.91
https://epay.ancpi.ro,1,1,1,91,100%,1.1%,1,7.65
la ce varsta poti sa iesi la pensie anticipat,1,0,1,0,100%,0%,1,0
pana cand se plateste impozitul la masina,1,0,1,13,100%,0%,1,9.54
vârsta standard de pensionare la femei,1,2,1,11,100%,18.18%,1,2
3700,1,0,1,0,100%,0%,2,0
cadastru romania online,1,0,1,0,100%,0%,2,0
cand pot iesi la pensie dupa noua lege,1,4,1,22,100%,18.18%,2,3.73
certificat de celibat de unde se elibereaza,1,1,1,9,100%,11.11%,2,7.78
impozit pe chirii 2026,1,2,1,75,100%,2.67%,2,5.45
21.01.1970,1,0,1,0,100%,0%,3,0
calcularea varstei de pensionare,1,5,1,20,100%,25%,3,2.55
pentru craiova,1,0,1,0,100%,0%,3,0
tabel varsta de pensionare femei 2026,1,0,1,0,100%,0%,3,0
valoarea punctului de pensie 2026,1,11,1,190,100%,5.79%,3,2.22
vârstă pensionare femei,1,2,1,15,100%,13.33%,3,4.33
01.07.1977,1,0,1,0,100%,0%,4,0
calculatorul vârstei de pensionare,1,9,1,75,100%,12%,4,4.01
cat este impozitul pe venit in 2026,1,0,1,0,100%,0%,4,0
pensia alimentara pentru copii moldova,1,0,1,0,100%,0%,4,0
varsta de pensionare femei,1,4,1,58,100%,6.9%,4,4.86
cat este pensia de invaliditate gradul 1,1,4,1,65,100%,6.15%,5,2.68
cf online,1,42,1,1609,100%,2.61%,6,7.15
cadastrale online,1,0,1,0,100%,0%,7,0
contract chirie anaf,1,0,1,0,100%,0%,7,0
zile suportate de angajator la concedii medicale 2026,1,0,1,0,100%,0%,7,0
calculator pensie de stat,1,52,1,517,100%,10.06%,9,7.23
lapensie com calcul varsta pensionare,1,0,1,9,100%,0%,9,9.22
program eliberare cazier valcea,1,0,1,0,100%,0%,9,0
verificarea rovinieta online,1,4,1,108,100%,3.7%,9,4.4
verificate rovinieta online,1,4,1,135,100%,2.96%,11,4.54
www.erovinieta.ro,1,0,1,0,100%,0%,11,0
calcul procent din suma,1,7,1,295,100%,2.37%,12,4.35
extras cf online,1,54,1,2306,100%,2.34%,12,7.28
verificate rovinieta,1,55,1,895,100%,6.15%,12,4.83
control rovinieta online,1,11,1,194,100%,5.67%,13,5.01
varsta de pensionare femei 2026,1,17,1,532,100%,3.2%,13,6.21
verificare rovinieta gratuit,1,18,1,237,100%,7.59%,15,4.46
obtinere duplicat certificat de nastere,1,0,1,12,100%,0%,22,7.08
harta geoportal ancpi,1,4,1,68,100%,5.88%,23,7.07
cati ani de munca trebuie sa ai ca sa iesi la pensie anticipat,1,0,1,19,100%,0%,46,12.84
indemnizatie minima crestere copil,0,3,90,77,0%,3.9%,3.12,4.51
cota tva,0,3,88,179,0%,1.68%,1.64,1.76
cat la suta din salariu este pensia alimentara,0,1,78,52,0%,1.92%,1.83,3.19
amenda de rovinieta,0,1,62,64,0%,1.56%,7.24,6
valoare tva,0,1,61,157,0%,0.64%,1.07,2.44
impozit capacitate cilindrica,0,5,56,59,0%,8.47%,2.82,2.15
cazier,0,11,51,632,0%,1.74%,13.43,9.18
plafon indemnizatie crestere copil,0,2,50,45,0%,4.44%,3,1.91
taxa eliberare cazier judiciar,0,0,49,57,0%,0%,2.8,4.28
cât este tva ul,0,1,47,46,0%,2.17%,1.91,2.41
indemnizatie crestere copil maxim,0,1,47,31,0%,3.23%,1.94,1.74
impozit auto,0,249,47,1472,0%,16.92%,4.38,2.48
cat e valabil cazierul judiciar,0,0,46,14,0%,0%,7.04,10.64
cat este amenda pentru rovinieta 2026,0,1,46,59,0%,1.69%,7.46,3.59
cazier online,0,90,44,4351,0%,2.07%,25.84,7.36
cum se calculeaza pensia alimentara in romania,0,0,41,31,0%,0%,1.9,2.19
indemnizatie crestere copil salariu minim,0,0,41,27,0%,0%,1.98,1.96
plata taxa cazier judiciar online,0,0,41,90,0%,0%,17.29,5.06
taxa certificat de integritate comportamentala,0,1,40,68,0%,1.47%,9.95,3.26
ce procent din venit reprezinta indemnizatia de crestere a copilului,0,0,39,30,0%,0%,1.95,2.03
cazier judiciar,0,0,38,88,0%,0%,15.42,14.56
certificat de integritate comportamentala online,0,4,38,235,0%,1.7%,21.47,2.97
cerere cazier judiciar online,0,0,38,72,0%,0%,23.89,7.94
eliberare certificat de integritate comportamentala online,0,1,37,84,0%,1.19%,18.95,3.04
salariu concediu crestere copil,0,1,36,33,0%,3.03%,1.56,1.88
cazier judiciar persoane juridice,0,0,36,48,0%,0%,27.36,10.71
baza de calcul indemnizatie crestere copil,0,0,35,36,0%,0%,1.89,2.06
cat este tva?,0,0,35,35,0%,0%,1.91,1.49
vârsta de pensionare la femei 2026,0,9,35,93,0%,9.68%,7.03,5.19
maxim indemnizatie crestere copil,0,0,34,34,0%,0%,2.03,1.71
acte cazier,0,0,34,40,0%,0%,22.09,10.28
cazier judiciar persoane fizice,0,0,34,128,0%,0%,25.68,9.6
procent indemnizatie crestere copil,0,2,33,29,0%,6.9%,1.85,1.93
indemnizatie concediu crestere copil,0,1,32,25,0%,4%,2.44,2.64
taxa cazier judiciar online,0,0,32,61,0%,0%,20.25,4.48
eliberare cazier auto online,0,1,32,88,0%,1.14%,25.03,4.08
cat costa cazier judiciar online,0,0,32,59,0%,0%,28.66,4.76
taxa eliberare cazier,0,0,31,45,0%,0%,15.52,3.09
acte cazier auto,0,0,31,47,0%,0%,22.32,5.4
certificat de cazier fiscal,0,1,31,143,0%,0.7%,59.97,16.4
cota tva romania,0,2,30,70,0%,2.86%,1,1.93
acte cazier judiciar firma,0,0,30,41,0%,0%,23.03,10.71
cazier judiciar online persoane juridice,0,0,30,69,0%,0%,24.23,10.81
harta cadastru,0,19,29,711,0%,2.67%,2.03,8.35
se plateste taxa pentru cazier,0,0,29,44,0%,0%,3.59,4.09
eliberare cazier judiciar online,0,6,29,422,0%,1.42%,10.62,8.27
cazier juridic pret,0,0,29,40,0%,0%,15.83,3.88
pret eliberare cazier,0,0,29,44,0%,0%,17.31,3.2
pret cazier online,0,0,29,54,0%,0%,28.14,5.02
cazier judiciar online pret,0,1,29,114,0%,0.88%,28.76,4.13
indemnizatie crestere copil,0,1,29,120,0%,0.83%,39.1,13.99
plata impozit auto,0,0,29,50,0%,0%,53.31,10.6
cat este indemnizatia pentru crestere copil,0,4,28,31,0%,12.9%,1.71,1.55
cat e valabil extrasul de carte funciara,0,2,28,32,0%,6.25%,4.64,3.62
certificat integritate comportamentala online,0,2,28,115,0%,1.74%,20.39,3.9
cazier judiciar pret,0,2,28,52,0%,3.85%,26.61,3.42
cat costa cazierul judiciar online,0,1,28,55,0%,1.82%,28.43,2.93
ultima luna de plata indemnizatie crestere copil,0,0,28,101,0%,0%,45.64,11.72
cat este tva ul in romania,0,0,27,61,0%,0%,1,1.87
indemnizatia maxima crestere copil,0,1,27,23,0%,4.35%,4.7,1.78
amenda vigneta romania,0,2,27,39,0%,5.13%,5.85,2.13
certificat constatator extins,0,2,27,235,0%,0.85%,26.52,7.67
fiscal auto,0,0,26,34,0%,0%,52.62,44.85
ce pensie ai la 25 ani vechime forum,0,0,25,0,0%,0%,1,0
cat e tva?,0,0,25,18,0%,0%,2.36,2.39
femeie nascuta in 1969 cand ies la pensie,0,4,25,40,0%,10%,2.6,3.6
certificat de integritate comportamentala,0,27,25,1738,0%,1.55%,20.24,2.81
acte cazier judiciar persoana fizica,0,0,25,37,0%,0%,26.8,10.76
fluturas de salariu,0,0,25,0,0%,0%,83.32,0
impozit motor 2.0,0,2,24,108,0%,1.85%,1.04,3.65
pensie alimentara minim pe economie,0,2,24,35,0%,5.71%,1.71,2.34
cazier online pret,0,0,24,65,0%,0%,29.12,5
impozit auto ploiesti,0,0,24,50,0%,0%,34.58,7.84
tva 2025,0,0,23,37,0%,0%,4.22,5.11
impozit auto constanta,0,0,23,36,0%,0%,41.74,8.31
calcul indemnizatie concediu crestere copil,0,0,22,28,0%,0%,1.95,1.96
indemnizatie crestere copil plafon,0,0,22,23,0%,0%,5.27,2
cum scoti cazier online,0,0,22,34,0%,0%,6.77,8.12
dobanda penalizatoare legala,0,2,22,30,0%,6.67%,8.45,1.5
cand s-a schimbat tva la 21,0,0,22,21,0%,0%,9.23,6.43
concediu de crestere copil calcul,0,0,21,32,0%,0%,1.9,1.47
calcul concediu medical cod indemnizatie 14,0,0,21,5,0%,0%,6.71,20.2
cazier judiciar taxa,0,0,21,46,0%,0%,7.71,3.67
cazier judiciar online constanța,0,0,21,4,0%,0%,7.9,11
concedii medicale 2026 prima zi neplatita,0,0,21,5,0%,0%,8.05,9.4
cine plateste indemnizatia de crestere copil,0,0,21,13,0%,0%,17,14.92
pret cazier judiciar online,0,0,21,69,0%,0%,29.86,4.94
calculator onorariu notar,0,0,21,5,0%,0%,86.62,9.4
cat e tva ul in romania,0,0,20,37,0%,0%,1,2.22
indemnizatie crestere copil valoare,0,0,20,26,0%,0%,1.6,1.62
extras carte funciara valabilitate,0,2,20,28,0%,7.14%,1.85,1.64
indemnizatia se calculeaza din brut sau net,0,1,20,31,0%,3.23%,1.9,2
eghiseul.ro impozit,0,0,20,0,0%,0%,5.7,0
calculul concediului medical,0,0,19,9,0%,0%,1,1
calculul pensiei pe caz de boala,0,2,19,10,0%,20%,1.05,1.2
cuantumul pensiei de invaliditate,0,0,19,22,0%,0%,2,2.18
ghiseul ro calculator,0,0,19,15,0%,0%,43.95,8.87
impozit masina hibrid,0,0,19,28,0%,0%,76.63,3.82
impozit auto hibrid,0,0,19,35,0%,0%,78.05,4.91
calculator notarial,0,0,19,34,0%,0%,78.42,8.59
costuri notariale,0,0,19,40,0%,0%,88.26,10.9
impozit 3000 diesel,0,2,18,25,0%,8%,3,2.28
amenda rovinieta se plateste la jumatate,0,1,18,27,0%,3.7%,7.67,2.33
plafon maxim indemnizatie crestere copil,0,0,18,36,0%,0%,20.17,1.89
cas pfa,0,0,18,51,0%,0%,61.39,4.22
taxe notar vanzare apartament,0,0,18,0,0%,0%,87.39,0
taxa notariala vanzare apartament,0,0,18,0,0%,0%,87.44,0
calculator taxe notariale credit ipotecar,0,0,18,6,0%,0%,87.61,15.17
taxe notariale vanzare apartament,0,0,18,5,0%,0%,88.72,30
taxe notariale vanzare casa,0,0,18,0,0%,0%,93.17,0
calcul tva imobiliare,0,0,17,7,0%,0%,1,1
cât este pensia alimentara la un copil,0,4,17,30,0%,13.33%,1.53,2.3
cat e amenda de rovinieta 2026,0,0,17,13,0%,0%,7.29,5.77
calcul dobanda legala,0,19,17,124,0%,15.32%,11,2.1
acte necesare cazier auto,0,0,17,68,0%,0%,29.76,5.81
cazier permis,0,1,17,34,0%,2.94%,33.76,14.21
salariu de baza,0,0,17,85,0%,0%,54.35,5.25
cazier fiscal online,0,30,17,994,0%,3.02%,65.06,8.28
taxe notariale vanzare cumparare,0,0,17,6,0%,0%,88.65,30.5
taxa notar vanzare apartament,0,0,17,0,0%,0%,92.59,0
taxe notariale credit ipotecar,0,1,17,4,0%,25%,92.65,21
cass la dividende 2026,0,1,16,16,0%,6.25%,1.19,1.88
impozit hibrid,0,0,16,24,0%,0%,67.44,3.33
ce procent din salariu reprezinta pensia alimentara pentru un copil,0,0,15,25,0%,0%,1.93,8.8
cat e valabil cazierul auto,0,0,15,10,0%,0%,3.47,1.9
indemnizatie crestere copil daca nu am lucrat 12 luni,0,0,15,5,0%,0%,31.8,15
cat este amenda de rovinieta,0,3,15,178,0%,1.69%,39.53,4.47
taxe inchiriere apartament,0,0,15,59,0%,0%,50.47,8.98
taxe notariale cumparare apartament,0,0,15,0,0%,0%,94.8,0
cota tva 21%,0,0,14,11,0%,0%,1,1
cote de tva,0,0,14,0,0%,0%,1,0
tva cat este,0,0,14,5,0%,0%,1.57,3.4
pensie de invaliditate gradul 2 suma,0,2,14,15,0%,13.33%,2,1.6
tabel varsta de pensionare femei,0,1,14,11,0%,9.09%,5.43,8.73
certificat de celibat,0,2,14,101,0%,1.98%,6.43,4.12
prescurtare certificat de nastere,0,0,14,0,0%,0%,10.57,0
cazier auto,0,82,14,537,0%,15.27%,25.79,2.31
carte funciara,0,3,14,141,0%,2.13%,41,18.4
cat e tva-ul in romania,0,0,13,35,0%,0%,1,2.57
cote tva romania,0,0,13,26,0%,0%,1,1.96
tva actual,0,0,13,21,0%,0%,1,3.43
tabel pensionare anticipata femei,0,1,13,10,0%,10%,1.08,5.5
cat este tva in romania?,0,0,13,16,0%,0%,1.15,1.94
concediu crestere copil calcul,0,1,13,27,0%,3.7%,1.62,1.52
tva romania,0,6,13,1491,0%,0.4%,2.62,4.23
cass concedii medicale 2026,0,0,13,7,0%,0%,4.38,10.29
varsta de pensionare romania 2026,0,3,13,28,0%,10.71%,4.69,5.07
de cand e tva 21,0,0,13,17,0%,0%,5.23,7.29
cat e amenda pentru rovinieta 2026,0,0,13,18,0%,0%,7.69,4
procent tva 2026,0,0,13,0,0%,0%,8.15,0
impozit autorulota 2026,0,0,13,25,0%,0%,8.31,2.4
de unde se scoate certificat de integritate comportamentala,0,1,13,69,0%,1.45%,13.54,3.74
plata amenda rovinieta,0,11,13,481,0%,2.29%,40.85,8.35
rovinieta,0,1,13,53,0%,1.89%,66.15,18.38
asigurare si impozit motor 3000,0,0,12,54,0%,0%,1,6.93
care este tva ul in romania,0,0,12,0,0%,0%,1,0
cât e tva în românia,0,0,12,49,0%,0%,1,3.14
cat este tva acum,0,2,12,13,0%,15.38%,1.33,1.38
certificat de nastere electronic,0,0,12,13,0%,0%,1.33,3.77
cat este tva ul?,0,0,12,6,0%,0%,1.5,1.17
daca lucrezi in strainatate primesti pensie in romania,0,0,12,6,0%,0%,1.67,1.83
cerere extras carte funciara,0,0,12,8,0%,0%,1.75,9.12
tva actual romania,0,0,12,0,0%,0%,2.83,0
avocatura calculator dobanda legala,0,2,12,9,0%,22.22%,8.58,6.11
ancpi geoportal,0,278,12,7722,0%,3.6%,10.75,6.24
eliberare cazier judiciar online iasi,0,0,12,0,0%,0%,18.75,0
cazier ro,0,0,12,12,0%,0%,20.17,20.5
cat este amenda pentru rovinieta,0,6,12,467,0%,1.28%,37.17,4.39
taxa cazier judiciar,0,4,12,247,0%,1.62%,38,4.82
amenda rovinieta,0,47,12,1970,0%,2.39%,41.17,5.3
rectificare carte funciara,0,0,12,0,0%,0%,73,0
certificat fiscal pentru cadastru si intabulare pret,0,0,11,5,0%,0%,1,8.4
cota tva 2025,0,0,11,33,0%,0%,1,4.18
valoare tva romania,0,0,11,27,0%,0%,1,1.44
valoarea tva,0,0,11,6,0%,0%,1,4.33
cat se plateste pensia alimentara,0,1,11,43,0%,2.33%,1.09,3.93
cum se calculeaza indemnizatia pentru cresterea copilului in 2026,0,0,11,32,0%,0%,1.82,2.62
valoare tva 2025,0,0,11,0,0%,0%,1.82,0
indemnizatie maxima crestere copil,0,2,11,19,0%,10.53%,2.18,1.74
cat este cota tva in romania,0,1,11,10,0%,10%,2.55,2.4
de cand e tva 21%,0,0,11,7,0%,0%,3.73,7.71
calculator taxa judiciara de timbru,0,6,11,356,0%,1.69%,17.09,6.39
de unde scot cazierul,0,0,11,9,0%,0%,23.64,7.44
ghiseul online,0,0,11,12,0%,0%,45.91,17.92
verificare cazier judiciar angajat,0,0,11,16,0%,0%,54.82,20.5
control rovinieta,0,6,11,348,0%,1.72%,60.91,9.1
fluturas salariu,0,0,11,0,0%,0%,83.27,0
calculator taxa notar,0,0,11,13,0%,0%,94.45,9.08
care este impozitul pe dividende in 2026,0,0,10,11,0%,0%,1,2
cat costa pensia alimentara,0,0,10,12,0%,0%,1,2.42
pensie alimentara pentru 2 copii,0,1,10,11,0%,9.09%,1.2,2.73
care este indemnizatia maxima pentru cresterea copilului,0,0,10,11,0%,0%,2,1.36
nascuta in anul 1969 cand ies la pensie,0,2,10,18,0%,11.11%,2.5,3.83
cand pot sa ies la pensie dupa noua lege,0,0,10,5,0%,0%,2.8,3
calculator impozit auto,0,165,10,1571,0%,10.5%,3.5,2.99
scade impozitul pe dividende,0,0,10,4,0%,0%,4.7,7.25
vârsta pensionare femei 2026,0,0,10,23,0%,0%,6.7,6.04
program cazier satu mare,0,0,10,102,0%,0%,17.2,7.68
cazier judiciar piatra neamt,0,0,10,12,0%,0%,18,8.42
cat este impozitul pe salariu,0,1,10,80,0%,1.25%,57.3,9.16
certificat fiscal masina,0,0,10,24,0%,0%,68.6,62.58
taxa timbru verde calcul,0,0,10,0,0%,0%,77.4,0
releveu boma,0,0,10,0,0%,0%,95.5,0
de cand este tva 21 la suta,0,0,9,17,0%,0%,1,5.82
calcul concediu crestere copil 2026,0,3,9,18,0%,16.67%,1.11,2.11
cat e pensia alimentara in romania,0,0,9,16,0%,0%,1.11,1.88
cat este indemnizatia,0,0,9,13,0%,0%,1.11,2.31
certificat de nastere tipizat sau electronic,0,1,9,3,0%,33.33%,1.11,1
cum se calculeaza pensia alimentara?,0,0,9,0,0%,0%,1.22,0
impozite masini 2026,0,7,9,16,0%,43.75%,1.22,1.62
cat este pensia alimentara pt 2 copii,0,0,9,6,0%,0%,1.33,1.83
cat este pensia alimentara in romania,0,0,9,18,0%,0%,1.56,1.83
valabilitate extras carte funciara pentru vanzare,0,0,9,7,0%,0%,1.78,2.14
tva valoare,0,0,9,3,0%,0%,1.89,2.33
e ghiseul ro,0,2,9,17,0%,11.76%,2.11,1.24
care este valoarea minima a indemnizatiei de crestere a copilului,0,0,9,27,0%,0%,2.78,3.93
lege pensie alimentara cu 2 copiii,0,0,9,0,0%,0%,3,0
calculator concediu crestere copil 2026,0,4,9,16,0%,25%,3.44,1.94
impozit toyota rav4 2.5 hybrid,0,0,9,4,0%,0%,4.67,9.5
indemnizatie nastere copil 2026,0,0,9,9,0%,0%,4.89,6
netto brutto calculator,0,0,9,0,0%,0%,5.67,0
cât e amenda de rovinietă,0,0,9,0,0%,0%,6.67,0
certificatul de casatorie se elibereaza pe loc,0,0,9,5,0%,0%,8.22,10.4
indemnizatie crestere copil optiunea 2,0,0,9,4,0%,0%,9.67,12
certificat de casatorie pierdut,0,2,9,41,0%,4.88%,9.89,7.59
cat costa eliberarea cazierului,0,0,9,45,0%,0%,14.11,3.24
cat costa cazierul,0,1,9,67,0%,1.49%,27.22,4.48
cazier auto online,0,77,9,770,0%,10%,28.89,3.08
cat costa cazierul online,0,1,9,45,0%,2.22%,30.11,3.09
ghiseul,0,16,9,4109,0%,0.39%,40.22,4.22
cazier persona fizica,0,0,9,14,0%,0%,40.78,30.93
dobanda legala,0,3,9,74,0%,4.05%,46.11,1.86
cat e impozitul pe salariu,0,0,9,10,0%,0%,52.67,9.7
cass pfa,0,2,9,56,0%,3.57%,66.78,5.38
indemnizatia de crestere copil se plateste pentru luna in curs,0,0,9,5,0%,0%,69.11,10
rovinieta romania,0,0,9,50,0%,0%,74.22,10.94
cazier fiscal ce inseamna,0,0,9,30,0%,0%,74.33,36
pe ce perioada se calculeaza baza de calcul a indemnizatiei,0,0,9,33,0%,0%,76.89,5.55
cit este tva in romania,0,0,8,0,0%,0%,1,0
cum se calculeaza concediile medicale,0,1,8,31,0%,3.23%,1,3.16
impozit auto capacitate cilindrica,0,2,8,107,0%,1.87%,1,4.42
tva 21 de cand,0,0,8,80,0%,0%,1,4.59
tva 21 de cand se aplica,0,0,8,20,0%,0%,1,4.1
cât este tva,0,2,8,21,0%,9.52%,1.12,1.9
numar de carte funciara,0,0,8,0,0%,0%,1.12,0
cat e tva acum,0,1,8,17,0%,5.88%,1.38,1.18
care este suma maxima pentru indemnizatie crestere copil,0,0,8,3,0%,0%,1.5,1.33
cat timp este valabil extrasul de carte funciara,0,1,8,29,0%,3.45%,1.75,1.41
impozit 3000 cmc 2026,0,0,8,10,0%,0%,1.75,3
impozitare dividende 2026,0,2,8,13,0%,15.38%,1.75,2.23
femeie,0,2,8,101,0%,1.98%,2.12,2.98
tva acum,0,0,8,6,0%,0%,2.12,1.67
salariu minim pe economie,0,0,8,8,0%,0%,2.25,3.38
pensie anticipata femei 1967,0,65,8,1317,0%,4.94%,2.62,4.34
impozit auto 2026 iasi,0,2,8,12,0%,16.67%,3.12,3.25
indemnizatia minima,0,0,8,0,0%,0%,4.12,0
tabel varsta pensionare,0,3,8,16,0%,18.75%,8.12,8.69
amenda pentru rovinieta neplatita,0,0,8,12,0%,0%,10,2.75
taxa cazier judiciar brasov,0,1,8,59,0%,1.69%,18.38,6.71
verificarea rovinietei,0,1,8,32,0%,3.12%,22.88,6.91
cazier judiciar persoana fizica,0,0,8,100,0%,0%,30.5,9.51
plata indemnizatie crestere copil,0,0,8,24,0%,0%,35.5,10.88
cas si cass pfa,0,0,8,26,0%,0%,49.5,7.96
taxa cazier fiscal,0,0,8,55,0%,0%,50.25,13.73
indemnizatie crestere copil se plateste pentru luna in curs,0,0,8,5,0%,0%,59.62,11.6
indemnizație creștere copil,0,0,8,13,0%,0%,71.75,14.54
cat e impozitul pe dividende 2026,0,0,7,28,0%,0%,1,2.25
cat este pensia pe caz de boala psihica,0,3,7,94,0%,3.19%,1,6.57
cnpp varsta de pensionare,0,24,7,274,0%,8.76%,1,5.76
cote tva in romania,0,0,7,8,0%,0%,1,2.5
impozit auto 3000 cmc 2026,0,0,7,27,0%,0%,1,2.56
noua lege a pensiilor varsta de pensionare,0,0,7,8,0%,0%,1,3.25
cat este tva-ul?,0,0,7,5,0%,0%,1.29,1.2
indemnizatie crestere copil cat este,0,1,7,22,0%,4.55%,1.43,2.14
sunt nascuta in 1970 cand ies la pensie,0,1,7,25,0%,4%,1.43,2.64
cat timp este valabil un extras de carte funciara,0,2,7,13,0%,15.38%,1.86,1.62
indemnizatie crestere copil minim pe economie,0,1,7,9,0%,11.11%,1.86,1.89
pensie alimentara minima,0,0,7,10,0%,0%,2,4.5
tva este 21,0,0,7,9,0%,0%,2,2.33
indemnizatie crestere copil minim,0,0,7,17,0%,0%,2.29,2.24
impozit auto craiova,0,3,7,36,0%,8.33%,2.43,2.69
calculator concedii medicale,0,2,7,34,0%,5.88%,3.14,4.53
ancpi,0,3735,7,181043,0%,2.06%,4.71,6.74
impozit auto iasi,0,1,7,65,0%,1.54%,5,4.95
calculator procentaj,0,0,7,97,0%,0%,5.57,4.84
impozit auto sector 3,0,0,7,0,0%,0%,7.57,0
pensie de invaliditate gradul 1 suma forum,0,11,7,125,0%,8.8%,8,2.95
avocatura.com dobanda legala,0,0,7,0,0%,0%,8.43,0
geoportal gov ro,0,0,7,0,0%,0%,8.43,0
cand a crescut tva la 21,0,0,7,0,0%,0%,9.29,0
dupa cat timp vine amenda de rovinieta,0,0,7,10,0%,0%,9.29,4.3
cadastru romania,0,0,7,5,0%,0%,10.14,14.6
cazier constanta,0,0,7,9,0%,0%,24.57,11.22
cat costa cazier judiciar,0,0,7,49,0%,0%,29.57,4.76
taxa cazier auto,0,1,7,73,0%,1.37%,37.43,2.84
cazier judiciar online gratuit,0,42,7,2557,0%,1.64%,38.29,8.47
eliberare cazier fiscal,0,0,7,54,0%,0%,44,9.06
calculator taxa timbru,0,5,7,525,0%,0.95%,46.29,7.01
ghiseul.ro contact,0,5,7,577,0%,0.87%,47.43,7.55
bonurile de masa intra in calculul indemnizatiei pentru cresterea copilului,0,0,7,5,0%,0%,52.71,7.2
pensionar,0,16,7,806,0%,1.99%,63,7.07
cazier fiscal,0,6,7,450,0%,1.33%,65.43,8.66
ce este cartea funciara,0,1,7,115,0%,0.87%,66.43,14.07
pfa cass,0,0,7,10,0%,0%,66.57,7.7
cazier fiscal administrator,0,0,7,23,0%,0%,74.86,8.7
venituri din chirii 2022,0,0,7,0,0%,0%,80,0
cat este tva-ul in romania,0,0,6,38,0%,0%,1,1.89
cat ii tva in romania,0,1,6,27,0%,3.7%,1,3.15
cat se plateste pensie alimentara la un copil,0,0,6,9,0%,0%,1,5.67
când poți ieși la pensie,0,0,6,9,0%,0%,1,2.44
pensie de intretinere 2 copii,0,0,6,0,0%,0%,1,0
pensia alimentară 2026,0,3,6,11,0%,27.27%,1.5,4.27
impozit 2.4 diesel,0,4,6,11,0%,36.36%,1.67,2
ce venituri intra la calculul indemnizatiei de crestere copil,0,0,6,36,0%,0%,2,2.86
certificat constatator de baza,0,2,6,102,0%,1.96%,2,7.17
impozit motor 2.7 diesel,0,0,6,32,0%,0%,2,3.94
pensie alimentara copii,0,1,6,8,0%,12.5%,2,3.25
valabilitate cf,0,4,6,23,0%,17.39%,2,1.39
e ghiseul.ro,0,20,6,286,0%,6.99%,2.17,2.65
1 copil,0,0,6,11,0%,0%,2.33,2.91
eliberare certificat de nastere online,0,2,6,14,0%,14.29%,2.5,2.57
cat este cota tva,0,0,6,8,0%,0%,2.67,2.12
cat este impozitul la un motor de 3000,0,1,6,14,0%,7.14%,3.17,3.36
daca sunt nascuta in 1969 cand ies la pensie,0,2,6,35,0%,5.71%,3.17,4.14
eliberare cazier auto,0,1,6,37,0%,2.7%,5.67,2.57
impozit auto 2026 galati,0,4,6,13,0%,30.77%,5.83,2
calculator dobanda legala remuneratorie,0,3,6,19,0%,15.79%,7.5,2.05
calculator dobanda legala penalizatoare og 13 2011,0,5,6,16,0%,31.25%,7.67,2
cat e amenda pt rovinieta 2026,0,0,6,20,0%,0%,7.83,3.35
dividende srl,0,0,6,0,0%,0%,9.5,0
model certificat de casatorie,0,1,6,10,0%,10%,9.67,5.2
calcul dobanda legala penalizatoare intre profesionisti,0,2,6,10,0%,20%,14.5,3.2
formular cazier judiciar,0,0,6,0,0%,0%,15.17,0
cazier permis auto,0,5,6,83,0%,6.02%,27.67,2.73
indemnizatie crestere copil minima,0,0,6,12,0%,0%,28.17,8.08
e rovinieta,0,0,6,0,0%,0%,29.33,0
ghiseul ro,0,0,6,96,0%,0%,31.17,7.71
rovinieta online romania,0,0,6,0,0%,0%,32,0
cazier sibiu,0,0,6,0,0%,0%,34.17,0
plata rovinieta online,0,0,6,0,0%,0%,37.83,0
concediu maternal,0,0,6,0,0%,0%,40.5,0
la indemnizatie se calculeaza si bonurile de masa,0,0,6,20,0%,0%,48.33,11.1
se iau in calcul bonurile de masa la indemnizatie,0,0,6,16,0%,0%,50.5,11.5
verificare cazier fiscal online,0,0,6,42,0%,0%,51.33,10.64
cazier fiscal persoana fizica online,0,2,6,124,0%,1.61%,58.33,10.25
cass la pfa,0,0,6,21,0%,0%,61,5.86
cazier fiscal persoana fizica,0,9,6,305,0%,2.95%,64.83,9.63
plafoane pfa,0,0,6,33,0%,0%,64.83,4.48
cass dividende 2024,0,0,6,0,0%,0%,65.67,0
ortofotoplanuri,0,0,6,0,0%,0%,66.5,0
valabilitate cazier fiscal,0,0,6,50,0%,0%,67.33,14.18
primesti indemnizatie daca nu lucrezi,0,0,6,5,0%,0%,72,17.8
crestere copil,0,0,6,31,0%,0%,72.83,9.87
impozit salariu 2024,0,0,6,7,0%,0%,74.17,8.86
indemnizatie crestere copil cu handicap 3 7 ani,0,0,6,6,0%,0%,74.17,33.33
cazier fiscal persoana juridica,0,0,6,94,0%,0%,74.5,10.93
contributii salarii 2024,0,0,6,0,0%,0%,76.5,0
21 tva,0,0,5,0,0%,0%,1,0
barbat nascut in 1967 cand ies la pensie,0,3,5,19,0%,15.79%,1,3.53
care este valoarea tva in romania,0,0,5,14,0%,0%,1,2.36
cass pe dividende 2026,0,2,5,12,0%,16.67%,1,1.83
daca depasesti viteza legala cu 20 km,0,0,5,0,0%,0%,1,0
imp dividende 2026,0,0,5,6,0%,0%,1,1
impozit 2.7 diesel,0,0,5,21,0%,0%,1,3.57
impozit bmw x5 3.0 diesel,0,0,5,9,0%,0%,1,8.11
impozit dividende an 2026,0,0,5,4,0%,0%,1,1
impozit mercedes 2.2 diesel,0,0,5,16,0%,0%,1,2.06
impozit motor 5.0 benzina,0,0,5,16,0%,0%,1,2.94
pensie alimentara pentru un copil,0,0,5,21,0%,0%,1,4.38
tva ul in romania,0,0,5,11,0%,0%,1,3.55
tva-ul in romania,0,0,5,6,0%,0%,1,3.17
varsta pensionare cnpp,0,0,5,36,0%,0%,1,6.94
numarul cadastral al imobilului,0,1,5,6,0%,16.67%,1.2,3.67
cat este o pensie alimentara,0,0,5,17,0%,0%,1.4,3.65
indemnizatie crestere copil 2025,0,0,5,37,0%,0%,1.6,2.43
cum se calculeaza,0,0,5,36,0%,0%,1.8,4.58
pensie anticipata femei nascute in 1970,0,6,5,19,0%,31.58%,1.8,1.47
cat este tva ?,0,0,5,0,0%,0%,2,0
sunt femeie,0,0,5,38,0%,0%,2,3.32
cat este pensia pe caz de boala gradul 2,0,5,5,32,0%,15.62%,2.2,2.78
tva 21 %,0,0,5,6,0%,0%,2.2,1.5
nascuta in 1972 cand ies la pensie,0,2,5,13,0%,15.38%,2.6,1.46
calcul taxa judiciara de timbru,0,0,5,43,0%,0%,3.8,4.65
procente,0,2,5,117,0%,1.71%,4.2,5.85
cum se calculeaza salariul,0,14,5,81,0%,17.28%,4.4,1.4
tva in 2025,0,0,5,4,0%,0%,4.8,6
ghișeul ro cazier,0,0,5,37,0%,0%,5.6,4.41
pensie romania 2026,0,1,5,13,0%,7.69%,5.6,6.31
concediu medical urgenta medico chirurgicala 2026,0,0,5,6,0%,0%,6.8,8
calculator varsta de pensionare,0,35,5,291,0%,12.03%,7,5.21
pensie de invaliditate gradul 3 suma forum pdf,0,0,5,29,0%,0%,7.4,3.21
calculator dividende 2026,0,30,5,732,0%,4.1%,7.8,4.49
nascut in 1969 cand ies la pensie,0,0,5,12,0%,0%,8.8,4.5
impozit locuinta,0,0,5,0,0%,0%,9.2,0
indemnizatie concediu maternitate,0,0,5,6,0%,0%,10,10
cazier judiciar online constanta,0,0,5,16,0%,0%,16.8,9.44
certificat de grefa online,0,0,5,7,0%,0%,17.4,16.14
integritate comportamentala,0,2,5,43,0%,4.65%,20.8,5.6
de unde se ridica cazierul judiciar,0,0,5,28,0%,0%,21,8.43
formular actualizare carte imobil,0,0,5,0,0%,0%,21.6,0
calculator taxe judiciare de timbru,0,1,5,40,0%,2.5%,23.4,6.38
valabilitate cazier judiciar persoana fizica,0,0,5,11,0%,0%,25.8,11.36
cerere cazier judiciar persoana juridica,0,0,5,6,0%,0%,27.4,10.67
geoportal ancpi,0,684,5,16521,0%,4.14%,30.4,5.77
cat costa un cazier,0,0,5,47,0%,0%,32.8,3.96
cazierul judiciar online,0,3,5,149,0%,2.01%,33.6,7.65
pret cazier,0,0,5,53,0%,0%,35.2,3.04
certificat de atestare fiscala,0,0,5,0,0%,0%,35.4,0
verificare rovinieta romania,0,25,5,643,0%,3.89%,37.2,5.67
ghiseul.ro cazier,0,24,5,3248,0%,0.74%,40.4,4.51
calcul alocatie copil,0,0,5,32,0%,0%,50.8,5.41
verificare cazier fiscal,0,0,5,71,0%,0%,51.6,8.24
calculator diurna externa,0,0,5,0,0%,0%,54.6,0
indemnizatia,0,1,5,9,0%,11.11%,55.8,9.78
apostila de la haga,0,0,5,74,0%,0%,56,25.22
calcul concediu maternitate,0,0,5,20,0%,0%,56.8,10.9
luna nasterii copilului se ia in calcul la indemnizatie,0,1,5,22,0%,4.55%,57,6.77
obtinere cazier fiscal,0,2,5,46,0%,4.35%,65.8,10.17
concediul de risc maternal afecteaza calculul indemnizatiei de maternitate,0,0,5,0,0%,0%,66,0
certificat cazier fiscal,0,0,5,75,0%,0%,68,22.15
plata cass pfa 2024,0,0,5,0,0%,0%,68,0
pfa indemnizatie crestere copil,0,0,5,0,0%,0%,68.2,0
cazier fiscal valabilitate,0,0,5,26,0%,0%,71.2,24.58
ce este cazierul fiscal,0,0,5,40,0%,0%,72,19.5
plafoane cass pfa 2024,0,0,5,0,0%,0%,74.4,0
plafon pfa,0,0,5,57,0%,0%,74.6,7.74
indemnizatie crestere copil 2024,0,0,5,45,0%,0%,75.6,8.4
cazier fiscal persoane juridice,0,0,5,28,0%,0%,76.2,28.93
funciara,0,0,5,14,0%,0%,77,59.07
plata cas pfa 2024,0,0,5,0,0%,0%,79,0
stat de plata,0,0,5,0,0%,0%,79,0
indemnizatia de crestere a copilului,0,0,5,0,0%,0%,79.6,0
factura cu tva,0,0,5,0,0%,0%,80.2,0
indemnizatie crestere al doilea copil,0,0,5,0,0%,0%,87.4,0
taxe notar cumparare apartament,0,0,5,0,0%,0%,90.6,0
cand ies la pensie daca sunt nascuta in 1969,0,4,4,20,0%,20%,1,4.5
cass dividende 2027,0,0,4,4,0%,0%,1,9.75
cat costa impozitul la motor de 3000,0,0,4,43,0%,0%,1,2.86
cat e tva in romania?,0,0,4,18,0%,0%,1,2.17
cat este cota de tva in romania,0,1,4,10,0%,10%,1,3.1
cat este pensia alimentara pentru 3 copii,0,0,4,9,0%,0%,1,3.33
cat este somajul pe luna forum,0,0,4,3,0%,0%,1,1
ce inseamna certificat de nastere tipizat si electronic,0,5,4,27,0%,18.52%,1,1.93
certificat constatator fonduri imm,0,1,4,17,0%,5.88%,1,1.29
euro 6,0,0,4,46,0%,0%,1,1.78
impozit contract inchiriere,0,0,4,8,0%,0%,1,5.5
impozit ford kuga 2.5 hybrid,0,0,4,9,0%,0%,1,5
pensie alimentara 1 copil calculator,0,1,4,3,0%,33.33%,1,1
pensie alimentară pentru un copil,0,2,4,15,0%,13.33%,1,1.6
tva de 21%,0,0,4,3,0%,0%,1,1.67
cum se calculeaza?,0,1,4,3,0%,33.33%,1.25,2.33
euro 5,0,0,4,21,0%,0%,1.25,1.81
impozit motor 5000 benzina,0,0,4,0,0%,0%,1.25,0
cat este pensia alimentara pentru un copil,0,0,4,9,0%,0%,1.5,2.22
cat e indemnizatia,0,0,4,8,0%,0%,1.75,1.62
cat iau indemnizatie crestere copil,0,0,4,0,0%,0%,1.75,0
ancpi functioneaza,0,1816,0,23947,0%,7.58%,0,3.94
eterra,0,634,0,35520,0%,1.78%,0,7.59
ancpi online,0,286,0,10601,0%,2.7%,0,6
e terra,0,243,0,8878,0%,2.74%,0,7.97
e-terra,0,226,1,6216,0%,3.64%,9,8.08
calculator pensie,0,192,3,2772,0%,6.93%,9.67,7.08
e terra ancpi,0,165,0,5583,0%,2.96%,0,6.5
geoportal ancpi harta,0,165,3,4401,0%,3.75%,3.33,6.66
calculator varsta pensionare anticipata 2026,0,157,3,849,0%,18.49%,45,2.42
calculator termene judiciare,0,147,0,1900,0%,7.74%,0,2.06
calculator tva,0,141,0,6763,0%,2.08%,0,4.15
calculator salariu brut net,0,129,2,4138,0%,3.12%,7.5,4.07
verifica rovinieta,0,125,2,4954,0%,2.52%,31.5,6.36
ancpi.ro,0,116,0,4631,0%,2.5%,0,5.99
cadastru ancpi,0,112,0,6065,0%,1.85%,0,6.43
e-terra ancpi,0,102,0,2836,0%,3.6%,0,6.93
myeterra ancpi,0,101,2,3160,0%,3.2%,9,8.02
cadastru blocat,0,100,0,4147,0%,2.41%,0,6.33
rovinieta online verificare,0,95,3,3602,0%,2.64%,51.67,5.63
ancpi login,0,93,0,4259,0%,2.18%,0,7.77
varsta pensionare femei 2026,0,90,0,1840,0%,4.89%,0,5.88
curs bnr azi,0,85,1,51231,0%,0.17%,7,7.3
ancpi cadastru,0,82,0,6180,0%,1.33%,0,6.24
geoportal ancpi numar cadastral,0,81,0,1038,0%,7.8%,0,3.38
cand se deblocheaza ancpi,0,71,0,883,0%,8.04%,0,3.4
calculator termene,0,70,0,1267,0%,5.52%,0,2.18
geoportal ancpi.ro,0,70,1,908,0%,7.71%,26,5.98
calculator vechime,0,70,0,472,0%,14.83%,0,5.92
ancpi status,0,70,2,419,0%,16.71%,1,3.19
calculator somaj 2026,0,63,0,613,0%,10.28%,0,2.54
site ancpi,0,62,0,954,0%,6.5%,0,5.01
extras carte funciara,0,60,3,2564,0%,2.34%,7,9.04
indemnizatie crestere copil 2026,0,58,0,1812,0%,3.2%,0,5.2
status ancpi,0,58,0,389,0%,14.91%,0,2.83
extras carte funciara online,0,55,0,2371,0%,2.32%,0,7.64
cadastru functioneaza,0,54,0,1469,0%,3.68%,0,5.19
anpci,0,52,0,2178,0%,2.39%,0,6.56
ocpi functioneaza,0,52,2,754,0%,6.9%,3,3.22
functioneaza ancpi,0,52,0,650,0%,8%,0,3.68
verificare rovinietă,0,50,1,1448,0%,3.45%,48,4.54
verificarea rovinieta,0,50,0,778,0%,6.43%,0,4.31
ancpi extras cf,0,48,0,2648,0%,1.81%,0,8.15
cand se da drumul la cadastru,0,48,0,1597,0%,3.01%,0,6.26
calculator salarii,0,47,1,5764,0%,0.82%,34,5.16
calculator impozit,0,47,0,603,0%,7.79%,0,4.24
extras de carte funciara online,0,46,0,2098,0%,2.19%,0,8.02
cand se da drumul la ancpi,0,44,0,637,0%,6.91%,0,3.35
amenda rovinieta 2026,0,43,2,1337,0%,3.22%,21,4.07
comunicat ancpi,0,43,0,793,0%,5.42%,0,5.55
situatie ancpi,0,43,0,531,0%,8.1%,0,5.15
carte funciara online,0,42,0,1882,0%,2.23%,0,7.32
calculator salariu brut,0,41,0,4475,0%,0.92%,0,4.76
ancpi e terra,0,41,0,683,0%,6%,0,6.71
ancpi functioneaza?,0,41,0,679,0%,6.04%,0,4
ancpi cand va functiona,0,40,0,940,0%,4.26%,0,3.76
noua varsta de pensionare,0,38,3,1092,0%,3.48%,32.67,9.15
punctul de pensie 2026,0,38,0,589,0%,6.45%,0,2.47
verificare valabilitate rovinieta,0,37,1,1417,0%,2.61%,12,5.94
eterra 3,0,36,0,3322,0%,1.08%,0,7.48
extras carte funciara gratuit,0,36,0,1448,0%,2.49%,0,7.89
ancpi update,0,36,0,735,0%,4.9%,0,4.86
eterra nu functioneaza,0,36,0,390,0%,9.23%,0,3.05
cum verific rovinieta,0,36,0,366,0%,9.84%,0,4.34
site cadastru,0,35,0,577,0%,6.07%,0,6.29
calcul termene judiciare,0,33,0,393,0%,8.4%,0,2.19
eterra public,0,32,1,1676,0%,1.91%,9,7.61
extras cf,0,32,2,1465,0%,2.18%,10,8.25
verificare rovineta,0,32,0,1147,0%,2.79%,0,5.97
deblocare cadastru,0,32,0,500,0%,6.4%,0,6.03
curs euro bnr azi,0,31,1,13243,0%,0.23%,7,7.19
cand revine ancpi,0,31,0,448,0%,6.92%,0,3.13
cazier rutier online,0,31,4,268,0%,11.57%,26,3.31
calculator vechime in muncă online,0,31,0,216,0%,14.35%,0,6.04
calcul salariu net,0,30,0,8967,0%,0.33%,0,6.98
ancpi blocat,0,30,0,717,0%,4.18%,0,5.98
localizare teren dupa numar cadastral,0,30,4,663,0%,4.52%,28.25,5.57
verificare rovinieta numar inmatriculare,0,30,1,579,0%,5.18%,12,7.31
cat este pensia pe caz de boala,0,29,2,709,0%,4.09%,2.5,3.73
am uitat cand expira rovinieta,0,29,2,581,0%,4.99%,26.5,5
simulare dosar pensionare,0,29,0,266,0%,10.9%,0,1.97
site ancpi nu functioneaza,0,29,0,235,0%,12.34%,0,2.02
reluare activitate ancpi,0,28,0,679,0%,4.12%,0,5.31
calculator puncte pensie,0,28,2,267,0%,10.49%,43.5,6.16
calculator dobanda legala penalizatoare,0,28,2,126,0%,22.22%,23,2.02
curs euro bnr,0,27,0,21316,0%,0.13%,0,9.1
eterra login,0,27,0,2116,0%,1.28%,0,6.87
verificare rovigneta,0,27,0,1737,0%,1.55%,0,6.39
calculator taxe notariale,0,27,2,901,0%,3%,18.5,6.13
sa dat drumul la cadastru,0,27,0,801,0%,3.37%,0,6.85
calculator tva 21,0,26,0,636,0%,4.09%,0,4.06
plata concediu medical 2026,0,26,0,274,0%,9.49%,0,3.56
deblocare ancpi,0,25,0,535,0%,4.67%,0,4.25
update ancpi,0,25,0,357,0%,7%,0,5.02
valoare punct pensie 2026,0,25,1,328,0%,7.62%,3,1.87
impozit auto calculator,0,25,0,150,0%,16.67%,0,2.65
calculator somaj,0,24,0,547,0%,4.39%,0,3.6
platforma ancpi,0,24,1,527,0%,4.55%,2,4.2
ancpi cand revine,0,24,0,451,0%,5.32%,0,3.65
ancpi nu functioneaza,0,24,0,172,0%,13.95%,0,2.88
calcul tva,0,23,0,2421,0%,0.95%,0,4.69
rovinieta verificare online,0,23,2,768,0%,2.99%,46.5,5.39
ancpi reluare activitate,0,23,0,630,0%,3.65%,0,4.45
cand se da drumul la cadastru?,0,23,0,95,0%,24.21%,0,5.2
imobile eterra,0,22,0,603,0%,3.65%,0,2.96
extras cf online gratuit,0,22,0,436,0%,5.05%,0,8.24
calculator vechime pentru pensionare,0,22,0,118,0%,18.64%,0,3.1
ancpi stiri de ultima ora,0,21,0,517,0%,4.06%,0,8.84
cand va functiona ancpi,0,21,0,460,0%,4.57%,0,4.27
cand isi revine ancpi,0,21,0,380,0%,5.53%,0,3.28
simulare calcul pensie,0,21,0,248,0%,8.47%,0,5.93
certificat de integritate comportamentala online gratuit,0,21,1,187,0%,11.23%,23,2.96
calcul somaj 2026,0,21,0,185,0%,11.35%,0,2.47
calcul vechime in munca pentru pensionare,0,21,0,165,0%,12.73%,0,4.3
myeterra,0,20,0,885,0%,2.26%,0,9.03
e terra functioneaza,0,20,0,468,0%,4.27%,0,5.51
varsta pensionare,0,20,0,463,0%,4.32%,0,8.96
termene judiciare,0,20,2,432,0%,4.63%,31.5,2.81
geoportal.ancpi.ro,0,20,0,268,0%,7.46%,0,6.49
calcul salariu brut,0,19,0,3299,0%,0.58%,0,5.11
ettera,0,19,0,1169,0%,1.63%,0,7.49
verificare rovinieta dupa numar aida,0,19,0,365,0%,5.21%,0,6.75
calculare impozit auto,0,19,1,139,0%,13.67%,5,2.55
calculator salariu net cu bonuri de masa,0,18,0,425,0%,4.24%,0,6.8
verificare rovinietă online,0,18,0,401,0%,4.49%,0,4.85
cat este pensia de invaliditate gradul 2,0,18,2,196,0%,9.18%,5,2.68
varsta pensionare barbati 2026,0,17,1,543,0%,3.13%,3,6.56
ancpi cand se deschide,0,17,0,281,0%,6.05%,0,7.26
ancpi e-terra,0,17,0,149,0%,11.41%,0,6.55
cautare numar cadastral,0,17,2,131,0%,12.98%,38,2.95
certificat constatator,0,16,3,2905,0%,0.55%,23.33,6.05
cazier online gratuit,0,16,1,866,0%,1.85%,30,7.74
eterra geoportal,0,16,0,702,0%,2.28%,0,6.89
ancpi cf online,0,16,1,628,0%,2.55%,1,8.16
ancpi extras online,0,16,0,620,0%,2.58%,0,6.53
cartea funciara online,0,16,0,389,0%,4.11%,0,6.76
ancpi azi,0,16,0,270,0%,5.93%,0,4.51
verificare rovinieta online dupa numar,0,16,0,252,0%,6.35%,0,5.06
cat este punctul de pensie in 2026,0,16,0,229,0%,6.99%,0,2.16
e ghiseul,0,16,1,165,0%,9.7%,4,2.66
funcționează ancpi,0,16,0,164,0%,9.76%,0,3.82
cand isi reia activitatea ancpi,0,16,0,60,0%,26.67%,0,5.13
curs bnr azi euro,0,15,0,4426,0%,0.34%,0,7.13
calculator salarii 2026,0,15,0,2326,0%,0.64%,0,9.86
ancpi cont,0,15,0,1025,0%,1.46%,0,8
geoportal eterra,0,15,2,747,0%,2.01%,65,7.09
epay ancpi ro login,0,15,0,747,0%,2.01%,0,8.14
verificare vigneta romania,0,15,0,651,0%,2.3%,0,5.34
ocpi,0,15,0,515,0%,2.91%,0,10.39
concedii medicale 2026,0,15,0,471,0%,3.18%,0,5.16
in cat timp vine amenda de rovinieta,0,15,2,261,0%,5.75%,24.5,4.09
calcul pensie,0,15,2,247,0%,6.07%,7,7.03
ancpi comunicate de presa,0,15,0,246,0%,6.1%,0,7.52
ancpi portal,0,15,0,232,0%,6.47%,0,3.77
cazier rutier,0,15,0,170,0%,8.82%,0,5.29
nr cadastral,0,15,0,120,0%,12.5%,0,3.45
ocpi extras cf online,0,15,0,115,0%,13.04%,0,7.26
calcul vechime in munca,0,15,0,92,0%,16.3%,0,8.02
calculator salariu brut 2026,0,14,0,1723,0%,0.81%,0,9.38
extras de carte funciara,0,14,4,800,0%,1.75%,21.5,8.83
ancpi extras carte funciara,0,14,0,719,0%,1.95%,0,7.78
cadastru,0,14,0,480,0%,2.92%,0,11.84
ancpi carte funciara,0,14,2,406,0%,3.45%,23.5,7.55
ancpi extras de carte funciara,0,14,0,379,0%,3.69%,0,7.68
functioneaza ancpi?,0,14,0,210,0%,6.67%,0,3.64
dobanda legala penalizatoare,0,14,2,197,0%,7.11%,41,1.57
e pay ancpi,0,14,0,155,0%,9.03%,0,6.65
calculator pensie cnas,0,14,0,146,0%,9.59%,0,3.77
calcul concediu medical iulie 2026,0,14,0,55,0%,25.45%,0,1.24
funcționează ocpi,0,14,0,52,0%,26.92%,0,3.67
curs bnr,0,13,0,4866,0%,0.27%,0,7.56
curs valutar bnr azi,0,13,0,3138,0%,0.41%,0,7.42
registrul proprietarilor,0,13,2,563,0%,2.31%,12.5,7.06
functioneaza cadastrul,0,13,0,497,0%,2.62%,0,5.65
blocaj ancpi,0,13,0,373,0%,3.49%,0,7.1
geoportalul ancpi,0,13,0,313,0%,4.15%,0,5.52
calcul termene,0,13,0,273,0%,4.76%,0,3.49
ancpi comunicat,0,13,0,268,0%,4.85%,0,5.51
tabel varsta pensionare anticipata barbati,0,13,0,233,0%,5.58%,0,9.05
praguri cass 2026,0,13,0,225,0%,5.78%,0,4.45
ancpi deblocat,0,13,0,219,0%,5.94%,0,4.32
ancpi situatie,0,13,0,173,0%,7.51%,0,5.55
calculator pensii,0,13,0,148,0%,8.78%,0,5.31
verificare rovinieta dupa numar fara serie sasiu,0,13,0,120,0%,10.83%,0,4.42
calcul dobanda legala penalizatoare,0,13,4,88,0%,14.77%,20.5,2.11
ancpi nu merge,0,13,0,74,0%,17.57%,0,2.85
cate puncte de pensie am calculator online,0,13,0,63,0%,20.63%,0,3.59
certificat constatator online,0,12,0,2890,0%,0.42%,0,6.25
ghiseul ro cazier judiciar online,0,12,1,627,0%,1.91%,54,6.25
agenția națională de cadastru și publicitate imobiliară,0,12,0,620,0%,1.94%,0,10.88
situatie cadastru,0,12,0,270,0%,4.44%,0,5.97
ghiseul.ro cazier auto,0,12,1,258,0%,4.65%,44,2.05
calcul impozit,0,12,0,157,0%,7.64%,0,2.45
geoportal ancpi imobile,0,12,0,132,0%,9.09%,0,7.05
calculator vechime pensie,0,12,0,79,0%,15.19%,0,3.65
verificare varsta pensionare,0,12,0,49,0%,24.49%,0,2.22
calculator pensie anticipata 2026,0,12,0,39,0%,30.77%,0,2.49
eterra.ancpi.ro,0,11,0,1815,0%,0.61%,0,7.61
pensionare,0,11,0,977,0%,1.13%,0,7.27
amcpi,0,11,0,510,0%,2.16%,0,6.74
cand se deschide ancpi,0,11,0,407,0%,2.7%,0,6.86
cand se deblocheaza cadastrul,0,11,1,316,0%,3.48%,8,5.06
cand se deblocheaza cadastru,0,11,0,239,0%,4.6%,0,5.14
calculator termene procedurale,0,11,0,168,0%,6.55%,0,2.51
cand porneste ancpi,0,11,0,164,0%,6.71%,0,5.1
punct pensie 2026,0,11,0,126,0%,8.73%,0,1.83
stare ancpi,0,11,0,110,0%,10%,0,3.15
cum se calculeaza salariul net,0,11,0,85,0%,12.94%,0,1.84
pensie invaliditate gradul 3,0,11,0,55,0%,20%,0,2.18
calculator cm 2026,0,11,0,31,0%,35.48%,0,2.74
calculator ccc 2026,0,11,1,27,0%,40.74%,6,1.52
calculator procente,0,10,0,2455,0%,0.41%,0,4.7
cat este pensia de handicap gradul 2,0,10,0,1057,0%,0.95%,0,7.28
calcul salariu net 2026,0,10,0,998,0%,1%,0,9
calculare salariu net,0,10,0,636,0%,1.57%,0,4.85
rovinietă verificare,0,10,0,350,0%,2.86%,0,5.53
extras cf ancpi,0,10,0,298,0%,3.36%,0,7.56
cand se deblocheaza cartea funciara,0,10,0,242,0%,4.13%,0,6.21
ancpi repornire,0,10,0,205,0%,4.88%,0,6.45
cartea funciara functioneaza,0,10,0,187,0%,5.35%,0,6.12
simulare pensie,0,10,0,161,0%,6.21%,0,9.8
myeterra.ancpi.ro,0,10,0,157,0%,6.37%,0,7.24
verificare rovinieta online dupa nr de inmatriculare,0,10,0,154,0%,6.49%,0,6.05
tabel varsta pensionare anticipata femei 2026,0,10,1,152,0%,6.58%,1,8.65
extras de carte funciara online gratis,0,10,0,147,0%,6.8%,0,7.86
geoportal.ancpi.ro harta,0,10,0,137,0%,7.3%,0,6.51
impozit autoutilitara,0,10,0,131,0%,7.63%,0,2.45
calculator concediu risc maternal,0,10,0,111,0%,9.01%,0,4.99
ancpi .ro,0,10,0,109,0%,9.17%,0,5.5
verificare numar cadastral,0,10,1,88,0%,11.36%,12,3.99
rovinieta ellenőrzés,0,10,0,76,0%,13.16%,0,4.07
vârsta de pensionare la femei,0,10,0,73,0%,13.7%,0,6
site ul ancpi nu functioneaza,0,10,0,66,0%,15.15%,0,1.92
verificare impozit auto,0,10,0,61,0%,16.39%,0,2.2
verificare rovinieta fără serie sasiu,0,10,0,58,0%,17.24%,0,4.52
ocpi probleme,0,10,0,38,0%,26.32%,0,4.61
calculator concediu risc maternal 2026,0,10,0,27,0%,37.04%,0,2.15
calcul procente,0,9,0,1146,0%,0.79%,0,4.55
la ce varsta ies femeile la pensie,0,9,2,514,0%,1.75%,2,9.87
ancpi epay,0,9,1,413,0%,2.18%,20,6.91
epay.ancpi.ro,0,9,0,321,0%,2.8%,0,7.48
eterra romania,0,9,1,280,0%,3.21%,10,9.08
cum verific daca am rovinieta,0,9,1,263,0%,3.42%,13,4.58
calcul dividende 2026,0,9,2,237,0%,3.8%,5,3.85
cand da drumul la cadastru,0,9,1,224,0%,4.02%,6,6.94
certificat integritate comportamentala,0,9,1,210,0%,4.29%,5,2.66
situatia ancpi,0,9,0,175,0%,5.14%,0,6.75
tabel varsta pensionare barbati 2026,0,9,0,162,0%,5.56%,0,5.46
tva 9%,0,9,0,141,0%,6.38%,0,5.07
pensionare anticipata femei,0,9,0,140,0%,6.43%,0,7.84
verificare rovinieta dupa nr de inmatriculare,0,9,0,138,0%,6.52%,0,5.7
impozit calculator,0,9,0,107,0%,8.41%,0,2.97
plafoane cass 2026,0,9,1,105,0%,8.57%,1,4.48
ancpi funcționează,0,9,0,101,0%,8.91%,0,4.37
ancpi actualizare,0,9,0,86,0%,10.47%,0,4.71
calcul pensie online,0,9,0,83,0%,10.84%,0,16.28
cand iesi la pensie dupa anul nasterii,0,9,0,59,0%,15.25%,0,3.02
cnpp varsta pensionare calculator,0,9,0,51,0%,17.65%,0,2.69
calcul pensie limita de varsta,0,9,1,39,0%,23.08%,10,2.77
calcul concediu medical iunie 2026,0,9,2,25,0%,36%,2,2
eterra ancpi ro,0,8,0,762,0%,1.05%,0,7.95
verificare rovinieta auto,0,8,0,742,0%,1.08%,0,6.42
calcul salariu net din brut,0,8,0,715,0%,1.12%,0,5.1
tva calculator,0,8,0,673,0%,1.19%,0,4.47
pensie handicap gradul 1 cu insotitor 2026,0,8,0,506,0%,1.58%,0,8.65
cat este pensia de handicap gradul 1,0,8,0,481,0%,1.66%,0,6.07
extrase cf online,0,8,1,460,0%,1.74%,14,7.22
calculator salariu complet,0,8,0,460,0%,1.74%,0,7.91
verificare amenda rovinieta,0,8,1,421,0%,1.9%,49,6.3
cat este pensia de handicap gradul 3,0,8,0,412,0%,1.94%,0,5.96
cadastru deblocat,0,8,0,375,0%,2.13%,0,6.09
ancpi functional,0,8,0,364,0%,2.2%,0,3.21
functioneaza eterra,0,8,0,297,0%,2.69%,0,4.33
epay.ancpi,0,8,0,237,0%,3.38%,0,6.09
e-terra.ro,0,8,2,203,0%,3.94%,7,6.6
calcul pensie anticipata,0,8,0,181,0%,4.42%,0,6.73
blocaj cadastru,0,8,0,178,0%,4.49%,0,7.95
valabilitate rovinieta dupa nr de inmatriculare,0,8,0,166,0%,4.82%,0,6.97
eterra online,0,8,0,165,0%,4.85%,0,6.75
pensie anticipata femei,0,8,3,155,0%,5.16%,6.33,6.9
noutati pensia de invaliditate,0,8,0,154,0%,5.19%,0,9.07
extras cf online ancpi,0,8,0,147,0%,5.44%,0,5.76
cand se reia activitatea la cadastru,0,8,0,144,0%,5.56%,0,6.35
pensionare femei 2026,0,8,0,139,0%,5.76%,0,5.47
blocaj la cadastru,0,8,0,133,0%,6.02%,0,6.73
site ancpi functioneaza,0,8,0,105,0%,7.62%,0,3.51
ancpi functioneaza ?,0,8,0,105,0%,7.62%,0,3.86
ancpi functionare,0,8,0,92,0%,8.7%,0,3.36
calculator pensie romania,0,8,1,91,0%,8.79%,3,6.67
calcul vechime pensie,0,8,0,82,0%,9.76%,0,4.51
impozit masina calculator,0,8,4,79,0%,10.13%,4.75,2.2
verificare cadastru,0,8,0,57,0%,14.04%,0,4.6
rovinieta érvényessége,0,8,0,56,0%,14.29%,0,4.29
ancpi 7 august,0,8,0,56,0%,14.29%,0,6.73
impozit auto 2026 euro 4,0,8,0,52,0%,15.38%,0,1.94
pensie calculator,0,8,0,50,0%,16%,0,4.94
calcul impozit masina,0,8,1,40,0%,20%,5,2.27
calculare impozit,0,8,0,34,0%,23.53%,0,2.15
impozit auto timisoara 2026,0,8,0,33,0%,24.24%,0,3.39
impozit masina romania,0,8,0,27,0%,29.63%,0,2.26
data iesire la pensie,0,8,2,25,0%,32%,2,2.32
calculator iesire pensie,0,8,0,17,0%,47.06%,0,2
calculator vârstă pensionare femei,0,8,3,16,0%,50%,3.33,1.94
zile lucratoare 2026,0,7,0,6545,0%,0.11%,0,7.77
eterra 3 autentificare,0,7,0,858,0%,0.82%,0,7.95
ghiseul.ro,0,7,0,737,0%,0.95%,0,6.91
ancpi ro,0,7,0,704,0%,0.99%,0,6.61
verificare vigneta,0,7,0,533,0%,1.31%,0,6.52
calculator dividende,0,7,0,504,0%,1.39%,0,5.46
când se dă drumul la cadastru,0,7,0,449,0%,1.56%,0,4.82
epay ancpi ro,0,7,0,430,0%,1.63%,0,7.58
ghiseul.ro cazier judiciar,0,7,2,382,0%,1.83%,67.5,5.57
eterra imobile,0,7,0,331,0%,2.11%,0,8.15
calculator taxe notariale succesiune,0,7,1,314,0%,2.23%,18,5.21
ancpi.,0,7,0,297,0%,2.36%,0,6.88
calcul salariu brut net,0,7,0,290,0%,2.41%,0,5.21
repornire ancpi,0,7,0,241,0%,2.9%,0,6.03
impozit motor 2.2,0,7,0,214,0%,3.27%,0,2.63
ancpi deblocare,0,7,0,212,0%,3.3%,0,4.85
la pensie,0,7,0,202,0%,3.47%,0,8.11
sistemul ancpi,0,7,0,201,0%,3.48%,0,5
verificare rovignieta,0,7,0,196,0%,3.57%,0,6.2
e terra geoportal,0,7,0,181,0%,3.87%,0,8.09
ancpi online harta,0,7,2,179,0%,3.91%,25,7.93
verificare rovinieta dupa serie sasiu,0,7,0,165,0%,4.24%,0,5.42
ancpi geoportal imobile,0,7,0,162,0%,4.32%,0,6.12
probleme ancpi,0,7,0,159,0%,4.4%,0,5.68
geoportal ancpi extras cf,0,7,0,157,0%,4.46%,0,6.32
calculare salariu brut,0,7,0,152,0%,4.61%,0,3.99
ancpi site,0,7,0,152,0%,4.61%,0,4.9
geoportal ancpi harta cadastrala prin satelit,0,7,1,149,0%,4.7%,11,8.4
cnpp cand ma pot pensiona,0,7,2,148,0%,4.73%,1,7.2
calculator tva 21 la suta,0,7,0,140,0%,5%,0,3.92
cum verifici rovinieta,0,7,0,139,0%,5.04%,0,4.78
ancpi blocaj,0,7,0,139,0%,5.04%,0,6.06
sa deblocat ancpi,0,7,0,135,0%,5.19%,0,3.84
pensie de invaliditate gradul 3 suma 2026,0,7,2,115,0%,6.09%,3.5,2.46
s-a deblocat ancpi,0,7,0,115,0%,6.09%,0,4.42
cass pfa 2026,0,7,1,114,0%,6.14%,5,5.02
sa dat drumul la ancpi,0,7,0,113,0%,6.19%,0,4.35
bytetobreach,0,7,0,106,0%,6.6%,0,14.5
geoportal ancpi ro,0,7,0,92,0%,7.61%,0,6.24
cat este somajul in 2026,0,7,0,84,0%,8.33%,0,1.83
verificat rovinieta,0,7,0,78,0%,8.97%,0,3.74
calculator vechime in munca 2026,0,7,0,77,0%,9.09%,0,7.57
nr cadastral harta,0,7,1,72,0%,9.72%,12,4.71
www myeterra ancpi ro,0,7,0,54,0%,12.96%,0,5.96
impozit masini,0,7,3,53,0%,13.21%,3.67,2.15
data pensionare,0,7,3,42,0%,16.67%,2,2.24
cum se calculează salariul net,0,7,0,41,0%,17.07%,0,2.32
simulare pensie 2026,0,7,1,36,0%,19.44%,5,2.69
site-ul ancpi nu functioneaza,0,7,0,28,0%,25%,0,2.07
in ce an ies la pensie,0,7,1,16,0%,43.75%,1,2.31
salariu brut net,0,6,0,2375,0%,0.25%,0,6.98
curs valutar,0,6,0,2293,0%,0.26%,0,9.43
taxa de succesiune pret,0,6,0,1108,0%,0.54%,0,8.63
calcul salariu,0,6,0,1000,0%,0.6%,0,7.21
eterra.ancpi,0,6,0,540,0%,1.11%,0,8.07
cazier judiciar online gratuit persoane fizice,0,6,0,423,0%,1.42%,0,8.66
geoportal,0,6,1,374,0%,1.6%,3,3.19
când se deblochează cadastrul,0,6,0,360,0%,1.67%,0,4.87
salariul mediu brut pe economie pentru calcul pensie 2026,0,6,0,338,0%,1.78%,0,8.75
tabel varsta pensionare barbati,0,6,0,337,0%,1.78%,0,7.64
calculator net brut,0,6,0,315,0%,1.9%,0,3.97
tva locuinte 2026,0,6,0,294,0%,2.04%,0,8
ghiseul ro rovinieta,0,6,0,285,0%,2.11%,0,4.89
cadastru online,0,6,0,282,0%,2.13%,0,9.15
cand se reia activitatea ancpi,0,6,0,277,0%,2.17%,0,5.19
oncpi,0,6,0,268,0%,2.24%,0,6.65
când se da drumul la cadastru,0,6,0,229,0%,2.62%,0,5.04
salariul mediu brut pe economie pentru calcul pensie,0,6,0,208,0%,2.88%,0,8.72
ancpo,0,6,0,199,0%,3.02%,0,6.92
cont ancpi,0,6,0,182,0%,3.3%,0,8.2
tva imobiliare 2026,0,6,0,173,0%,3.47%,0,7.62
ce pensie ai la 25 ani vechime,0,6,0,164,0%,3.66%,0,1.85
ancpi cf,0,6,0,162,0%,3.7%,0,7.22
tabel pensionare femei,0,6,0,148,0%,4.05%,0,6.27
extras de carte funciara gratuit,0,6,0,141,0%,4.26%,0,7.84
s-a dat drumul la cadastru,0,6,0,139,0%,4.32%,0,6.6
cnpp.ro varsta de pensionare,0,6,0,137,0%,4.38%,0,6.83
verificare istoric rovinieta,0,6,1,136,0%,4.41%,17,8.57
geoportal.ancpi,0,6,0,133,0%,4.51%,0,5.76
ancpi extras,0,6,0,124,0%,4.84%,0,8.73
calculator termene juridice,0,6,0,122,0%,4.92%,0,2.02
verificare rovinieta auto online,0,6,0,120,0%,5%,0,4.42
ortofotoplan ancpi,0,6,0,112,0%,5.36%,0,4.01
cand expira rovinieta,0,6,0,108,0%,5.56%,0,4.45
verificare taxa de drum,0,6,1,105,0%,5.71%,30,5.02
impozit motor,0,6,3,100,0%,6%,6.67,2.29
ancpi cand isi revine,0,6,0,99,0%,6.06%,0,4.55
myeterra ancpi login,0,6,0,99,0%,6.06%,0,6.01
cartea funciara nu functioneaza,0,6,0,94,0%,6.38%,0,3.59
e terra public,0,6,0,93,0%,6.45%,0,4.06
actualizare ancpi,0,6,0,93,0%,6.45%,0,5.18
calculator impozit casa 2026,0,6,0,91,0%,6.59%,0,3.82
e terra funcționează,0,6,0,91,0%,6.59%,0,5.71
situatia la cadastru,0,6,0,88,0%,6.82%,0,6.72
cat este somajul pe luna,0,6,0,88,0%,6.82%,0,14.16
ancpi noutati,0,6,0,87,0%,6.9%,0,9.14
myeterra ancpi ro,0,6,0,86,0%,6.98%,0,7.02
calcul vechime,0,6,1,85,0%,7.06%,2,7.75
verificarea rovinieta dupa numar,0,6,0,82,0%,7.32%,0,5.35
functioneaza cartea funciara,0,6,0,75,0%,8%,0,4.19
extract de carte funciara online,0,6,0,71,0%,8.45%,0,5.23
calculator termen judiciar,0,6,0,65,0%,9.23%,0,2.02
calculator cnpp,0,6,0,65,0%,9.23%,0,3.77
verificare rovinieta online fara serie sasiu,0,6,0,62,0%,9.68%,0,4.77
ancpi myeterra,0,6,0,60,0%,10%,0,7.53
valoare punct de pensie 2026,0,6,0,56,0%,10.71%,0,1.68
stadiu ancpi,0,6,0,55,0%,10.91%,0,6.84
cnpp calcul varsta pensionare,0,6,0,52,0%,11.54%,0,5.17
calcul impozit chirii 2026,0,6,0,43,0%,13.95%,0,5.05
simulator calcul pensie,0,6,0,43,0%,13.95%,0,5.91
ancpi termen,0,6,0,42,0%,14.29%,0,5.4
calculator de pensie,0,6,0,37,0%,16.22%,0,5.89
calculator impozit chirie 2026 online,0,6,0,34,0%,17.65%,0,5.44
calcul vechime in munca pentru pensionare 2026,0,6,0,32,0%,18.75%,0,3.16
calculare pensie 2026,0,6,0,29,0%,20.69%,0,2.07
calcul pensii 2026,0,6,0,22,0%,27.27%,0,2.68
calculator de pensii 2026,0,6,0,17,0%,35.29%,0,2.47
varsta de pensionare in functie de anul nasterii,0,6,0,15,0%,40%,0,3.8
impozit motor 3.5 benzina,0,6,0,14,0%,42.86%,0,2.07
impozit auto 2026 timisoara,0,6,0,13,0%,46.15%,0,3.69
calculator postnatal,0,6,0,13,0%,46.15%,0,4.46
calculator concediu de risc maternal,0,6,0,12,0%,50%,0,4.75
impozit auto romania 2026,0,6,1,11,0%,54.55%,16,1.91
calculator risc maternal 2026,0,6,0,11,0%,54.55%,0,2.36
onrc,0,5,4,6629,0%,0.08%,3.25,8.31
curs valutar bnr,0,5,0,3907,0%,0.13%,0,7.53
salariu net,0,5,1,2835,0%,0.18%,4,7.63
brut in net,0,5,0,2026,0%,0.25%,0,6.76
calculator salariu net 2026,0,5,0,1607,0%,0.31%,0,9.14
salariu net calcul,0,5,0,1339,0%,0.37%,0,5.62
punct amenda 2026,0,5,0,1112,0%,0.45%,0,6.79
cat e amenda de rovinieta,0,5,0,449,0%,1.11%,0,4.16
taxe notariale,0,5,0,426,0%,1.17%,0,8
salariu brut vs net,0,5,0,407,0%,1.23%,0,6.56
registrul proprietarilor ancpi,0,5,0,352,0%,1.42%,0,7.33
calculator salariu romania,0,5,0,325,0%,1.54%,0,3.95
calcul tva 21,0,5,0,318,0%,1.57%,0,3.86
concediu crestere copil 2026,0,5,0,309,0%,1.62%,0,6.65
ocpi blocat,0,5,0,255,0%,1.96%,0,6.05
verifica rovigneta,0,5,0,254,0%,1.97%,0,6.61
verificare carte funciara online,0,5,2,253,0%,1.98%,89.5,6.99
eterra functioneaza,0,5,0,247,0%,2.02%,0,5.01
calculator impozit dividende 2026,0,5,0,223,0%,2.24%,0,4.91
harta cadastrala online,0,5,0,213,0%,2.35%,0,8.18
sa deblocat cartea funciara,0,5,4,191,0%,2.62%,9.5,5.05
cat este pensia de handicap gradul 3 2026,0,5,0,187,0%,2.67%,0,4.62
extras carte funciara ancpi,0,5,0,186,0%,2.69%,0,7.68
calculator tva online,0,5,0,185,0%,2.7%,0,4.24
geoportal ancpi vizualizare imobile,0,5,0,169,0%,2.96%,0,8.02
ancpi servicii online,0,5,0,169,0%,2.96%,0,8.41
eliberare certificat constatator onrc,0,5,1,166,0%,3.01%,4,4.61
valabilitate rovinieta online,0,5,0,166,0%,3.01%,0,5.84
extras de carte funciara gratis,0,5,1,163,0%,3.07%,39,8.27
varsta de pensionare barbati 2026,0,5,0,162,0%,3.09%,0,7.36
tva 9 imobiliare,0,5,0,159,0%,3.14%,0,7.64
varsta de pensionare in romania,0,5,2,159,0%,3.14%,3,8.47
calcul somaj,0,5,0,146,0%,3.42%,0,4.94
pensie pe caz de boala,0,5,0,143,0%,3.5%,0,9.56
pensie anticipata femei 1967 cu penalizare,0,5,0,134,0%,3.73%,0,7.96
salariu brut net calculator,0,5,0,132,0%,3.79%,0,3.63
ancpi reluare,0,5,0,131,0%,3.82%,0,5.55
ancpi geoportal harta,0,5,0,116,0%,4.31%,0,6.65
cand va functiona cadastrul,0,5,0,113,0%,4.42%,0,6.53
site ul ancpi,0,5,0,110,0%,4.55%,0,4.95
cat la suta,0,5,0,110,0%,4.55%,0,5.14
epay ancpi.ro,0,5,0,110,0%,4.55%,0,7.57
verificare rovinieta nr auto,0,5,0,103,0%,4.85%,0,5.41
verificare rovinieta dupa numar inmatriculare,0,5,0,102,0%,4.9%,0,6.14
ancpi revine,0,5,0,101,0%,4.95%,0,3.11
calculator salariu concediu medical,0,5,0,101,0%,4.95%,0,4.96
cat e somajul in 2026,0,5,0,101,0%,4.95%,0,8.74
rovinieta online verificare valabilitate,0,5,1,95,0%,5.26%,47,5.59
geoportal ancpi imobile eterra,0,5,0,94,0%,5.32%,0,5.82
baza de calcul somaj,0,5,0,86,0%,5.81%,0,5.65
cum aflu daca am rovinieta,0,5,0,84,0%,5.95%,0,3.24
cadastru deblocare,0,5,0,84,0%,5.95%,0,6.37
impozit auto bucuresti,0,5,2,83,0%,6.02%,3,2.22
cand se redeschide cadastru,0,5,0,82,0%,6.1%,0,7.38
merge cadastru,0,5,0,81,0%,6.17%,0,7.93
impozite auto,0,5,1,80,0%,6.25%,3,2.38
s-a deblocat ancpi?,0,5,0,80,0%,6.25%,0,3.88
unde verific rovinieta,0,5,0,80,0%,6.25%,0,4.94
cadastru online harta,0,5,0,80,0%,6.25%,0,8.41
epayancpi,0,5,0,79,0%,6.33%,0,5.81
verificare robinieta,0,5,0,77,0%,6.49%,0,6.14
gov ancpi,0,5,0,77,0%,6.49%,0,6.82
imobil eterra,0,5,0,77,0%,6.49%,0,7.4
cand revine cadastrul,0,5,0,74,0%,6.76%,0,4.96
cartea funciara sa deblocat,0,5,0,66,0%,7.58%,0,4.35
rovinieta valabila verificare,0,5,0,66,0%,7.58%,0,4.76
pensie de boala 2026,0,5,0,65,0%,7.69%,0,2.94
pensionare femei,0,5,0,60,0%,8.33%,0,7.43
siteul ancpi,0,5,0,56,0%,8.93%,0,6.11
ancpi plan cadastral,0,5,0,55,0%,9.09%,0,3.02
cazier auto bucuresti,0,5,0,55,0%,9.09%,0,4.42
cat e punctul de pensie in 2026,0,5,0,53,0%,9.43%,0,1.94
cum se calculeaza punctul de pensie,0,5,0,53,0%,9.43%,0,3.66
cadastru geoportal ancpi,0,5,0,52,0%,9.62%,0,6.75
drpciv cazier auto,0,5,1,45,0%,11.11%,14,2.87
calculul pensiei 2026,0,5,1,44,0%,11.36%,1,2.55
calculator vechime cnpp,0,5,0,43,0%,11.63%,0,7.26
calculeaza impozit auto,0,5,2,42,0%,11.9%,7,2.1
ancpi informare,0,5,0,42,0%,11.9%,0,5.93
ghiseul ro cazier auto,0,5,0,41,0%,12.2%,0,2.29
functioneaza ocpi?,0,5,0,41,0%,12.2%,0,2.76
ocpi portal,0,5,0,39,0%,12.82%,0,4.56
login ancpi,0,5,0,36,0%,13.89%,0,7.11
pensie anticipata femei 1971,0,5,0,33,0%,15.15%,0,2.06
cat este netul din brut,0,5,0,33,0%,15.15%,0,2.42
calculator vechime online,0,5,0,33,0%,15.15%,0,8.06
numar cadastral harta,0,5,0,31,0%,16.13%,0,4.16
cum aflu daca mai am rovinieta,0,5,0,30,0%,16.67%,0,4.03
impozit auto cluj 2026,0,5,0,26,0%,19.23%,0,3.62
calculator pensie de stat online,0,5,0,25,0%,20%,0,6.96
verifica cadastru online,0,5,0,24,0%,20.83%,0,5.08
ancpi informatii,0,5,0,24,0%,20.83%,0,5.54
numar cadastru,0,5,0,22,0%,22.73%,0,3.27
calculator dobanda legala penalizatoare intre profesionisti,0,5,2,19,0%,26.32%,25.5,2.58
calcul medical,0,5,0,19,0%,26.32%,0,4.37
cum se calculeaza salariu net,0,5,0,18,0%,27.78%,0,2.33
calcul impozit masina 2026,0,5,0,17,0%,29.41%,0,2.06
impozit auto sibiu 2026,0,5,0,15,0%,33.33%,0,3.2
gasire teren dupa numar cadastral,0,5,0,14,0%,35.71%,0,5.29
calcul iesit la pensie,0,5,0,13,0%,38.46%,0,2
calculeaza impozit auto 2026,0,5,3,10,0%,50%,5.67,2.1
calculator pensie online 2026,0,5,0,9,0%,55.56%,0,2.78
varsta pensionare femei nascute in 1968,0,5,0,9,0%,55.56%,0,2.78
salariu net calculator,0,4,0,651,0%,0.61%,0,5.48
calculator salariu 2026,0,4,0,640,0%,0.62%,0,9.21
procent din suma,0,4,1,567,0%,0.71%,13,3.87
certificat de casatorie,0,4,2,492,0%,0.81%,40.5,6.78
constatator online,0,4,0,490,0%,0.82%,0,7.32
cnair verificare rovinieta,0,4,2,423,0%,0.95%,49,6.58
verificare vinieta,0,4,0,365,0%,1.1%,0,6.39
calcul brut net,0,4,0,336,0%,1.19%,0,6.2
cand se deschide cadastru,0,4,0,309,0%,1.29%,0,8.14
rovinieta valabilitate,0,4,0,296,0%,1.35%,0,9.56
calculator taxa de timbru,0,4,1,287,0%,1.39%,38,7
varsta pensionare romania,0,4,0,267,0%,1.5%,0,7.79
my eterra ancpi,0,4,0,258,0%,1.55%,0,5.49
obtinere cazier judiciar online,0,4,4,258,0%,1.55%,29.75,8.1
tabel cu boli pentru pensionare pe caz de boala 2026,0,4,0,246,0%,1.63%,0,9.93
functioneaza cadastru,0,4,0,234,0%,1.71%,0,5.06
calculator salarii iulie 2026,0,4,0,231,0%,1.73%,0,9.65
eterra ancpi.ro,0,4,0,219,0%,1.83%,0,7.25
https://eterra.ancpi.ro/,0,4,1,206,0%,1.94%,10,8.81
cadastru azi,0,4,0,198,0%,2.02%,0,6.63
s a dat drumul la cadastru,0,4,0,196,0%,2.04%,0,7.68
plafoane pfa 2026,0,4,0,189,0%,2.12%,0,3.66
sa deblocat cadastru,0,4,0,179,0%,2.23%,0,6.94
verifica rovineta,0,4,0,175,0%,2.29%,0,6.1
eliberare cazier online,0,4,3,175,0%,2.29%,20.33,7.02
ce salariu trebuie sa ai pentru un punct de pensie,0,4,0,170,0%,2.35%,0,7.34
calculator pensie anticipata cu penalizare,0,4,0,165,0%,2.42%,0,9.82
ancpi functioneaza azi,0,4,0,152,0%,2.63%,0,4.91
merge ancpi,0,4,0,143,0%,2.8%,0,5.19
site-ul ancpi,0,4,0,136,0%,2.94%,0,4.85
calculator ani luni zile,0,4,0,133,0%,3.01%,0,7.17
ocpi online,0,4,0,133,0%,3.01%,0,8.52
calculator salarii brut,0,4,0,115,0%,3.48%,0,4.3
impozit chirie persoana fizica 2026,0,4,0,112,0%,3.57%,0,7.29
ghiseul cazier,0,4,0,111,0%,3.6%,0,5.95
cum se calculeaza tva,0,4,0,108,0%,3.7%,0,6.17
anaf cazier fiscal online,0,4,2,108,0%,3.7%,87.5,9.05
ancpi este functional,0,4,0,107,0%,3.74%,0,2.88
calculator procente din suma,0,4,0,105,0%,3.81%,0,4.02
functionare ancpi,0,4,0,103,0%,3.88%,0,3.98
calcularea salariului net,0,4,0,102,0%,3.92%,0,3.47
calculator termen,0,4,0,101,0%,3.96%,0,2.21
contact ghiseul.ro,0,4,0,101,0%,3.96%,0,7.09
amenzi rovinieta,0,4,4,100,0%,4%,41.5,6.36
funcționează cadastru,0,4,0,98,0%,4.08%,0,6.55
anexa 5 legea pensiilor femei,0,4,0,97,0%,4.12%,0,1.55
sncpi,0,4,0,95,0%,4.21%,0,6.89
varsta pensionare barbati,0,4,0,94,0%,4.26%,0,8.61
verificare online rovinieta,0,4,2,93,0%,4.3%,43.5,5.86
extras multilingv certificat de nastere,0,4,0,89,0%,4.49%,0,5.37
la pensie.com 2026,0,4,0,87,0%,4.6%,0,3.57
e tera,0,4,0,86,0%,4.65%,0,6.91
cum verific rovineta,0,4,0,85,0%,4.71%,0,4.41
identificare teren dupa numar cadastral,0,4,0,85,0%,4.71%,0,5.39
e terra.ro,0,4,0,85,0%,4.71%,0,7.96
carte funciara online gratis,0,4,0,85,0%,4.71%,0,8.2
portal ocpi,0,4,0,84,0%,4.76%,0,4.94
concedii medicale iunie 2026,0,4,0,84,0%,4.76%,0,8.88
verifica rovinieta online dupa numar,0,4,0,83,0%,4.82%,0,5.23
verificare rovinietă auto,0,4,0,82,0%,4.88%,0,5.15
eancpi,0,4,0,81,0%,4.94%,0,6.72
ancpi remediere,0,4,0,78,0%,5.13%,0,4.64
amenda rovinieta persoana juridica,0,4,0,77,0%,5.19%,0,5.45
deblocare ocpi,0,4,0,77,0%,5.19%,0,6.58
extras de carte funciara online gratuit,0,4,0,76,0%,5.26%,0,8.38
ancpi funcționează?,0,4,0,73,0%,5.48%,0,4.15
vizualizare imobile ancpi,0,4,0,69,0%,5.8%,0,9.07
pensie femei 2026,0,4,0,67,0%,5.97%,0,5.31
ocpi nu functioneaza,0,4,0,66,0%,6.06%,0,1.94
sistem ancpi,0,4,0,66,0%,6.06%,0,4.85
calculator chirie 2026,0,4,0,65,0%,6.15%,0,4.63
cum scot cazier online,0,4,0,65,0%,6.15%,0,6.03
amenzi rovinieta 2026,0,4,1,64,0%,6.25%,89,3.92
când se dă drumul la ancpi,0,4,0,60,0%,6.67%,0,2.52
verificare rovinieta online romania,0,4,1,60,0%,6.67%,49,6.05
cand pot iesi la pensie anticipat,0,4,0,60,0%,6.67%,0,6.15
certificat de nastere european,0,4,3,59,0%,6.78%,25,6.47
calculator srl,0,4,0,59,0%,6.78%,0,10.58
taxe salariu,0,4,0,57,0%,7.02%,0,3.12
cum verific daca am rovinieta valabila,0,4,0,56,0%,7.14%,0,3.75
cand poti iesi la pensie anticipat,0,4,0,56,0%,7.14%,0,7.77
impozit auto galati,0,4,3,53,0%,7.55%,3,3
simulator pensie,0,4,0,52,0%,7.69%,0,6.13
program udriste cazier auto,0,4,0,51,0%,7.84%,0,3.08
verificare vinieta romania,0,4,0,49,0%,8.16%,0,5.33
geoportal cadastru,0,4,1,47,0%,8.51%,1,6.26
portal cadastru,0,4,0,47,0%,8.51%,0,7.83
vesti ancpi,0,4,0,45,0%,8.89%,0,4.73
cat costa reabilitarea cazierului,0,4,0,40,0%,10%,0,3.3
pensie invaliditate gradul 2,0,4,1,40,0%,10%,6,3.7
cautare teren dupa numar cadastral,0,4,0,39,0%,10.26%,0,4.72
cum se calculeaza pensia,0,4,0,39,0%,10.26%,0,9.1
certificat de integritate comportamentala cluj,0,4,0,38,0%,10.53%,0,3.21
cnpp calculator varsta pensionare,0,4,0,37,0%,10.81%,0,3.41
identificare teren dupa nr cadastral,0,4,0,37,0%,10.81%,0,5
termene judiciare calculator,0,4,0,36,0%,11.11%,0,2.08
impozit auto 2500 cmc,0,4,0,36,0%,11.11%,0,2.14
verificare rovinietă românia,0,4,0,36,0%,11.11%,0,4.94
calcul concedii medicale iunie 2026,0,4,0,35,0%,11.43%,0,1.66
ancpi cand functioneaza,0,4,0,35,0%,11.43%,0,3.77
cand imi expira rovinieta,0,4,1,35,0%,11.43%,22,4.49
calculator pensii online,0,4,0,35,0%,11.43%,0,6.09
cand se da drumul la ancpi?,0,4,0,34,0%,11.76%,0,3.59
verificare nr cadastral,0,4,0,34,0%,11.76%,0,3.82
portalul ancpi,0,4,0,33,0%,12.12%,0,2.61
casa de pensii calculator pensie,0,4,0,33,0%,12.12%,0,4
calcul dobanda penalizatoare,0,4,2,30,0%,13.33%,14.5,2.2
ancpi stare,0,4,0,30,0%,13.33%,0,3.67
calcul concedii medicale iulie 2026,0,4,0,29,0%,13.79%,0,2.07
ancpi atac cibernetic,0,4,0,29,0%,13.79%,0,17.97
casa de pensii calculator varsta pensionare,0,4,0,27,0%,14.81%,0,2.11
geo portal.ancpi.ro,0,4,0,27,0%,14.81%,0,6.44
calculator indemnizatie crestere copil 2026 online,0,4,0,26,0%,15.38%,0,1.81
taxe chirie 2026,0,4,0,26,0%,15.38%,0,2.96
cnpp varsta pensionare femei,0,4,0,26,0%,15.38%,0,5.46
impozit auto 2026 euro 3,0,4,1,24,0%,16.67%,1,2.08
nr cadastru,0,4,0,24,0%,16.67%,0,2.33
geoportal ancpi romania,0,4,0,24,0%,16.67%,0,6.25
700 lei brut in net,0,4,0,23,0%,17.39%,0,4.17
calcul punct pensie,0,4,0,23,0%,17.39%,0,5.78
cazier auto online ghiseul.ro,0,4,0,22,0%,18.18%,0,6.91
calcul cass dividende 2026,0,4,3,21,0%,19.05%,1,1.33
certificat de nastere international romania,0,4,0,21,0%,19.05%,0,3.1
cazierul auto,0,4,0,19,0%,21.05%,0,2.42
exemplu calcul pensie,0,4,0,19,0%,21.05%,0,3.58
calculator virsta de pensionare,0,4,0,19,0%,21.05%,0,5
la pensie calcul,0,4,0,15,0%,26.67%,0,3.53
cum se verifica rovineta,0,4,0,14,0%,28.57%,0,4.71
cand poti iesi la pensie in functie de anul nasterii,0,4,0,13,0%,30.77%,0,3.15
geoportal ancpi iasi,0,4,0,13,0%,30.77%,0,5.54
impozit pe salariu 2026,0,4,0,13,0%,30.77%,0,7.92
vârsta standard de pensionare pentru femei,0,4,0,12,0%,33.33%,0,1
prag cass dividende 2026,0,4,0,12,0%,33.33%,0,1.83
calculator pensie 2026 online,0,4,0,12,0%,33.33%,0,2.08