Cele mai populare pagini,23.08.2026 - 08.09.2026 Clicuri,01.08.2026 - 17.08.2026 Clicuri,23.08.2026 - 08.09.2026 Expuneri,01.08.2026 - 17.08.2026 Expuneri,23.08.2026 - 08.09.2026 CTR,01.08.2026 - 17.08.2026 CTR,23.08.2026 - 08.09.2026 Poziție,01.08.2026 - 17.08.2026 Poziție
https://eghiseul.ro/calculator/varsta-pensionare/,3603,7604,13465,111782,26.76%,6.8%,2.56,5.75
https://eghiseul.ro/calculator/calculator-impozit-auto/,2036,4051,8910,66594,22.85%,6.08%,2.99,3.84
https://eghiseul.ro/calculator/calculator-indemnizatie-crestere-copil/,1479,1852,9446,31143,15.66%,5.95%,4.2,5.07
https://eghiseul.ro/calculator/pensie-alimentara/,1180,1289,6291,12921,18.76%,9.98%,1.46,3.15
https://eghiseul.ro/calculator/pensie-invaliditate/,760,1476,3815,29291,19.92%,5.04%,2.18,5.56
https://eghiseul.ro/calculator/concediu-medical/,415,1288,1660,14222,25%,9.06%,2.65,4.53
https://eghiseul.ro/cum-aflam-numarul-carte-functionara-si-nr-cadastral/,360,1361,2630,21568,13.69%,6.31%,2.84,5.44
https://eghiseul.ro/tabel-varsta-pensionare-anticipata-femei/,325,1095,4086,30927,7.95%,3.54%,2.89,6.1
https://eghiseul.ro/calculator/dividende/,311,478,2875,12767,10.82%,3.74%,2,3.91
https://eghiseul.ro/,216,540,3291,28703,6.56%,1.88%,23.91,9.27
https://eghiseul.ro/anii-lucrati-in-strainatate-se-pun-la-pensie-in-romania/,116,226,833,8451,13.93%,2.67%,2.92,5.97
https://eghiseul.ro/calculator/tva/,97,537,3370,41243,2.88%,1.3%,3.06,4.76
https://eghiseul.ro/schimbare-certificat-de-nastere-vechi/,94,136,380,2235,24.74%,6.09%,1.81,5.58
https://eghiseul.ro/servicii/eliberare-certificat-de-nastere/,90,210,589,7235,15.28%,2.9%,6.69,8.54
https://eghiseul.ro/calculator/salariu/,69,1759,1301,211972,5.3%,0.83%,9.77,6.58
https://eghiseul.ro/calculator/estimare-pensie/,58,824,402,23790,14.43%,3.46%,2.83,3.79
https://eghiseul.ro/verificare-proprietar-imobil/,47,1667,449,39392,10.47%,4.23%,3.11,5.94
https://eghiseul.ro/ancpi-nu-functioneaza/,44,15164,527,566789,8.35%,2.68%,5.43,6.3
https://eghiseul.ro/calculator/dobanda-legala/,41,307,558,3443,7.35%,8.92%,8.14,3.05
https://eghiseul.ro/tools/verificare-rovinieta-online/,41,5714,259,163660,15.83%,3.49%,31.92,5.95
https://eghiseul.ro/valabilitate-extras-de-carte-funciara/,34,117,675,2569,5.04%,4.55%,1.86,3.8
https://eghiseul.ro/servicii/eliberare-certificat-de-casatorie/,31,68,219,2831,14.16%,2.4%,6.34,7.33
https://eghiseul.ro/servicii/eliberare-certificat-de-celibat/,30,82,156,1691,19.23%,4.85%,4.37,5.7
https://eghiseul.ro/calculator/impozit-chirie/,20,274,137,8902,14.6%,3.08%,16.72,4.99
https://eghiseul.ro/calculator/reabilitare/,19,58,99,2511,19.19%,2.31%,4.52,6.08
https://eghiseul.ro/calculator/calculator-procente/,14,232,1100,53093,1.27%,0.44%,4.14,5.9
https://eghiseul.ro/taxa-cazier-judiciar/,13,173,460,17354,2.83%,1%,6.83,7.27
https://eghiseul.ro/informatii-cazier-auto-online/,13,192,256,9166,5.08%,2.09%,3.5,5.51
https://eghiseul.ro/cum-vor-arata-documentele-de-stare-civila-2025/,13,70,243,1721,5.35%,4.07%,4.4,6.06
https://eghiseul.ro/calculator/impozit-pensie/,11,18,259,507,4.25%,3.55%,1.64,4.79
https://eghiseul.ro/servicii/cazier-auto-online/,11,248,171,5711,6.43%,4.34%,6.32,5.8
https://eghiseul.ro/servicii/extras-multilingv-certificat-nastere/,10,85,95,2224,10.53%,3.82%,3.36,5.71
https://eghiseul.ro/calculator/jugar-stanjen-in-mp/,10,17,49,1152,20.41%,1.48%,2.12,6.59
https://eghiseul.ro/calculator/vechime-in-munca/,9,209,17,1364,52.94%,15.32%,22.88,4.8
https://eghiseul.ro/calculator/taxa-judiciara-de-timbru/,8,111,331,5363,2.42%,2.07%,19.21,6.41
https://eghiseul.ro/amenda-rovinieta-2025-tarife-plata-online-ghid-complet/,7,462,565,23557,1.24%,1.96%,13.4,5.69
https://eghiseul.ro/servicii/cazier-judiciar-online/persoana-fizica/,6,0,213,272,2.82%,0%,1.4,22.93
https://eghiseul.ro/eliberare-certificat-constatator-onrc-ghid/,5,57,136,5557,3.68%,1.03%,4.11,8.66
https://eghiseul.ro/calculator/contributii-pfa/,4,242,363,17918,1.1%,1.35%,22.6,5.8
https://eghiseul.ro/servicii/,4,6,292,317,1.37%,1.89%,1.6,7.56
https://eghiseul.ro/cele-4-tipuri-de-certificat-constatator-online/,4,108,141,16133,2.84%,0.67%,3.23,5.95
https://eghiseul.ro/servicii/extras-de-carte-funciara/,4,878,116,35678,3.45%,2.46%,22.32,7.84
https://eghiseul.ro/servicii/identificare-imobile-proprietar/,4,46,60,802,6.67%,5.74%,6.32,5.85
https://eghiseul.ro/extras-carte-funciara-gratuit/,4,391,38,10483,10.53%,3.73%,5.71,7.77
https://eghiseul.ro/calculator/taxe-notariale/,3,128,353,8380,0.85%,1.53%,64.84,7.84
https://eghiseul.ro/servicii/cazier-judiciar-online/,3,95,333,10216,0.9%,0.93%,4.96,8.78
https://eghiseul.ro/calculator/termene-judiciare/,3,528,137,10675,2.19%,4.95%,9.48,3.65
https://eghiseul.ro/servicii/identificare-imobil/,3,104,20,2290,15%,4.54%,9.5,7.63
https://eghiseul.ro/servicii/cazier-fiscal-online/,2,91,43,4830,4.65%,1.88%,48.42,8.48
https://eghiseul.ro/cazier-si-certificat-de-integritate-pentru-profesori/,2,2,27,60,7.41%,3.33%,2.56,6.27
https://eghiseul.ro/calculator/amenda-circulatie/,1,108,173,16319,0.58%,0.66%,2.58,6.36
https://eghiseul.ro/cat-costa-cadastrul-si-intabularea/,1,71,59,5255,1.69%,1.35%,3.81,7.45
https://eghiseul.ro/calculator/indemnizatie-somaj/,1,250,51,8193,1.96%,3.05%,3.02,5.78
https://eghiseul.ro/totul-despre-cartea-funciara-colectiva/,1,14,47,3089,2.13%,0.45%,4.13,10.34
https://eghiseul.ro/servicii/rovinieta-online/,1,10,46,733,2.17%,1.36%,22.43,7.85
https://eghiseul.ro/calculator/cost-cadastru-intabulare/,1,19,43,1127,2.33%,1.69%,2.91,6.69
https://eghiseul.ro/calculator/,1,8,39,252,2.56%,3.17%,4.87,4.92
https://eghiseul.ro/cat-poti-construi-pe-teren/,1,17,28,547,3.57%,3.11%,2.82,5.59
https://eghiseul.ro/calculator/calculator-data/,1,62,18,15344,5.56%,0.4%,3.44,7.61
https://eghiseul.ro/calculator/varsta-pensionare,1,0,13,11,7.69%,0%,2.15,1.45
https://eghiseul.ro/servicii/extras-de-carte-funciara/dolj/,1,1,10,33,10%,3.03%,2.2,4.48
https://eghiseul.ro/servicii/cazier-judiciar-online/ramnicu-valcea/,1,6,8,160,12.5%,3.75%,10.88,5.26
https://eghiseul.ro/calculator/zile-concediu-odihna/,1,0,3,33,33.33%,0%,5.33,5.88
https://eghiseul.ro/calculator/spor-salarial/,1,5,2,131,50%,3.82%,1,5.2
https://eghiseul.ro/servicii/copie-carte-funciara/,1,7,2,332,50%,2.11%,5,7.95
https://eghiseul.ro/servicii/copie-intabulare/,1,0,1,25,100%,0%,1,7.16
https://eghiseul.ro/calculator/inflatie/,1,1,1,72,100%,1.39%,2,6.43
https://eghiseul.ro/contact/,0,80,298,7033,0%,1.14%,2.38,5.06
https://eghiseul.ro/blog/,0,4,268,349,0%,1.15%,1.93,6.31
https://eghiseul.ro/politica-cookies/,0,1,191,411,0%,0.24%,1.87,9.78
https://eghiseul.ro/servicii/cazier-judiciar-online/persoana-juridica/,0,0,92,213,0%,0%,6.92,24.77
https://eghiseul.ro/ghid-complet-certificat-de-integritate-comportamentala/,0,163,75,7149,0%,2.28%,5.44,3.45
https://eghiseul.ro/politica-de-anulare/,0,1,73,39,0%,2.56%,2.05,5.67
https://eghiseul.ro/servicii/certificat-constatator-online/,0,14,52,1577,0%,0.89%,21.21,14.32
https://eghiseul.ro/calculator/impozit-casa/,0,55,41,1684,0%,3.27%,17.59,6.14
https://eghiseul.ro/servicii/actualizare-adresa-cf/,0,27,37,970,0%,2.78%,30.19,11.14
https://eghiseul.ro/importanta-extras-de-carte-funciara-colectiva/,0,1,34,352,0%,0.28%,3.15,9.84
https://eghiseul.ro/calculator/diurna/,0,2,28,75,0%,2.67%,44.36,6.43
https://eghiseul.ro/termeni-si-conditii/,0,0,25,76,0%,0%,2.72,9.11
https://eghiseul.ro/servicii/cazier-judiciar-online/iasi/,0,2,25,155,0%,1.29%,20.32,7.73
https://eghiseul.ro/calculator/concediu-maternitate/,0,15,21,281,0%,5.34%,15.76,5.45
https://eghiseul.ro/servicii/cazier-judiciar-online/constanta/,0,1,19,69,0%,1.45%,22.53,7.29
https://eghiseul.ro/apostila-de-la-haga-ghid-acte-obtinere/,0,7,17,907,0%,0.77%,43.29,10.04
https://eghiseul.ro/ce-este-un-releveu/,0,9,17,519,0%,1.73%,75.88,6.96
https://eghiseul.ro/servicii/extras-plan-cadastral/,0,41,16,1455,0%,2.82%,44.5,6.73
https://eghiseul.ro/servicii/cazier-judiciar-online/satu-mare/,0,0,14,30,0%,0%,15.21,5.3
https://eghiseul.ro/servicii/certificat-de-integritate-comportamentala/,0,6,12,1772,0%,0.34%,9.17,8.28
https://eghiseul.ro/servicii/extras-multilingv-certificat-casatorie/,0,15,12,402,0%,3.73%,12.67,6.74
https://eghiseul.ro/cazier-judiciar-vs-certificat-integritate-comportamentala/,0,16,12,3283,0%,0.49%,14.42,7.42
https://eghiseul.ro/calculator/credit-ipotecar/,0,2,11,457,0%,0.44%,10.27,18.76
https://eghiseul.ro/certificat-de-nastere-pentru-buletin-pasaport/,0,10,11,907,0%,1.1%,15,6.52
https://eghiseul.ro/rolul-si-atributiile-onrc-romania/,0,8,11,7877,0%,0.1%,17.64,8.58
https://eghiseul.ro/extras-de-carte-funciara-pentru-casa-verde/,0,2,10,149,0%,1.34%,2.7,5.56
https://eghiseul.ro/calculator/penalitati-anaf/,0,10,10,202,0%,4.95%,5.9,5.45
https://eghiseul.ro/servicii/cazier-judiciar-online/piatra-neamt/,0,7,10,138,0%,5.07%,18,5.62
https://eghiseul.ro/curs-valutar/,0,256,10,138951,0%,0.18%,34.5,8.04
https://eghiseul.ro/servicii/certificat-urbanism-informare/,0,7,10,261,0%,2.68%,78,16.68
https://eghiseul.ro/calculator/grad-indatorare/,0,1,9,196,0%,0.51%,1.67,4.71
https://eghiseul.ro/servicii/certificat-sarcini/,0,5,9,266,0%,1.88%,5.56,5.05
https://eghiseul.ro/calculator/cat-pot-construi/,0,19,9,1093,0%,1.74%,5.67,5.6
https://eghiseul.ro/servicii/extras-de-carte-funciara/brasov/,0,9,9,339,0%,2.65%,7,14.49
https://eghiseul.ro/servicii/extras-de-carte-funciara/tulcea/,0,5,9,42,0%,11.9%,8.78,7.52
https://eghiseul.ro/servicii/plan-amplasament-delimitare/,0,24,9,1066,0%,2.25%,14.78,7.72
https://eghiseul.ro/calculator/valabilitate-documente/,0,3,8,1551,0%,0.19%,2.88,8.22
https://eghiseul.ro/duplicat-certificat-de-casatorie/,0,8,8,261,0%,3.07%,5.62,6.51
https://eghiseul.ro/tva-9-locuinte-31-iulie-2026/,0,116,6,5589,0%,2.08%,7.83,5.87
https://eghiseul.ro/radiere-firma-srl-ghid/,0,16,5,544,0%,2.94%,25,6.08
https://eghiseul.ro/cazier-fiscal-firma/,0,10,5,559,0%,1.79%,27.2,8.57
https://eghiseul.ro/servicii/extras-de-carte-funciara/buzau/,0,0,4,15,0%,0%,1.75,4.27
https://eghiseul.ro/servicii/extras-de-carte-funciara/braila/,0,7,4,117,0%,5.98%,3.5,7.41
https://eghiseul.ro/gdpr/,0,0,4,17,0%,0%,3.75,4
https://eghiseul.ro/verificare-cazier-fiscal/,0,7,4,387,0%,1.81%,4,13.32
https://eghiseul.ro/servicii/extras-de-carte-funciara/satu-mare/,0,4,4,80,0%,5%,5,4.35
https://eghiseul.ro/servicii/extras-de-carte-funciara/suceava/,0,1,4,5,0%,20%,5,5.6
https://eghiseul.ro/sms-fals-amenda-ghiseul-ro/,0,0,4,9,0%,0%,16.75,7.11
https://eghiseul.ro/categorii_servicii/persoane-fizice/page/2/,0,0,3,0,0%,0%,5.67,0
https://eghiseul.ro/servicii/extras-de-carte-funciara/cluj/,0,0,3,96,0%,0%,36,7.7
https://eghiseul.ro/certificat-de-nastere-din-strainatate/,0,4,2,177,0%,2.26%,1,6.92
https://eghiseul.ro/cum-aflam-numarul-carte-functionara-nr-cadastral/,0,0,2,0,0%,0%,1,0
https://eghiseul.ro/servicii/extras-de-carte-funciara/bucuresti/,0,2,2,53,0%,3.77%,1,6.55
https://eghiseul.ro/servicii/copie-inventar-coordonate/,0,1,2,25,0%,4%,1.5,5.36
https://eghiseul.ro/servicii/extras-de-carte-funciara/iasi/,0,1,2,42,0%,2.38%,1.5,5.6
https://eghiseul.ro/comanda/extras-carte-funciara,0,0,2,1,0%,0%,5,10
https://eghiseul.ro/servicii/extras-de-carte-funciara/valcea/,0,1,2,49,0%,2.04%,5.5,11.08
https://eghiseul.ro/calculator/taxe-srl/,0,34,2,1474,0%,2.31%,6,18.22
https://eghiseul.ro/servicii/extras-de-carte-funciara/sibiu/,0,1,2,60,0%,1.67%,7,4.55
https://eghiseul.ro/category/informatii-utile/page/2/,0,0,2,0,0%,0%,9.5,0
https://eghiseul.ro/calculator/zile-lucratoare/,0,45,2,20349,0%,0.22%,10.5,8.72
https://eghiseul.ro/politica-de-confidentialitate/,0,0,2,94,0%,0%,86,7.44
https://eghiseul.ro/calculator/calculator-impozit-auto,0,0,1,0,0%,0%,1,0
https://eghiseul.ro/servicii/copie-contract-vanzare/,0,1,1,74,0%,1.35%,1,5.27
https://eghiseul.ro/acte-necesare-casatorie/,0,1,1,258,0%,0.39%,2,10.29
https://eghiseul.ro/ce-este-planul-cadastral/,0,3,1,61,0%,4.92%,2,4.9
https://eghiseul.ro/certificat-de-nastere-pierdut/,0,0,1,130,0%,0%,2,9.44
https://eghiseul.ro/certificat-de-celibat-pentru-casatorie-in-strainatate/,0,0,1,35,0%,0%,3,4.29
https://eghiseul.ro/model-certificat-de-casatorie/,0,0,1,18,0%,0%,3,4.72
https://eghiseul.ro/servicii/certificat-detineri-imobile/,0,0,1,3,0%,0%,4,6
https://eghiseul.ro/servicii/extras-de-carte-funciara/giurgiu/,0,0,1,6,0%,0%,5,4.33
https://eghiseul.ro/cazier-fiscal-fara-spv/,0,27,1,818,0%,3.3%,10,10.95
https://eghiseul.ro/cazier-fiscal-persoana-fizica/,0,12,1,1085,0%,1.11%,10,9.55
https://eghiseul.ro/servicii/cazier-judiciar-online/focsani/,0,3,1,145,0%,2.07%,10,5.69
https://eghiseul.ro/servicii/extras-de-carte-funciara/bistrita-nasaud/,0,0,1,23,0%,0%,10,12.91
https://eghiseul.ro/transcriere-certificat-de-nastere/,0,2,1,41,0%,4.88%,64,7.76
https://eghiseul.ro/duplicat-certificat-de-nastere/,0,5,0,142,0%,3.52%,0,8.37
https://eghiseul.ro/calculator/rambursare-anticipata/,0,4,0,208,0%,1.92%,0,6
https://eghiseul.ro/valabilitate-certificat-de-celibat/,0,3,0,36,0%,8.33%,0,4.47
https://eghiseul.ro/servicii/copie-arhiva-ocpi/,0,2,0,54,0%,3.7%,0,5.48
https://eghiseul.ro/servicii/extras-de-carte-funciara/arad/,0,2,0,52,0%,3.85%,0,5.21
https://eghiseul.ro/servicii/copie-releveu/,0,2,0,35,0%,5.71%,0,5.49
https://eghiseul.ro/servicii/extras-de-carte-funciara/alba/,0,2,0,19,0%,10.53%,0,5.68
https://eghiseul.ro/certificat-constatator-pentru-licitatie/,0,2,0,14,0%,14.29%,0,4.93
https://eghiseul.ro/servicii/cazier-judiciar-online/timisoara/,0,1,0,213,0%,0.47%,0,8.46
https://eghiseul.ro/servicii/cazier-judiciar-online/cluj-napoca/,0,1,0,29,0%,3.45%,0,8.17
https://eghiseul.ro/calculator/concediu-paternal/,0,1,0,25,0%,4%,0,4.52
https://eghiseul.ro/certificat-constatator-pentru-banca/,0,1,0,22,0%,4.55%,0,7.09
https://eghiseul.ro/servicii/extras-de-carte-funciara/ilfov/,0,1,0,19,0%,5.26%,0,5.68
https://eghiseul.ro/servicii/extras-cf-colectiv/,0,1,0,13,0%,7.69%,0,6.23
https://eghiseul.ro/servicii/extras-de-carte-funciara/vrancea/,0,1,0,10,0%,10%,0,6.8
https://eghiseul.ro/comanda/status/,0,1,0,2,0%,50%,0,2
https://eghiseul.ro/acte-necesare-certificat-de-nastere/,0,0,0,246,0%,0%,0,8.67
https://eghiseul.ro/certificat-constatator-cu-istoric/,0,0,0,54,0%,0%,0,16.89
https://eghiseul.ro/certificat-de-celibat/,0,0,0,46,0%,0%,0,7.54
https://eghiseul.ro/servicii/extras-de-carte-funciara/constanta/,0,0,0,35,0%,0%,0,9.71
https://eghiseul.ro/servicii/copie-plan-incadrare/,0,0,0,18,0%,0%,0,6.11
https://eghiseul.ro/servicii/extras-de-carte-funciara/timis/,0,0,0,15,0%,0%,0,7.73
https://eghiseul.ro/servicii/copie-plan-cadastral/,0,0,0,13,0%,0%,0,6.08
https://eghiseul.ro/servicii/extras-de-carte-funciara/maramures/,0,0,0,12,0%,0%,0,5.75
https://eghiseul.ro/servicii/extras-de-carte-funciara/mures/,0,0,0,12,0%,0%,0,5.92
https://eghiseul.ro/servicii/extras-de-carte-funciara/dambovita/,0,0,0,11,0%,0%,0,4.73
https://eghiseul.ro/certificat-constatator-pentru-fonduri-europene/,0,0,0,11,0%,0%,0,9.18
https://eghiseul.ro/servicii/extras-de-carte-funciara/salaj/,0,0,0,11,0%,0%,0,18.73
https://eghiseul.ro/servicii/extras-de-carte-funciara/prahova/,0,0,0,10,0%,0%,0,6.7
https://eghiseul.ro/servicii/extras-de-carte-funciara/mehedinti/,0,0,0,8,0%,0%,0,6.75
https://eghiseul.ro/servicii/extras-de-carte-funciara/olt/,0,0,0,8,0%,0%,0,7
https://eghiseul.ro/inregistrare-nastere-copil-nou-nascut/,0,0,0,8,0%,0%,0,7.62
https://eghiseul.ro/certificat-constatator-pentru-notar/,0,0,0,6,0%,0%,0,2.33
https://eghiseul.ro/servicii/extras-de-carte-funciara/botosani/,0,0,0,6,0%,0%,0,6.5
https://eghiseul.ro/servicii/extras-de-carte-funciara/neamt/,0,0,0,5,0%,0%,0,4
https://eghiseul.ro/servicii/extras-de-carte-funciara/calarasi/,0,0,0,5,0%,0%,0,6
https://eghiseul.ro/servicii/extras-de-carte-funciara/covasna/,0,0,0,4,0%,0%,0,4.75
https://eghiseul.ro/servicii/extras-de-carte-funciara/caras-severin/,0,0,0,4,0%,0%,0,5.75
https://eghiseul.ro/wp-content/uploads/2024/02/Contract-Prestari-Servicii-eGhiseul-1.pdf,0,0,0,3,0%,0%,0,40
https://eghiseul.ro/comanda/copie-inventar-coordonate/,0,0,0,2,0%,0%,0,5.5
https://eghiseul.ro/servicii/extras-de-carte-funciara/harghita/,0,0,0,2,0%,0%,0,8
https://eghiseul.ro/category/informatii-utile/certificat-constatator/,0,0,0,2,0%,0%,0,10
https://eghiseul.ro/wp-content/uploads/2025/03/Contract-Prestari-Servicii-SITE-INCARCAT.pdf,0,0,0,2,0%,0%,0,49
https://eghiseul.ro/calculator/impozit-chirie/income-tax/,0,0,0,1,0%,0%,0,1
https://eghiseul.ro/comanda/actualizare-adresa-cf/,0,0,0,1,0%,0%,0,1
https://eghiseul.ro/comanda/extras-cf-colectiv/,0,0,0,1,0%,0%,0,3